serie,baseline,recorte,horizonte,n,mape_pct,mae_mwmed,vies_mwmed,vies_pct
original,sazonal_ingenuo,todas_as_origens,1,96,2.9177,1063.2269,-329.6811,-0.8322
original,sazonal_ingenuo,todas_as_origens,2,96,2.9177,1063.2269,-329.6811,-0.8322
original,sazonal_ingenuo,todas_as_origens,3,96,2.9177,1063.2269,-329.6811,-0.8322
original,sazonal_ingenuo,todas_as_origens,4,96,2.9177,1063.2269,-329.6811,-0.8322
original,sazonal_ingenuo,todas_as_origens,5,96,2.9177,1063.2269,-329.6811,-0.8322
original,sazonal_ingenuo,todas_as_origens,6,96,2.9177,1063.2269,-329.6811,-0.8322
original,sazonal_ingenuo,todas_as_origens,7,96,2.9177,1063.2269,-329.6811,-0.8322
original,sazonal_ingenuo,todas_as_origens,8,96,2.9177,1063.2269,-329.6811,-0.8322
original,sazonal_ingenuo,todas_as_origens,9,96,2.9177,1063.2269,-329.6811,-0.8322
original,sazonal_ingenuo,todas_as_origens,10,96,2.9177,1063.2269,-329.6811,-0.8322
original,sazonal_ingenuo,todas_as_origens,11,96,2.9177,1063.2269,-329.6811,-0.8322
original,sazonal_ingenuo,todas_as_origens,12,96,2.9177,1063.2269,-329.6811,-0.8322
original,sazonal_ingenuo,todas_as_origens,geral,1152,2.9177,1063.2269,-329.6811,-0.8322
original,sazonal_ingenuo,origem_dezembro,1,8,5.3623,2074.7353,-915.9525,-2.1617
original,sazonal_ingenuo,origem_dezembro,2,8,3.2667,1282.5114,-449.656,-1.0776
original,sazonal_ingenuo,origem_dezembro,3,8,3.3904,1287.1885,-503.3526,-1.2772
original,sazonal_ingenuo,origem_dezembro,4,8,3.6731,1331.3755,-377.9505,-0.9597
original,sazonal_ingenuo,origem_dezembro,5,8,3.3115,1137.5357,-312.0991,-0.8274
original,sazonal_ingenuo,origem_dezembro,6,8,1.9865,660.8446,-208.2498,-0.5926
original,sazonal_ingenuo,origem_dezembro,7,8,2.1445,716.429,-65.3475,-0.1647
original,sazonal_ingenuo,origem_dezembro,8,8,1.5094,515.8622,64.9568,0.202
original,sazonal_ingenuo,origem_dezembro,9,8,2.1751,776.1783,-233.1608,-0.623
original,sazonal_ingenuo,origem_dezembro,10,8,3.5041,1278.2034,-436.2813,-1.1286
original,sazonal_ingenuo,origem_dezembro,11,8,2.0341,726.4352,-293.3505,-0.7871
original,sazonal_ingenuo,origem_dezembro,12,8,2.655,971.4242,-225.7292,-0.5893
original,sazonal_ingenuo,origem_dezembro,geral,96,2.9177,1063.2269,-329.6811,-0.8322
original,sazonal_crescimento,todas_as_origens,1,96,3.0384,1098.9274,71.3726,0.2813
original,sazonal_crescimento,todas_as_origens,2,96,3.1742,1146.9811,77.6757,0.303
original,sazonal_crescimento,todas_as_origens,3,96,3.2,1154.5646,80.7536,0.3144
original,sazonal_crescimento,todas_as_origens,4,96,3.2281,1162.5904,83.6856,0.3248
original,sazonal_crescimento,todas_as_origens,5,96,3.3465,1202.6081,89.2439,0.3431
original,sazonal_crescimento,todas_as_origens,6,96,3.4126,1224.9431,93.7783,0.3581
original,sazonal_crescimento,todas_as_origens,7,96,3.4076,1224.2571,98.695,0.3732
original,sazonal_crescimento,todas_as_origens,8,96,3.4328,1234.9206,106.2361,0.3949
original,sazonal_crescimento,todas_as_origens,9,96,3.5235,1269.5087,116.5797,0.4252
original,sazonal_crescimento,todas_as_origens,10,96,3.623,1306.9822,127.5435,0.4578
original,sazonal_crescimento,todas_as_origens,11,96,3.63,1309.7212,138.6276,0.4896
original,sazonal_crescimento,todas_as_origens,12,96,3.6118,1301.965,154.535,0.5344
original,sazonal_crescimento,todas_as_origens,geral,1152,3.3857,1219.8308,103.2272,0.3833
original,sazonal_crescimento,origem_dezembro,1,8,5.6365,2149.6283,-473.9192,-0.9861
original,sazonal_crescimento,origem_dezembro,2,8,4.717,1842.798,11.5465,0.143
original,sazonal_crescimento,origem_dezembro,3,8,3.8708,1461.8723,-60.6382,-0.1111
original,sazonal_crescimento,origem_dezembro,4,8,3.9069,1405.0833,44.5171,0.2172
original,sazonal_crescimento,origem_dezembro,5,8,4.7115,1607.3891,99.9677,0.411
original,sazonal_crescimento,origem_dezembro,6,8,3.4897,1154.9428,188.631,0.6321
original,sazonal_crescimento,origem_dezembro,7,8,3.5002,1164.5385,331.8414,1.0471
original,sazonal_crescimento,origem_dezembro,8,8,2.9958,1024.8411,477.2174,1.4064
original,sazonal_crescimento,origem_dezembro,9,8,3.3549,1193.6532,191.0633,0.5759
original,sazonal_crescimento,origem_dezembro,10,8,4.0806,1485.6163,-4.1144,0.0513
original,sazonal_crescimento,origem_dezembro,11,8,2.7625,984.8966,127.9219,0.3912
original,sazonal_crescimento,origem_dezembro,12,8,3.1628,1152.1996,203.6115,0.5862
original,sazonal_crescimento,origem_dezembro,geral,96,3.8491,1385.6216,94.8038,0.3637
ajustada,sazonal_ingenuo,todas_as_origens,1,12,3.0549,1242.8491,-806.3983,-1.9398
ajustada,sazonal_ingenuo,todas_as_origens,2,12,3.0549,1242.8491,-806.3983,-1.9398
ajustada,sazonal_ingenuo,todas_as_origens,3,12,3.0549,1242.8491,-806.3983,-1.9398
ajustada,sazonal_ingenuo,todas_as_origens,4,12,3.0549,1242.8491,-806.3983,-1.9398
ajustada,sazonal_ingenuo,todas_as_origens,5,12,3.0549,1242.8491,-806.3983,-1.9398
ajustada,sazonal_ingenuo,todas_as_origens,6,12,3.0549,1242.8491,-806.3983,-1.9398
ajustada,sazonal_ingenuo,todas_as_origens,7,12,3.0549,1242.8491,-806.3983,-1.9398
ajustada,sazonal_ingenuo,todas_as_origens,8,12,3.0549,1242.8491,-806.3983,-1.9398
ajustada,sazonal_ingenuo,todas_as_origens,9,12,3.0549,1242.8491,-806.3983,-1.9398
ajustada,sazonal_ingenuo,todas_as_origens,10,12,3.0549,1242.8491,-806.3983,-1.9398
ajustada,sazonal_ingenuo,todas_as_origens,11,12,3.0549,1242.8491,-806.3983,-1.9398
ajustada,sazonal_ingenuo,todas_as_origens,12,12,3.0549,1242.8491,-806.3983,-1.9398
ajustada,sazonal_ingenuo,todas_as_origens,geral,144,3.0549,1242.8491,-806.3983,-1.9398
ajustada,sazonal_ingenuo,origem_dezembro,1,1,7.3387,3170.816,-3170.816,-7.3387
ajustada,sazonal_ingenuo,origem_dezembro,2,1,5.1309,2158.7144,-2158.7144,-5.1309
ajustada,sazonal_ingenuo,origem_dezembro,3,1,2.8615,1163.7158,1163.7158,2.8615
ajustada,sazonal_ingenuo,origem_dezembro,4,1,2.4606,996.8721,-996.8721,-2.4606
ajustada,sazonal_ingenuo,origem_dezembro,5,1,4.8087,1882.262,-1882.262,-4.8087
ajustada,sazonal_ingenuo,origem_dezembro,6,1,0.7098,264.4896,-264.4896,-0.7098
ajustada,sazonal_ingenuo,origem_dezembro,7,1,1.1733,429.0854,429.0854,1.1733
ajustada,sazonal_ingenuo,origem_dezembro,8,1,0.4845,180.1635,180.1635,0.4845
ajustada,sazonal_ingenuo,origem_dezembro,9,1,3.635,1436.6418,-1436.6418,-3.635
ajustada,sazonal_ingenuo,origem_dezembro,10,1,3.9586,1618.6781,-1618.6781,-3.9586
ajustada,sazonal_ingenuo,origem_dezembro,11,1,1.9259,767.0103,-767.0103,-1.9259
ajustada,sazonal_ingenuo,origem_dezembro,12,1,2.1712,845.7401,845.7401,2.1712
ajustada,sazonal_ingenuo,origem_dezembro,geral,12,3.0549,1242.8491,-806.3983,-1.9398
original_nos_pares_da_ajustada,sazonal_ingenuo,todas_as_origens,1,12,3.058,1175.2766,-668.4672,-1.6847
original_nos_pares_da_ajustada,sazonal_ingenuo,todas_as_origens,2,12,3.058,1175.2766,-668.4672,-1.6847
original_nos_pares_da_ajustada,sazonal_ingenuo,todas_as_origens,3,12,3.058,1175.2766,-668.4672,-1.6847
original_nos_pares_da_ajustada,sazonal_ingenuo,todas_as_origens,4,12,3.058,1175.2766,-668.4672,-1.6847
original_nos_pares_da_ajustada,sazonal_ingenuo,todas_as_origens,5,12,3.058,1175.2766,-668.4672,-1.6847
original_nos_pares_da_ajustada,sazonal_ingenuo,todas_as_origens,6,12,3.058,1175.2766,-668.4672,-1.6847
original_nos_pares_da_ajustada,sazonal_ingenuo,todas_as_origens,7,12,3.058,1175.2766,-668.4672,-1.6847
original_nos_pares_da_ajustada,sazonal_ingenuo,todas_as_origens,8,12,3.058,1175.2766,-668.4672,-1.6847
original_nos_pares_da_ajustada,sazonal_ingenuo,todas_as_origens,9,12,3.058,1175.2766,-668.4672,-1.6847
original_nos_pares_da_ajustada,sazonal_ingenuo,todas_as_origens,10,12,3.058,1175.2766,-668.4672,-1.6847
original_nos_pares_da_ajustada,sazonal_ingenuo,todas_as_origens,11,12,3.058,1175.2766,-668.4672,-1.6847
original_nos_pares_da_ajustada,sazonal_ingenuo,todas_as_origens,12,12,3.058,1175.2766,-668.4672,-1.6847
original_nos_pares_da_ajustada,sazonal_ingenuo,todas_as_origens,geral,144,3.058,1175.2766,-668.4672,-1.6847
original_nos_pares_da_ajustada,sazonal_ingenuo,origem_dezembro,1,1,7.4029,3119.1472,-3119.1472,-7.4029
original_nos_pares_da_ajustada,sazonal_ingenuo,origem_dezembro,2,1,5.2445,2132.79,-2132.79,-5.2445
original_nos_pares_da_ajustada,sazonal_ingenuo,origem_dezembro,3,1,2.9191,1135.2986,1135.2986,2.9191
original_nos_pares_da_ajustada,sazonal_ingenuo,origem_dezembro,4,1,3.2183,1219.3329,-1219.3329,-3.2183
original_nos_pares_da_ajustada,sazonal_ingenuo,origem_dezembro,5,1,4.4635,1597.7457,-1597.7457,-4.4635
original_nos_pares_da_ajustada,sazonal_ingenuo,origem_dezembro,6,1,1.0775,368.7861,-368.7861,-1.0775
original_nos_pares_da_ajustada,sazonal_ingenuo,origem_dezembro,7,1,1.0415,349.6341,349.6341,1.0415
original_nos_pares_da_ajustada,sazonal_ingenuo,origem_dezembro,8,1,0.8333,284.8111,284.8111,0.8333
original_nos_pares_da_ajustada,sazonal_ingenuo,origem_dezembro,9,1,3.3012,1211.5187,-1211.5187,-3.3012
original_nos_pares_da_ajustada,sazonal_ingenuo,origem_dezembro,10,1,2.7673,1049.3268,-1049.3268,-2.7673
original_nos_pares_da_ajustada,sazonal_ingenuo,origem_dezembro,11,1,0.9809,363.8154,-363.8154,-0.9809
original_nos_pares_da_ajustada,sazonal_ingenuo,origem_dezembro,12,1,3.4459,1271.1126,1271.1126,3.4459
original_nos_pares_da_ajustada,sazonal_ingenuo,origem_dezembro,geral,12,3.058,1175.2766,-668.4672,-1.6847
