serie,baseline,origem,horizonte,alvo,previsto_mwmed,real_mwmed,erro_mwmed,erro_pct
original,sazonal_ingenuo,2019-01-01,12,2020-01-01,42133.9275,39577.5675,2556.36,6.4591
original,sazonal_ingenuo,2019-02-01,11,2020-01-01,42133.9275,39577.5675,2556.36,6.4591
original,sazonal_ingenuo,2019-02-01,12,2020-02-01,40667.0042,39505.4525,1161.5517,2.9402
original,sazonal_ingenuo,2019-03-01,10,2020-01-01,42133.9275,39577.5675,2556.36,6.4591
original,sazonal_ingenuo,2019-03-01,11,2020-02-01,40667.0042,39505.4525,1161.5517,2.9402
original,sazonal_ingenuo,2019-03-01,12,2020-03-01,38892.6826,37954.8533,937.8293,2.4709
original,sazonal_ingenuo,2019-04-01,9,2020-01-01,42133.9275,39577.5675,2556.36,6.4591
original,sazonal_ingenuo,2019-04-01,10,2020-02-01,40667.0042,39505.4525,1161.5517,2.9402
original,sazonal_ingenuo,2019-04-01,11,2020-03-01,38892.6826,37954.8533,937.8293,2.4709
original,sazonal_ingenuo,2019-04-01,12,2020-04-01,37888.0324,32396.5165,5491.5158,16.9509
original,sazonal_ingenuo,2019-05-01,8,2020-01-01,42133.9275,39577.5675,2556.36,6.4591
original,sazonal_ingenuo,2019-05-01,9,2020-02-01,40667.0042,39505.4525,1161.5517,2.9402
original,sazonal_ingenuo,2019-05-01,10,2020-03-01,38892.6826,37954.8533,937.8293,2.4709
original,sazonal_ingenuo,2019-05-01,11,2020-04-01,37888.0324,32396.5165,5491.5158,16.9509
original,sazonal_ingenuo,2019-05-01,12,2020-05-01,35795.5702,31278.0801,4517.4901,14.443
original,sazonal_ingenuo,2019-06-01,7,2020-01-01,42133.9275,39577.5675,2556.36,6.4591
original,sazonal_ingenuo,2019-06-01,8,2020-02-01,40667.0042,39505.4525,1161.5517,2.9402
original,sazonal_ingenuo,2019-06-01,9,2020-03-01,38892.6826,37954.8533,937.8293,2.4709
original,sazonal_ingenuo,2019-06-01,10,2020-04-01,37888.0324,32396.5165,5491.5158,16.9509
original,sazonal_ingenuo,2019-06-01,11,2020-05-01,35795.5702,31278.0801,4517.4901,14.443
original,sazonal_ingenuo,2019-06-01,12,2020-06-01,34226.9213,32643.9785,1582.9428,4.8491
original,sazonal_ingenuo,2019-07-01,6,2020-01-01,42133.9275,39577.5675,2556.36,6.4591
original,sazonal_ingenuo,2019-07-01,7,2020-02-01,40667.0042,39505.4525,1161.5517,2.9402
original,sazonal_ingenuo,2019-07-01,8,2020-03-01,38892.6826,37954.8533,937.8293,2.4709
original,sazonal_ingenuo,2019-07-01,9,2020-04-01,37888.0324,32396.5165,5491.5158,16.9509
original,sazonal_ingenuo,2019-07-01,10,2020-05-01,35795.5702,31278.0801,4517.4901,14.443
original,sazonal_ingenuo,2019-07-01,11,2020-06-01,34226.9213,32643.9785,1582.9428,4.8491
original,sazonal_ingenuo,2019-07-01,12,2020-07-01,33569.6216,33652.7906,-83.169,-0.2471
original,sazonal_ingenuo,2019-08-01,5,2020-01-01,42133.9275,39577.5675,2556.36,6.4591
original,sazonal_ingenuo,2019-08-01,6,2020-02-01,40667.0042,39505.4525,1161.5517,2.9402
original,sazonal_ingenuo,2019-08-01,7,2020-03-01,38892.6826,37954.8533,937.8293,2.4709
original,sazonal_ingenuo,2019-08-01,8,2020-04-01,37888.0324,32396.5165,5491.5158,16.9509
original,sazonal_ingenuo,2019-08-01,9,2020-05-01,35795.5702,31278.0801,4517.4901,14.443
original,sazonal_ingenuo,2019-08-01,10,2020-06-01,34226.9213,32643.9785,1582.9428,4.8491
original,sazonal_ingenuo,2019-08-01,11,2020-07-01,33569.6216,33652.7906,-83.169,-0.2471
original,sazonal_ingenuo,2019-08-01,12,2020-08-01,34180.6521,34682.8142,-502.1621,-1.4479
original,sazonal_ingenuo,2019-09-01,4,2020-01-01,42133.9275,39577.5675,2556.36,6.4591
original,sazonal_ingenuo,2019-09-01,5,2020-02-01,40667.0042,39505.4525,1161.5517,2.9402
original,sazonal_ingenuo,2019-09-01,6,2020-03-01,38892.6826,37954.8533,937.8293,2.4709
original,sazonal_ingenuo,2019-09-01,7,2020-04-01,37888.0324,32396.5165,5491.5158,16.9509
original,sazonal_ingenuo,2019-09-01,8,2020-05-01,35795.5702,31278.0801,4517.4901,14.443
original,sazonal_ingenuo,2019-09-01,9,2020-06-01,34226.9213,32643.9785,1582.9428,4.8491
original,sazonal_ingenuo,2019-09-01,10,2020-07-01,33569.6216,33652.7906,-83.169,-0.2471
original,sazonal_ingenuo,2019-09-01,11,2020-08-01,34180.6521,34682.8142,-502.1621,-1.4479
original,sazonal_ingenuo,2019-09-01,12,2020-09-01,36699.7232,38260.4858,-1560.7626,-4.0793
original,sazonal_ingenuo,2019-10-01,3,2020-01-01,42133.9275,39577.5675,2556.36,6.4591
original,sazonal_ingenuo,2019-10-01,4,2020-02-01,40667.0042,39505.4525,1161.5517,2.9402
original,sazonal_ingenuo,2019-10-01,5,2020-03-01,38892.6826,37954.8533,937.8293,2.4709
original,sazonal_ingenuo,2019-10-01,6,2020-04-01,37888.0324,32396.5165,5491.5158,16.9509
original,sazonal_ingenuo,2019-10-01,7,2020-05-01,35795.5702,31278.0801,4517.4901,14.443
original,sazonal_ingenuo,2019-10-01,8,2020-06-01,34226.9213,32643.9785,1582.9428,4.8491
original,sazonal_ingenuo,2019-10-01,9,2020-07-01,33569.6216,33652.7906,-83.169,-0.2471
original,sazonal_ingenuo,2019-10-01,10,2020-08-01,34180.6521,34682.8142,-502.1621,-1.4479
original,sazonal_ingenuo,2019-10-01,11,2020-09-01,36699.7232,38260.4858,-1560.7626,-4.0793
original,sazonal_ingenuo,2019-10-01,12,2020-10-01,37918.2543,38984.2208,-1065.9665,-2.7344
original,sazonal_ingenuo,2019-11-01,2,2020-01-01,42133.9275,39577.5675,2556.36,6.4591
original,sazonal_ingenuo,2019-11-01,3,2020-02-01,40667.0042,39505.4525,1161.5517,2.9402
original,sazonal_ingenuo,2019-11-01,4,2020-03-01,38892.6826,37954.8533,937.8293,2.4709
original,sazonal_ingenuo,2019-11-01,5,2020-04-01,37888.0324,32396.5165,5491.5158,16.9509
original,sazonal_ingenuo,2019-11-01,6,2020-05-01,35795.5702,31278.0801,4517.4901,14.443
original,sazonal_ingenuo,2019-11-01,7,2020-06-01,34226.9213,32643.9785,1582.9428,4.8491
original,sazonal_ingenuo,2019-11-01,8,2020-07-01,33569.6216,33652.7906,-83.169,-0.2471
original,sazonal_ingenuo,2019-11-01,9,2020-08-01,34180.6521,34682.8142,-502.1621,-1.4479
original,sazonal_ingenuo,2019-11-01,10,2020-09-01,36699.7232,38260.4858,-1560.7626,-4.0793
original,sazonal_ingenuo,2019-11-01,11,2020-10-01,37918.2543,38984.2208,-1065.9665,-2.7344
original,sazonal_ingenuo,2019-11-01,12,2020-11-01,37089.4265,37609.3948,-519.9683,-1.3825
original,sazonal_ingenuo,2019-12-01,1,2020-01-01,42133.9275,39577.5675,2556.36,6.4591
original,sazonal_ingenuo,2019-12-01,2,2020-02-01,40667.0042,39505.4525,1161.5517,2.9402
original,sazonal_ingenuo,2019-12-01,3,2020-03-01,38892.6826,37954.8533,937.8293,2.4709
original,sazonal_ingenuo,2019-12-01,4,2020-04-01,37888.0324,32396.5165,5491.5158,16.9509
original,sazonal_ingenuo,2019-12-01,5,2020-05-01,35795.5702,31278.0801,4517.4901,14.443
original,sazonal_ingenuo,2019-12-01,6,2020-06-01,34226.9213,32643.9785,1582.9428,4.8491
original,sazonal_ingenuo,2019-12-01,7,2020-07-01,33569.6216,33652.7906,-83.169,-0.2471
original,sazonal_ingenuo,2019-12-01,8,2020-08-01,34180.6521,34682.8142,-502.1621,-1.4479
original,sazonal_ingenuo,2019-12-01,9,2020-09-01,36699.7232,38260.4858,-1560.7626,-4.0793
original,sazonal_ingenuo,2019-12-01,10,2020-10-01,37918.2543,38984.2208,-1065.9665,-2.7344
original,sazonal_ingenuo,2019-12-01,11,2020-11-01,37089.4265,37609.3948,-519.9683,-1.3825
original,sazonal_ingenuo,2019-12-01,12,2020-12-01,36887.2681,39185.0108,-2297.7426,-5.8638
original,sazonal_ingenuo,2020-01-01,1,2020-02-01,40667.0042,39505.4525,1161.5517,2.9402
original,sazonal_ingenuo,2020-01-01,2,2020-03-01,38892.6826,37954.8533,937.8293,2.4709
original,sazonal_ingenuo,2020-01-01,3,2020-04-01,37888.0324,32396.5165,5491.5158,16.9509
original,sazonal_ingenuo,2020-01-01,4,2020-05-01,35795.5702,31278.0801,4517.4901,14.443
original,sazonal_ingenuo,2020-01-01,5,2020-06-01,34226.9213,32643.9785,1582.9428,4.8491
original,sazonal_ingenuo,2020-01-01,6,2020-07-01,33569.6216,33652.7906,-83.169,-0.2471
original,sazonal_ingenuo,2020-01-01,7,2020-08-01,34180.6521,34682.8142,-502.1621,-1.4479
original,sazonal_ingenuo,2020-01-01,8,2020-09-01,36699.7232,38260.4858,-1560.7626,-4.0793
original,sazonal_ingenuo,2020-01-01,9,2020-10-01,37918.2543,38984.2208,-1065.9665,-2.7344
original,sazonal_ingenuo,2020-01-01,10,2020-11-01,37089.4265,37609.3948,-519.9683,-1.3825
original,sazonal_ingenuo,2020-01-01,11,2020-12-01,36887.2681,39185.0108,-2297.7426,-5.8638
original,sazonal_ingenuo,2020-02-01,1,2020-03-01,38892.6826,37954.8533,937.8293,2.4709
original,sazonal_ingenuo,2020-02-01,2,2020-04-01,37888.0324,32396.5165,5491.5158,16.9509
original,sazonal_ingenuo,2020-02-01,3,2020-05-01,35795.5702,31278.0801,4517.4901,14.443
original,sazonal_ingenuo,2020-02-01,4,2020-06-01,34226.9213,32643.9785,1582.9428,4.8491
original,sazonal_ingenuo,2020-02-01,5,2020-07-01,33569.6216,33652.7906,-83.169,-0.2471
original,sazonal_ingenuo,2020-02-01,6,2020-08-01,34180.6521,34682.8142,-502.1621,-1.4479
original,sazonal_ingenuo,2020-02-01,7,2020-09-01,36699.7232,38260.4858,-1560.7626,-4.0793
original,sazonal_ingenuo,2020-02-01,8,2020-10-01,37918.2543,38984.2208,-1065.9665,-2.7344
original,sazonal_ingenuo,2020-02-01,9,2020-11-01,37089.4265,37609.3948,-519.9683,-1.3825
original,sazonal_ingenuo,2020-02-01,10,2020-12-01,36887.2681,39185.0108,-2297.7426,-5.8638
original,sazonal_ingenuo,2020-03-01,1,2020-04-01,37888.0324,32396.5165,5491.5158,16.9509
original,sazonal_ingenuo,2020-03-01,2,2020-05-01,35795.5702,31278.0801,4517.4901,14.443
original,sazonal_ingenuo,2020-03-01,3,2020-06-01,34226.9213,32643.9785,1582.9428,4.8491
original,sazonal_ingenuo,2020-03-01,4,2020-07-01,33569.6216,33652.7906,-83.169,-0.2471
original,sazonal_ingenuo,2020-03-01,5,2020-08-01,34180.6521,34682.8142,-502.1621,-1.4479
original,sazonal_ingenuo,2020-03-01,6,2020-09-01,36699.7232,38260.4858,-1560.7626,-4.0793
original,sazonal_ingenuo,2020-03-01,7,2020-10-01,37918.2543,38984.2208,-1065.9665,-2.7344
original,sazonal_ingenuo,2020-03-01,8,2020-11-01,37089.4265,37609.3948,-519.9683,-1.3825
original,sazonal_ingenuo,2020-03-01,9,2020-12-01,36887.2681,39185.0108,-2297.7426,-5.8638
original,sazonal_ingenuo,2020-04-01,1,2020-05-01,35795.5702,31278.0801,4517.4901,14.443
original,sazonal_ingenuo,2020-04-01,2,2020-06-01,34226.9213,32643.9785,1582.9428,4.8491
original,sazonal_ingenuo,2020-04-01,3,2020-07-01,33569.6216,33652.7906,-83.169,-0.2471
original,sazonal_ingenuo,2020-04-01,4,2020-08-01,34180.6521,34682.8142,-502.1621,-1.4479
original,sazonal_ingenuo,2020-04-01,5,2020-09-01,36699.7232,38260.4858,-1560.7626,-4.0793
original,sazonal_ingenuo,2020-04-01,6,2020-10-01,37918.2543,38984.2208,-1065.9665,-2.7344
original,sazonal_ingenuo,2020-04-01,7,2020-11-01,37089.4265,37609.3948,-519.9683,-1.3825
original,sazonal_ingenuo,2020-04-01,8,2020-12-01,36887.2681,39185.0108,-2297.7426,-5.8638
original,sazonal_ingenuo,2020-05-01,1,2020-06-01,34226.9213,32643.9785,1582.9428,4.8491
original,sazonal_ingenuo,2020-05-01,2,2020-07-01,33569.6216,33652.7906,-83.169,-0.2471
original,sazonal_ingenuo,2020-05-01,3,2020-08-01,34180.6521,34682.8142,-502.1621,-1.4479
original,sazonal_ingenuo,2020-05-01,4,2020-09-01,36699.7232,38260.4858,-1560.7626,-4.0793
original,sazonal_ingenuo,2020-05-01,5,2020-10-01,37918.2543,38984.2208,-1065.9665,-2.7344
original,sazonal_ingenuo,2020-05-01,6,2020-11-01,37089.4265,37609.3948,-519.9683,-1.3825
original,sazonal_ingenuo,2020-05-01,7,2020-12-01,36887.2681,39185.0108,-2297.7426,-5.8638
original,sazonal_ingenuo,2020-06-01,1,2020-07-01,33569.6216,33652.7906,-83.169,-0.2471
original,sazonal_ingenuo,2020-06-01,2,2020-08-01,34180.6521,34682.8142,-502.1621,-1.4479
original,sazonal_ingenuo,2020-06-01,3,2020-09-01,36699.7232,38260.4858,-1560.7626,-4.0793
original,sazonal_ingenuo,2020-06-01,4,2020-10-01,37918.2543,38984.2208,-1065.9665,-2.7344
original,sazonal_ingenuo,2020-06-01,5,2020-11-01,37089.4265,37609.3948,-519.9683,-1.3825
original,sazonal_ingenuo,2020-06-01,6,2020-12-01,36887.2681,39185.0108,-2297.7426,-5.8638
original,sazonal_ingenuo,2020-07-01,1,2020-08-01,34180.6521,34682.8142,-502.1621,-1.4479
original,sazonal_ingenuo,2020-07-01,2,2020-09-01,36699.7232,38260.4858,-1560.7626,-4.0793
original,sazonal_ingenuo,2020-07-01,3,2020-10-01,37918.2543,38984.2208,-1065.9665,-2.7344
original,sazonal_ingenuo,2020-07-01,4,2020-11-01,37089.4265,37609.3948,-519.9683,-1.3825
original,sazonal_ingenuo,2020-07-01,5,2020-12-01,36887.2681,39185.0108,-2297.7426,-5.8638
original,sazonal_ingenuo,2020-08-01,1,2020-09-01,36699.7232,38260.4858,-1560.7626,-4.0793
original,sazonal_ingenuo,2020-08-01,2,2020-10-01,37918.2543,38984.2208,-1065.9665,-2.7344
original,sazonal_ingenuo,2020-08-01,3,2020-11-01,37089.4265,37609.3948,-519.9683,-1.3825
original,sazonal_ingenuo,2020-08-01,4,2020-12-01,36887.2681,39185.0108,-2297.7426,-5.8638
original,sazonal_ingenuo,2020-09-01,1,2020-10-01,37918.2543,38984.2208,-1065.9665,-2.7344
original,sazonal_ingenuo,2020-09-01,2,2020-11-01,37089.4265,37609.3948,-519.9683,-1.3825
original,sazonal_ingenuo,2020-09-01,3,2020-12-01,36887.2681,39185.0108,-2297.7426,-5.8638
original,sazonal_ingenuo,2020-10-01,1,2020-11-01,37089.4265,37609.3948,-519.9683,-1.3825
original,sazonal_ingenuo,2020-10-01,2,2020-12-01,36887.2681,39185.0108,-2297.7426,-5.8638
original,sazonal_ingenuo,2020-11-01,1,2020-12-01,36887.2681,39185.0108,-2297.7426,-5.8638
original,sazonal_crescimento,2019-01-01,12,2020-01-01,42858.0837,39577.5675,3280.5162,8.2888
original,sazonal_crescimento,2019-02-01,11,2020-01-01,43217.7234,39577.5675,3640.1559,9.1975
original,sazonal_crescimento,2019-02-01,12,2020-02-01,41713.0669,39505.4525,2207.6144,5.5881
original,sazonal_crescimento,2019-03-01,10,2020-01-01,43048.0262,39577.5675,3470.4587,8.7688
original,sazonal_crescimento,2019-03-01,11,2020-02-01,41549.2779,39505.4525,2043.8254,5.1735
original,sazonal_crescimento,2019-03-01,12,2020-03-01,39736.4623,37954.8533,1781.609,4.694
original,sazonal_crescimento,2019-04-01,9,2020-01-01,43080.8691,39577.5675,3503.3015,8.8517
original,sazonal_crescimento,2019-04-01,10,2020-02-01,41580.9773,39505.4525,2075.5248,5.2538
original,sazonal_crescimento,2019-04-01,11,2020-03-01,39766.7786,37954.8533,1811.9253,4.7739
original,sazonal_crescimento,2019-04-01,12,2020-04-01,38739.5493,32396.5165,6343.0327,19.5794
original,sazonal_crescimento,2019-05-01,8,2020-01-01,43257.7384,39577.5675,3680.1709,9.2986
original,sazonal_crescimento,2019-05-01,9,2020-02-01,41751.6888,39505.4525,2246.2363,5.6859
original,sazonal_crescimento,2019-05-01,10,2020-03-01,39930.0419,37954.8533,1975.1886,5.204
original,sazonal_crescimento,2019-05-01,11,2020-04-01,38898.5952,32396.5165,6502.0787,20.0703
original,sazonal_crescimento,2019-05-01,12,2020-05-01,36750.3222,31278.0801,5472.2421,17.4955
original,sazonal_crescimento,2019-06-01,7,2020-01-01,43293.6634,39577.5675,3716.0959,9.3894
original,sazonal_crescimento,2019-06-01,8,2020-02-01,41786.363,39505.4525,2280.9105,5.7737
original,sazonal_crescimento,2019-06-01,9,2020-03-01,39963.2033,37954.8533,2008.35,5.2914
original,sazonal_crescimento,2019-06-01,10,2020-04-01,38930.9,32396.5165,6534.3835,20.17
original,sazonal_crescimento,2019-06-01,11,2020-05-01,36780.8429,31278.0801,5502.7627,17.593
original,sazonal_crescimento,2019-06-01,12,2020-06-01,35169.0169,32643.9785,2525.0384,7.7351
original,sazonal_crescimento,2019-07-01,6,2020-01-01,43123.5959,39577.5675,3546.0284,8.9597
original,sazonal_crescimento,2019-07-01,7,2020-02-01,41622.2165,39505.4525,2116.764,5.3582
original,sazonal_crescimento,2019-07-01,8,2020-03-01,39806.2186,37954.8533,1851.3653,4.8778
original,sazonal_crescimento,2019-07-01,9,2020-04-01,38777.9705,32396.5165,6381.4539,19.698
original,sazonal_crescimento,2019-07-01,10,2020-05-01,36636.3592,31278.0801,5358.2791,17.1311
original,sazonal_crescimento,2019-07-01,11,2020-06-01,35030.8649,32643.9785,2386.8864,7.3119
original,sazonal_crescimento,2019-07-01,12,2020-07-01,34358.1262,33652.7906,705.3355,2.0959
original,sazonal_crescimento,2019-08-01,5,2020-01-01,43032.3569,39577.5675,3454.7894,8.7292
original,sazonal_crescimento,2019-08-01,6,2020-02-01,41534.1541,39505.4525,2028.7016,5.1352
original,sazonal_crescimento,2019-08-01,7,2020-03-01,39721.9984,37954.8533,1767.1451,4.6559
original,sazonal_crescimento,2019-08-01,8,2020-04-01,38695.9258,32396.5165,6299.4092,19.4447
original,sazonal_crescimento,2019-08-01,9,2020-05-01,36558.8457,31278.0801,5280.7655,16.8833
original,sazonal_crescimento,2019-08-01,10,2020-06-01,34956.7482,32643.9785,2312.7696,7.0848
original,sazonal_crescimento,2019-08-01,11,2020-07-01,34285.4328,33652.7906,632.6421,1.8799
original,sazonal_crescimento,2019-08-01,12,2020-08-01,34909.4924,34682.8142,226.6782,0.6536
original,sazonal_crescimento,2019-09-01,4,2020-01-01,43154.1571,39577.5675,3576.5895,9.0369
original,sazonal_crescimento,2019-09-01,5,2020-02-01,41651.7137,39505.4525,2146.2612,5.4328
original,sazonal_crescimento,2019-09-01,6,2020-03-01,39834.4287,37954.8533,1879.5755,4.9521
original,sazonal_crescimento,2019-09-01,7,2020-04-01,38805.4519,32396.5165,6408.9354,19.7828
original,sazonal_crescimento,2019-09-01,8,2020-05-01,36662.323,31278.0801,5384.2428,17.2141
original,sazonal_crescimento,2019-09-01,9,2020-06-01,35055.6908,32643.9785,2411.7123,7.3879
original,sazonal_crescimento,2019-09-01,10,2020-07-01,34382.4753,33652.7906,729.6847,2.1683
original,sazonal_crescimento,2019-09-01,11,2020-08-01,35008.3013,34682.8142,325.4871,0.9385
original,sazonal_crescimento,2019-09-01,12,2020-09-01,37588.3691,38260.4858,-672.1167,-1.7567
original,sazonal_crescimento,2019-10-01,3,2020-01-01,43225.6323,39577.5675,3648.0647,9.2175
original,sazonal_crescimento,2019-10-01,4,2020-02-01,41720.7004,39505.4525,2215.2479,5.6074
original,sazonal_crescimento,2019-10-01,5,2020-03-01,39900.4055,37954.8533,1945.5523,5.126
original,sazonal_crescimento,2019-10-01,6,2020-04-01,38869.7245,32396.5165,6473.2079,19.9812
original,sazonal_crescimento,2019-10-01,7,2020-05-01,36723.0459,31278.0801,5444.9657,17.4082
original,sazonal_crescimento,2019-10-01,8,2020-06-01,35113.7527,32643.9785,2469.7742,7.5658
original,sazonal_crescimento,2019-10-01,9,2020-07-01,34439.4222,33652.7906,786.6316,2.3375
original,sazonal_crescimento,2019-10-01,10,2020-08-01,35066.2847,34682.8142,383.4705,1.1056
original,sazonal_crescimento,2019-10-01,11,2020-09-01,37650.6258,38260.4858,-609.86,-1.594
original,sazonal_crescimento,2019-10-01,12,2020-10-01,38900.7295,38984.2208,-83.4913,-0.2142
original,sazonal_crescimento,2019-11-01,2,2020-01-01,43168.1623,39577.5675,3590.5948,9.0723
original,sazonal_crescimento,2019-11-01,3,2020-02-01,41665.2313,39505.4525,2159.7788,5.467
original,sazonal_crescimento,2019-11-01,4,2020-03-01,39847.3566,37954.8533,1892.5033,4.9862
original,sazonal_crescimento,2019-11-01,5,2020-04-01,38818.0458,32396.5165,6421.5293,19.8217
original,sazonal_crescimento,2019-11-01,6,2020-05-01,36674.2213,31278.0801,5396.1412,17.2521
original,sazonal_crescimento,2019-11-01,7,2020-06-01,35067.0678,32643.9785,2423.0893,7.4228
original,sazonal_crescimento,2019-11-01,8,2020-07-01,34393.6338,33652.7906,740.8432,2.2014
original,sazonal_crescimento,2019-11-01,9,2020-08-01,35019.6629,34682.8142,336.8487,0.9712
original,sazonal_crescimento,2019-11-01,10,2020-09-01,37600.568,38260.4858,-659.9178,-1.7248
original,sazonal_crescimento,2019-11-01,11,2020-10-01,38849.0096,38984.2208,-135.2112,-0.3468
original,sazonal_crescimento,2019-11-01,12,2020-11-01,37999.8371,37609.3948,390.4423,1.0382
original,sazonal_crescimento,2019-12-01,1,2020-01-01,42905.7032,39577.5675,3328.1357,8.4091
original,sazonal_crescimento,2019-12-01,2,2020-02-01,41411.91,39505.4525,1906.4575,4.8258
original,sazonal_crescimento,2019-12-01,3,2020-03-01,39605.0878,37954.8533,1650.2345,4.3479
original,sazonal_crescimento,2019-12-01,4,2020-04-01,38582.0351,32396.5165,6185.5186,19.0932
original,sazonal_crescimento,2019-12-01,5,2020-05-01,36451.2449,31278.0801,5173.1648,16.5393
original,sazonal_crescimento,2019-12-01,6,2020-06-01,34853.8627,32643.9785,2209.8842,6.7697
original,sazonal_crescimento,2019-12-01,7,2020-07-01,34184.5232,33652.7906,531.7325,1.5801
original,sazonal_crescimento,2019-12-01,8,2020-08-01,34806.7461,34682.8142,123.9318,0.3573
original,sazonal_crescimento,2019-12-01,9,2020-09-01,37371.9595,38260.4858,-888.5263,-2.3223
original,sazonal_crescimento,2019-12-01,10,2020-10-01,38612.8107,38984.2208,-371.4101,-0.9527
original,sazonal_crescimento,2019-12-01,11,2020-11-01,37768.801,37609.3948,159.4062,0.4238
original,sazonal_crescimento,2019-12-01,12,2020-12-01,37562.9397,39185.0108,-1622.0711,-4.1395
original,sazonal_crescimento,2020-01-01,1,2020-02-01,40883.3279,39505.4525,1377.8754,3.4878
original,sazonal_crescimento,2020-01-01,2,2020-03-01,39099.568,37954.8533,1144.7147,3.016
original,sazonal_crescimento,2020-01-01,3,2020-04-01,38089.5736,32396.5165,5693.057,17.5731
original,sazonal_crescimento,2020-01-01,4,2020-05-01,35985.9808,31278.0801,4707.9007,15.0518
original,sazonal_crescimento,2020-01-01,5,2020-06-01,34408.9876,32643.9785,1765.0091,5.4068
original,sazonal_crescimento,2020-01-01,6,2020-07-01,33748.1915,33652.7906,95.4009,0.2835
original,sazonal_crescimento,2020-01-01,7,2020-08-01,34362.4723,34682.8142,-320.3419,-0.9236
original,sazonal_crescimento,2020-01-01,8,2020-09-01,36894.9434,38260.4858,-1365.5424,-3.5691
original,sazonal_crescimento,2020-01-01,9,2020-10-01,38119.9563,38984.2208,-864.2645,-2.217
original,sazonal_crescimento,2020-01-01,10,2020-11-01,37286.7196,37609.3948,-322.6752,-0.858
original,sazonal_crescimento,2020-01-01,11,2020-12-01,37083.4859,39185.0108,-2101.5248,-5.3631
original,sazonal_crescimento,2020-02-01,1,2020-03-01,38809.4664,37954.8533,854.6132,2.2517
original,sazonal_crescimento,2020-02-01,2,2020-04-01,37806.9658,32396.5165,5410.4492,16.7007
original,sazonal_crescimento,2020-02-01,3,2020-05-01,35718.9807,31278.0801,4440.9006,14.1981
original,sazonal_crescimento,2020-02-01,4,2020-06-01,34153.6881,32643.9785,1509.7096,4.6248
original,sazonal_crescimento,2020-02-01,5,2020-07-01,33497.7949,33652.7906,-154.9958,-0.4606
original,sazonal_crescimento,2020-02-01,6,2020-08-01,34107.518,34682.8142,-575.2963,-1.6587
original,sazonal_crescimento,2020-02-01,7,2020-09-01,36621.1992,38260.4858,-1639.2866,-4.2845
original,sazonal_crescimento,2020-02-01,8,2020-10-01,37837.1231,38984.2208,-1147.0977,-2.9425
original,sazonal_crescimento,2020-02-01,9,2020-11-01,37010.0686,37609.3948,-599.3262,-1.5936
original,sazonal_crescimento,2020-02-01,10,2020-12-01,36808.3428,39185.0108,-2376.6679,-6.0652
original,sazonal_crescimento,2020-03-01,1,2020-04-01,37823.6828,32396.5165,5427.1663,16.7523
original,sazonal_crescimento,2020-03-01,2,2020-05-01,35734.7746,31278.0801,4456.6944,14.2486
original,sazonal_crescimento,2020-03-01,3,2020-06-01,34168.7899,32643.9785,1524.8113,4.671
original,sazonal_crescimento,2020-03-01,4,2020-07-01,33512.6066,33652.7906,-140.1841,-0.4166
original,sazonal_crescimento,2020-03-01,5,2020-08-01,34122.5993,34682.8142,-560.215,-1.6153
original,sazonal_crescimento,2020-03-01,6,2020-09-01,36637.3919,38260.4858,-1623.0938,-4.2422
original,sazonal_crescimento,2020-03-01,7,2020-10-01,37853.8535,38984.2208,-1130.3673,-2.8996
original,sazonal_crescimento,2020-03-01,8,2020-11-01,37026.4333,37609.3948,-582.9614,-1.55
original,sazonal_crescimento,2020-03-01,9,2020-12-01,36824.6183,39185.0108,-2360.3924,-6.0237
original,sazonal_crescimento,2020-04-01,1,2020-05-01,35193.0098,31278.0801,3914.9296,12.5165
original,sazonal_crescimento,2020-04-01,2,2020-06-01,33650.7665,32643.9785,1006.788,3.0841
original,sazonal_crescimento,2020-04-01,3,2020-07-01,33004.5314,33652.7906,-648.2592,-1.9263
original,sazonal_crescimento,2020-04-01,4,2020-08-01,33605.2762,34682.8142,-1077.538,-3.1068
original,sazonal_crescimento,2020-04-01,5,2020-09-01,36081.9428,38260.4858,-2178.5429,-5.694
original,sazonal_crescimento,2020-04-01,6,2020-10-01,37279.962,38984.2208,-1704.2589,-4.3717
original,sazonal_crescimento,2020-04-01,7,2020-11-01,36465.0861,37609.3948,-1144.3087,-3.0426
original,sazonal_crescimento,2020-04-01,8,2020-12-01,36266.3307,39185.0108,-2918.68,-7.4485
original,sazonal_crescimento,2020-05-01,1,2020-06-01,33182.3392,32643.9785,538.3607,1.6492
original,sazonal_crescimento,2020-05-01,2,2020-07-01,32545.0999,33652.7906,-1107.6908,-3.2915
original,sazonal_crescimento,2020-05-01,3,2020-08-01,33137.4821,34682.8142,-1545.3321,-4.4556
original,sazonal_crescimento,2020-05-01,4,2020-09-01,35579.6729,38260.4858,-2680.8129,-7.0067
original,sazonal_crescimento,2020-05-01,5,2020-10-01,36761.0153,38984.2208,-2223.2055,-5.7028
original,sazonal_crescimento,2020-05-01,6,2020-11-01,35957.4827,37609.3948,-1651.9121,-4.3923
original,sazonal_crescimento,2020-05-01,7,2020-12-01,35761.4941,39185.0108,-3423.5167,-8.7368
original,sazonal_crescimento,2020-06-01,1,2020-07-01,32398.7913,33652.7906,-1253.9994,-3.7263
original,sazonal_crescimento,2020-06-01,2,2020-08-01,32988.5104,34682.8142,-1694.3038,-4.8851
original,sazonal_crescimento,2020-06-01,3,2020-09-01,35419.7222,38260.4858,-2840.7636,-7.4248
original,sazonal_crescimento,2020-06-01,4,2020-10-01,36595.7538,38984.2208,-2388.467,-6.1268
original,sazonal_crescimento,2020-06-01,5,2020-11-01,35795.8335,37609.3948,-1813.5613,-4.8221
original,sazonal_crescimento,2020-06-01,6,2020-12-01,35600.726,39185.0108,-3584.2848,-9.1471
original,sazonal_crescimento,2020-07-01,1,2020-08-01,33020.8263,34682.8142,-1661.9879,-4.792
original,sazonal_crescimento,2020-07-01,2,2020-09-01,35454.4197,38260.4858,-2806.0661,-7.3341
original,sazonal_crescimento,2020-07-01,3,2020-10-01,36631.6033,38984.2208,-2352.6175,-6.0348
original,sazonal_crescimento,2020-07-01,4,2020-11-01,35830.8994,37609.3948,-1778.4954,-4.7289
original,sazonal_crescimento,2020-07-01,5,2020-12-01,35635.6008,39185.0108,-3549.41,-9.0581
original,sazonal_crescimento,2020-08-01,1,2020-09-01,35518.5836,38260.4858,-2741.9021,-7.1664
original,sazonal_crescimento,2020-08-01,2,2020-10-01,36697.8977,38984.2208,-2286.3231,-5.8647
original,sazonal_crescimento,2020-08-01,3,2020-11-01,35895.7448,37609.3948,-1713.65,-4.5564
original,sazonal_crescimento,2020-08-01,4,2020-12-01,35700.0927,39185.0108,-3484.9181,-8.8935
original,sazonal_crescimento,2020-09-01,1,2020-10-01,36730.9192,38984.2208,-2253.3016,-5.78
original,sazonal_crescimento,2020-09-01,2,2020-11-01,35928.0444,37609.3948,-1681.3504,-4.4706
original,sazonal_crescimento,2020-09-01,3,2020-12-01,35732.2163,39185.0108,-3452.7945,-8.8115
original,sazonal_crescimento,2020-10-01,1,2020-11-01,35932.1528,37609.3948,-1677.242,-4.4596
original,sazonal_crescimento,2020-10-01,2,2020-12-01,35736.3022,39185.0108,-3448.7086,-8.8011
original,sazonal_crescimento,2020-11-01,1,2020-12-01,35750.1182,39185.0108,-3434.8926,-8.7658
ajustada,sazonal_ingenuo,2019-01-01,12,2020-01-01,43206.6274,40972.8312,2233.7962,5.4519
ajustada,sazonal_ingenuo,2019-02-01,11,2020-01-01,43206.6274,40972.8312,2233.7962,5.4519
ajustada,sazonal_ingenuo,2019-02-01,12,2020-02-01,42072.4317,41274.1167,798.315,1.9342
ajustada,sazonal_ingenuo,2019-03-01,10,2020-01-01,43206.6274,40972.8312,2233.7962,5.4519
ajustada,sazonal_ingenuo,2019-03-01,11,2020-02-01,42072.4317,41274.1167,798.315,1.9342
ajustada,sazonal_ingenuo,2019-03-01,12,2020-03-01,40668.4992,40023.2502,645.249,1.6122
ajustada,sazonal_ingenuo,2019-04-01,9,2020-01-01,43206.6274,40972.8312,2233.7962,5.4519
ajustada,sazonal_ingenuo,2019-04-01,10,2020-02-01,42072.4317,41274.1167,798.315,1.9342
ajustada,sazonal_ingenuo,2019-04-01,11,2020-03-01,40668.4992,40023.2502,645.249,1.6122
ajustada,sazonal_ingenuo,2019-04-01,12,2020-04-01,40513.7401,35323.6229,5190.1171,14.693
ajustada,sazonal_ingenuo,2019-05-01,8,2020-01-01,43206.6274,40972.8312,2233.7962,5.4519
ajustada,sazonal_ingenuo,2019-05-01,9,2020-02-01,42072.4317,41274.1167,798.315,1.9342
ajustada,sazonal_ingenuo,2019-05-01,10,2020-03-01,40668.4992,40023.2502,645.249,1.6122
ajustada,sazonal_ingenuo,2019-05-01,11,2020-04-01,40513.7401,35323.6229,5190.1171,14.693
ajustada,sazonal_ingenuo,2019-05-01,12,2020-05-01,39142.8557,34785.381,4357.4747,12.5267
ajustada,sazonal_ingenuo,2019-06-01,7,2020-01-01,43206.6274,40972.8312,2233.7962,5.4519
ajustada,sazonal_ingenuo,2019-06-01,8,2020-02-01,42072.4317,41274.1167,798.315,1.9342
ajustada,sazonal_ingenuo,2019-06-01,9,2020-03-01,40668.4992,40023.2502,645.249,1.6122
ajustada,sazonal_ingenuo,2019-06-01,10,2020-04-01,40513.7401,35323.6229,5190.1171,14.693
ajustada,sazonal_ingenuo,2019-06-01,11,2020-05-01,39142.8557,34785.381,4357.4747,12.5267
ajustada,sazonal_ingenuo,2019-06-01,12,2020-06-01,37263.8865,35956.6612,1307.2253,3.6356
ajustada,sazonal_ingenuo,2019-07-01,6,2020-01-01,43206.6274,40972.8312,2233.7962,5.4519
ajustada,sazonal_ingenuo,2019-07-01,7,2020-02-01,42072.4317,41274.1167,798.315,1.9342
ajustada,sazonal_ingenuo,2019-07-01,8,2020-03-01,40668.4992,40023.2502,645.249,1.6122
ajustada,sazonal_ingenuo,2019-07-01,9,2020-04-01,40513.7401,35323.6229,5190.1171,14.693
ajustada,sazonal_ingenuo,2019-07-01,10,2020-05-01,39142.8557,34785.381,4357.4747,12.5267
ajustada,sazonal_ingenuo,2019-07-01,11,2020-06-01,37263.8865,35956.6612,1307.2253,3.6356
ajustada,sazonal_ingenuo,2019-07-01,12,2020-07-01,36571.1549,36886.1,-314.9451,-0.8538
ajustada,sazonal_ingenuo,2019-08-01,5,2020-01-01,43206.6274,40972.8312,2233.7962,5.4519
ajustada,sazonal_ingenuo,2019-08-01,6,2020-02-01,42072.4317,41274.1167,798.315,1.9342
ajustada,sazonal_ingenuo,2019-08-01,7,2020-03-01,40668.4992,40023.2502,645.249,1.6122
ajustada,sazonal_ingenuo,2019-08-01,8,2020-04-01,40513.7401,35323.6229,5190.1171,14.693
ajustada,sazonal_ingenuo,2019-08-01,9,2020-05-01,39142.8557,34785.381,4357.4747,12.5267
ajustada,sazonal_ingenuo,2019-08-01,10,2020-06-01,37263.8865,35956.6612,1307.2253,3.6356
ajustada,sazonal_ingenuo,2019-08-01,11,2020-07-01,36571.1549,36886.1,-314.9451,-0.8538
ajustada,sazonal_ingenuo,2019-08-01,12,2020-08-01,37186.0549,37705.4843,-519.4293,-1.3776
ajustada,sazonal_ingenuo,2019-09-01,4,2020-01-01,43206.6274,40972.8312,2233.7962,5.4519
ajustada,sazonal_ingenuo,2019-09-01,5,2020-02-01,42072.4317,41274.1167,798.315,1.9342
ajustada,sazonal_ingenuo,2019-09-01,6,2020-03-01,40668.4992,40023.2502,645.249,1.6122
ajustada,sazonal_ingenuo,2019-09-01,7,2020-04-01,40513.7401,35323.6229,5190.1171,14.693
ajustada,sazonal_ingenuo,2019-09-01,8,2020-05-01,39142.8557,34785.381,4357.4747,12.5267
ajustada,sazonal_ingenuo,2019-09-01,9,2020-06-01,37263.8865,35956.6612,1307.2253,3.6356
ajustada,sazonal_ingenuo,2019-09-01,10,2020-07-01,36571.1549,36886.1,-314.9451,-0.8538
ajustada,sazonal_ingenuo,2019-09-01,11,2020-08-01,37186.0549,37705.4843,-519.4293,-1.3776
ajustada,sazonal_ingenuo,2019-09-01,12,2020-09-01,39522.8915,41175.8688,-1652.9773,-4.0144
ajustada,sazonal_ingenuo,2019-10-01,3,2020-01-01,43206.6274,40972.8312,2233.7962,5.4519
ajustada,sazonal_ingenuo,2019-10-01,4,2020-02-01,42072.4317,41274.1167,798.315,1.9342
ajustada,sazonal_ingenuo,2019-10-01,5,2020-03-01,40668.4992,40023.2502,645.249,1.6122
ajustada,sazonal_ingenuo,2019-10-01,6,2020-04-01,40513.7401,35323.6229,5190.1171,14.693
ajustada,sazonal_ingenuo,2019-10-01,7,2020-05-01,39142.8557,34785.381,4357.4747,12.5267
ajustada,sazonal_ingenuo,2019-10-01,8,2020-06-01,37263.8865,35956.6612,1307.2253,3.6356
ajustada,sazonal_ingenuo,2019-10-01,9,2020-07-01,36571.1549,36886.1,-314.9451,-0.8538
ajustada,sazonal_ingenuo,2019-10-01,10,2020-08-01,37186.0549,37705.4843,-519.4293,-1.3776
ajustada,sazonal_ingenuo,2019-10-01,11,2020-09-01,39522.8915,41175.8688,-1652.9773,-4.0144
ajustada,sazonal_ingenuo,2019-10-01,12,2020-10-01,40890.0616,41854.3481,-964.2865,-2.3039
ajustada,sazonal_ingenuo,2019-11-01,2,2020-01-01,43206.6274,40972.8312,2233.7962,5.4519
ajustada,sazonal_ingenuo,2019-11-01,3,2020-02-01,42072.4317,41274.1167,798.315,1.9342
ajustada,sazonal_ingenuo,2019-11-01,4,2020-03-01,40668.4992,40023.2502,645.249,1.6122
ajustada,sazonal_ingenuo,2019-11-01,5,2020-04-01,40513.7401,35323.6229,5190.1171,14.693
ajustada,sazonal_ingenuo,2019-11-01,6,2020-05-01,39142.8557,34785.381,4357.4747,12.5267
ajustada,sazonal_ingenuo,2019-11-01,7,2020-06-01,37263.8865,35956.6612,1307.2253,3.6356
ajustada,sazonal_ingenuo,2019-11-01,8,2020-07-01,36571.1549,36886.1,-314.9451,-0.8538
ajustada,sazonal_ingenuo,2019-11-01,9,2020-08-01,37186.0549,37705.4843,-519.4293,-1.3776
ajustada,sazonal_ingenuo,2019-11-01,10,2020-09-01,39522.8915,41175.8688,-1652.9773,-4.0144
ajustada,sazonal_ingenuo,2019-11-01,11,2020-10-01,40890.0616,41854.3481,-964.2865,-2.3039
ajustada,sazonal_ingenuo,2019-11-01,12,2020-11-01,39825.4368,39631.3111,194.1257,0.4898
ajustada,sazonal_ingenuo,2019-12-01,1,2020-01-01,43206.6274,40972.8312,2233.7962,5.4519
ajustada,sazonal_ingenuo,2019-12-01,2,2020-02-01,42072.4317,41274.1167,798.315,1.9342
ajustada,sazonal_ingenuo,2019-12-01,3,2020-03-01,40668.4992,40023.2502,645.249,1.6122
ajustada,sazonal_ingenuo,2019-12-01,4,2020-04-01,40513.7401,35323.6229,5190.1171,14.693
ajustada,sazonal_ingenuo,2019-12-01,5,2020-05-01,39142.8557,34785.381,4357.4747,12.5267
ajustada,sazonal_ingenuo,2019-12-01,6,2020-06-01,37263.8865,35956.6612,1307.2253,3.6356
ajustada,sazonal_ingenuo,2019-12-01,7,2020-07-01,36571.1549,36886.1,-314.9451,-0.8538
ajustada,sazonal_ingenuo,2019-12-01,8,2020-08-01,37186.0549,37705.4843,-519.4293,-1.3776
ajustada,sazonal_ingenuo,2019-12-01,9,2020-09-01,39522.8915,41175.8688,-1652.9773,-4.0144
ajustada,sazonal_ingenuo,2019-12-01,10,2020-10-01,40890.0616,41854.3481,-964.2865,-2.3039
ajustada,sazonal_ingenuo,2019-12-01,11,2020-11-01,39825.4368,39631.3111,194.1257,0.4898
ajustada,sazonal_ingenuo,2019-12-01,12,2020-12-01,38952.4638,41006.7822,-2054.3183,-5.0097
ajustada,sazonal_ingenuo,2020-01-01,1,2020-02-01,42072.4317,41274.1167,798.315,1.9342
ajustada,sazonal_ingenuo,2020-01-01,2,2020-03-01,40668.4992,40023.2502,645.249,1.6122
ajustada,sazonal_ingenuo,2020-01-01,3,2020-04-01,40513.7401,35323.6229,5190.1171,14.693
ajustada,sazonal_ingenuo,2020-01-01,4,2020-05-01,39142.8557,34785.381,4357.4747,12.5267
ajustada,sazonal_ingenuo,2020-01-01,5,2020-06-01,37263.8865,35956.6612,1307.2253,3.6356
ajustada,sazonal_ingenuo,2020-01-01,6,2020-07-01,36571.1549,36886.1,-314.9451,-0.8538
ajustada,sazonal_ingenuo,2020-01-01,7,2020-08-01,37186.0549,37705.4843,-519.4293,-1.3776
ajustada,sazonal_ingenuo,2020-01-01,8,2020-09-01,39522.8915,41175.8688,-1652.9773,-4.0144
ajustada,sazonal_ingenuo,2020-01-01,9,2020-10-01,40890.0616,41854.3481,-964.2865,-2.3039
ajustada,sazonal_ingenuo,2020-01-01,10,2020-11-01,39825.4368,39631.3111,194.1257,0.4898
ajustada,sazonal_ingenuo,2020-01-01,11,2020-12-01,38952.4638,41006.7822,-2054.3183,-5.0097
ajustada,sazonal_ingenuo,2020-02-01,1,2020-03-01,40668.4992,40023.2502,645.249,1.6122
ajustada,sazonal_ingenuo,2020-02-01,2,2020-04-01,40513.7401,35323.6229,5190.1171,14.693
ajustada,sazonal_ingenuo,2020-02-01,3,2020-05-01,39142.8557,34785.381,4357.4747,12.5267
ajustada,sazonal_ingenuo,2020-02-01,4,2020-06-01,37263.8865,35956.6612,1307.2253,3.6356
ajustada,sazonal_ingenuo,2020-02-01,5,2020-07-01,36571.1549,36886.1,-314.9451,-0.8538
ajustada,sazonal_ingenuo,2020-02-01,6,2020-08-01,37186.0549,37705.4843,-519.4293,-1.3776
ajustada,sazonal_ingenuo,2020-02-01,7,2020-09-01,39522.8915,41175.8688,-1652.9773,-4.0144
ajustada,sazonal_ingenuo,2020-02-01,8,2020-10-01,40890.0616,41854.3481,-964.2865,-2.3039
ajustada,sazonal_ingenuo,2020-02-01,9,2020-11-01,39825.4368,39631.3111,194.1257,0.4898
ajustada,sazonal_ingenuo,2020-02-01,10,2020-12-01,38952.4638,41006.7822,-2054.3183,-5.0097
ajustada,sazonal_ingenuo,2020-03-01,1,2020-04-01,40513.7401,35323.6229,5190.1171,14.693
ajustada,sazonal_ingenuo,2020-03-01,2,2020-05-01,39142.8557,34785.381,4357.4747,12.5267
ajustada,sazonal_ingenuo,2020-03-01,3,2020-06-01,37263.8865,35956.6612,1307.2253,3.6356
ajustada,sazonal_ingenuo,2020-03-01,4,2020-07-01,36571.1549,36886.1,-314.9451,-0.8538
ajustada,sazonal_ingenuo,2020-03-01,5,2020-08-01,37186.0549,37705.4843,-519.4293,-1.3776
ajustada,sazonal_ingenuo,2020-03-01,6,2020-09-01,39522.8915,41175.8688,-1652.9773,-4.0144
ajustada,sazonal_ingenuo,2020-03-01,7,2020-10-01,40890.0616,41854.3481,-964.2865,-2.3039
ajustada,sazonal_ingenuo,2020-03-01,8,2020-11-01,39825.4368,39631.3111,194.1257,0.4898
ajustada,sazonal_ingenuo,2020-03-01,9,2020-12-01,38952.4638,41006.7822,-2054.3183,-5.0097
ajustada,sazonal_ingenuo,2020-04-01,1,2020-05-01,39142.8557,34785.381,4357.4747,12.5267
ajustada,sazonal_ingenuo,2020-04-01,2,2020-06-01,37263.8865,35956.6612,1307.2253,3.6356
ajustada,sazonal_ingenuo,2020-04-01,3,2020-07-01,36571.1549,36886.1,-314.9451,-0.8538
ajustada,sazonal_ingenuo,2020-04-01,4,2020-08-01,37186.0549,37705.4843,-519.4293,-1.3776
ajustada,sazonal_ingenuo,2020-04-01,5,2020-09-01,39522.8915,41175.8688,-1652.9773,-4.0144
ajustada,sazonal_ingenuo,2020-04-01,6,2020-10-01,40890.0616,41854.3481,-964.2865,-2.3039
ajustada,sazonal_ingenuo,2020-04-01,7,2020-11-01,39825.4368,39631.3111,194.1257,0.4898
ajustada,sazonal_ingenuo,2020-04-01,8,2020-12-01,38952.4638,41006.7822,-2054.3183,-5.0097
ajustada,sazonal_ingenuo,2020-05-01,1,2020-06-01,37263.8865,35956.6612,1307.2253,3.6356
ajustada,sazonal_ingenuo,2020-05-01,2,2020-07-01,36571.1549,36886.1,-314.9451,-0.8538
ajustada,sazonal_ingenuo,2020-05-01,3,2020-08-01,37186.0549,37705.4843,-519.4293,-1.3776
ajustada,sazonal_ingenuo,2020-05-01,4,2020-09-01,39522.8915,41175.8688,-1652.9773,-4.0144
ajustada,sazonal_ingenuo,2020-05-01,5,2020-10-01,40890.0616,41854.3481,-964.2865,-2.3039
ajustada,sazonal_ingenuo,2020-05-01,6,2020-11-01,39825.4368,39631.3111,194.1257,0.4898
ajustada,sazonal_ingenuo,2020-05-01,7,2020-12-01,38952.4638,41006.7822,-2054.3183,-5.0097
ajustada,sazonal_ingenuo,2020-06-01,1,2020-07-01,36571.1549,36886.1,-314.9451,-0.8538
ajustada,sazonal_ingenuo,2020-06-01,2,2020-08-01,37186.0549,37705.4843,-519.4293,-1.3776
ajustada,sazonal_ingenuo,2020-06-01,3,2020-09-01,39522.8915,41175.8688,-1652.9773,-4.0144
ajustada,sazonal_ingenuo,2020-06-01,4,2020-10-01,40890.0616,41854.3481,-964.2865,-2.3039
ajustada,sazonal_ingenuo,2020-06-01,5,2020-11-01,39825.4368,39631.3111,194.1257,0.4898
ajustada,sazonal_ingenuo,2020-06-01,6,2020-12-01,38952.4638,41006.7822,-2054.3183,-5.0097
ajustada,sazonal_ingenuo,2020-07-01,1,2020-08-01,37186.0549,37705.4843,-519.4293,-1.3776
ajustada,sazonal_ingenuo,2020-07-01,2,2020-09-01,39522.8915,41175.8688,-1652.9773,-4.0144
ajustada,sazonal_ingenuo,2020-07-01,3,2020-10-01,40890.0616,41854.3481,-964.2865,-2.3039
ajustada,sazonal_ingenuo,2020-07-01,4,2020-11-01,39825.4368,39631.3111,194.1257,0.4898
ajustada,sazonal_ingenuo,2020-07-01,5,2020-12-01,38952.4638,41006.7822,-2054.3183,-5.0097
ajustada,sazonal_ingenuo,2020-08-01,1,2020-09-01,39522.8915,41175.8688,-1652.9773,-4.0144
ajustada,sazonal_ingenuo,2020-08-01,2,2020-10-01,40890.0616,41854.3481,-964.2865,-2.3039
ajustada,sazonal_ingenuo,2020-08-01,3,2020-11-01,39825.4368,39631.3111,194.1257,0.4898
ajustada,sazonal_ingenuo,2020-08-01,4,2020-12-01,38952.4638,41006.7822,-2054.3183,-5.0097
ajustada,sazonal_ingenuo,2020-09-01,1,2020-10-01,40890.0616,41854.3481,-964.2865,-2.3039
ajustada,sazonal_ingenuo,2020-09-01,2,2020-11-01,39825.4368,39631.3111,194.1257,0.4898
ajustada,sazonal_ingenuo,2020-09-01,3,2020-12-01,38952.4638,41006.7822,-2054.3183,-5.0097
ajustada,sazonal_ingenuo,2020-10-01,1,2020-11-01,39825.4368,39631.3111,194.1257,0.4898
ajustada,sazonal_ingenuo,2020-10-01,2,2020-12-01,38952.4638,41006.7822,-2054.3183,-5.0097
ajustada,sazonal_ingenuo,2020-11-01,1,2020-12-01,38952.4638,41006.7822,-2054.3183,-5.0097
ajustada,sazonal_crescimento,2019-12-01,1,2020-01-01,44103.5717,40972.8312,3130.7405,7.641
ajustada,sazonal_crescimento,2019-12-01,2,2020-02-01,42945.8307,41274.1167,1671.7141,4.0503
ajustada,sazonal_crescimento,2019-12-01,3,2020-03-01,41512.7534,40023.2502,1489.5032,3.7216
ajustada,sazonal_crescimento,2019-12-01,4,2020-04-01,41354.7816,35323.6229,6031.1586,17.074
ajustada,sazonal_crescimento,2019-12-01,5,2020-05-01,39955.4384,34785.381,5170.0574,14.8627
ajustada,sazonal_crescimento,2019-12-01,6,2020-06-01,38037.4629,35956.6612,2080.8017,5.787
ajustada,sazonal_crescimento,2019-12-01,7,2020-07-01,37330.3507,36886.1,444.2506,1.2044
ajustada,sazonal_crescimento,2019-12-01,8,2020-08-01,37958.0157,37705.4843,252.5314,0.6697
ajustada,sazonal_crescimento,2019-12-01,9,2020-09-01,40343.3636,41175.8688,-832.5052,-2.0218
ajustada,sazonal_crescimento,2019-12-01,10,2020-10-01,41738.9153,41854.3481,-115.4328,-0.2758
ajustada,sazonal_crescimento,2019-12-01,11,2020-11-01,40652.1895,39631.3111,1020.8784,2.5759
ajustada,sazonal_crescimento,2019-12-01,12,2020-12-01,39761.0942,41006.7822,-1245.688,-3.0378
ajustada,sazonal_crescimento,2020-01-01,1,2020-02-01,42455.4203,41274.1167,1181.3037,2.8621
ajustada,sazonal_crescimento,2020-01-01,2,2020-03-01,41038.7077,40023.2502,1015.4575,2.5372
ajustada,sazonal_crescimento,2020-01-01,3,2020-04-01,40882.5398,35323.6229,5558.9169,15.7371
ajustada,sazonal_crescimento,2020-01-01,4,2020-05-01,39499.1762,34785.381,4713.7952,13.5511
ajustada,sazonal_crescimento,2020-01-01,5,2020-06-01,37603.1025,35956.6612,1646.4414,4.579
ajustada,sazonal_crescimento,2020-01-01,6,2020-07-01,36904.065,36886.1,17.965,0.0487
ajustada,sazonal_crescimento,2020-01-01,7,2020-08-01,37524.5625,37705.4843,-180.9217,-0.4798
ajustada,sazonal_crescimento,2020-01-01,8,2020-09-01,39882.6715,41175.8688,-1293.1973,-3.1407
ajustada,sazonal_crescimento,2020-01-01,9,2020-10-01,41262.2871,41854.3481,-592.061,-1.4146
ajustada,sazonal_crescimento,2020-01-01,10,2020-11-01,40187.9709,39631.3111,556.6597,1.4046
ajustada,sazonal_crescimento,2020-01-01,11,2020-12-01,39307.0512,41006.7822,-1699.731,-4.145
ajustada,sazonal_crescimento,2020-02-01,1,2020-03-01,40781.9418,40023.2502,758.6916,1.8956
ajustada,sazonal_crescimento,2020-02-01,2,2020-04-01,40626.751,35323.6229,5303.1281,15.013
ajustada,sazonal_crescimento,2020-02-01,3,2020-05-01,39252.0426,34785.381,4466.6616,12.8406
ajustada,sazonal_crescimento,2020-02-01,4,2020-06-01,37367.8321,35956.6612,1411.1709,3.9246
ajustada,sazonal_crescimento,2020-02-01,5,2020-07-01,36673.1682,36886.1,-212.9318,-0.5773
ajustada,sazonal_crescimento,2020-02-01,6,2020-08-01,37289.7835,37705.4843,-415.7008,-1.1025
ajustada,sazonal_crescimento,2020-02-01,7,2020-09-01,39633.1385,41175.8688,-1542.7303,-3.7467
ajustada,sazonal_crescimento,2020-02-01,8,2020-10-01,41004.1223,41854.3481,-850.2258,-2.0314
ajustada,sazonal_crescimento,2020-02-01,9,2020-11-01,39936.5278,39631.3111,305.2166,0.7701
ajustada,sazonal_crescimento,2020-02-01,10,2020-12-01,39061.1197,41006.7822,-1945.6625,-4.7447
ajustada,sazonal_crescimento,2020-03-01,1,2020-04-01,40671.6932,35323.6229,5348.0703,15.1402
ajustada,sazonal_crescimento,2020-03-01,2,2020-05-01,39295.4641,34785.381,4510.0831,12.9655
ajustada,sazonal_crescimento,2020-03-01,3,2020-06-01,37409.1692,35956.6612,1452.508,4.0396
ajustada,sazonal_crescimento,2020-03-01,4,2020-07-01,36713.7369,36886.1,-172.3631,-0.4673
ajustada,sazonal_crescimento,2020-03-01,5,2020-08-01,37331.0343,37705.4843,-374.45,-0.9931
ajustada,sazonal_crescimento,2020-03-01,6,2020-09-01,39676.9816,41175.8688,-1498.8872,-3.6402
ajustada,sazonal_crescimento,2020-03-01,7,2020-10-01,41049.482,41854.3481,-804.8661,-1.923
ajustada,sazonal_crescimento,2020-03-01,8,2020-11-01,39980.7064,39631.3111,349.3953,0.8816
ajustada,sazonal_crescimento,2020-03-01,9,2020-12-01,39104.33,41006.7822,-1902.4522,-4.6394
ajustada,sazonal_crescimento,2020-04-01,1,2020-05-01,38781.2958,34785.381,3995.9148,11.4873
ajustada,sazonal_crescimento,2020-04-01,2,2020-06-01,36919.6825,35956.6612,963.0213,2.6783
ajustada,sazonal_crescimento,2020-04-01,3,2020-07-01,36233.3497,36886.1,-652.7504,-1.7696
ajustada,sazonal_crescimento,2020-04-01,4,2020-08-01,36842.5699,37705.4843,-862.9144,-2.2886
ajustada,sazonal_crescimento,2020-04-01,5,2020-09-01,39157.8212,41175.8688,-2018.0476,-4.901
ajustada,sazonal_crescimento,2020-04-01,6,2020-10-01,40512.3629,41854.3481,-1341.9852,-3.2063
ajustada,sazonal_crescimento,2020-04-01,7,2020-11-01,39457.572,39631.3111,-173.7392,-0.4384
ajustada,sazonal_crescimento,2020-04-01,8,2020-12-01,38592.6626,41006.7822,-2414.1196,-5.8871
ajustada,sazonal_crescimento,2020-05-01,1,2020-06-01,36429.6642,35956.6612,473.003,1.3155
ajustada,sazonal_crescimento,2020-05-01,2,2020-07-01,35752.4407,36886.1,-1133.6593,-3.0734
ajustada,sazonal_crescimento,2020-05-01,3,2020-08-01,36353.5751,37705.4843,-1351.9092,-3.5854
ajustada,sazonal_crescimento,2020-05-01,4,2020-09-01,38638.0971,41175.8688,-2537.7717,-6.1632
ajustada,sazonal_crescimento,2020-05-01,5,2020-10-01,39974.6606,41854.3481,-1879.6875,-4.491
ajustada,sazonal_crescimento,2020-05-01,6,2020-11-01,38933.8694,39631.3111,-697.4417,-1.7598
ajustada,sazonal_crescimento,2020-05-01,7,2020-12-01,38080.4396,41006.7822,-2926.3426,-7.1362
ajustada,sazonal_crescimento,2020-06-01,1,2020-07-01,35631.4923,36886.1,-1254.6077,-3.4013
ajustada,sazonal_crescimento,2020-06-01,2,2020-08-01,36230.593,37705.4843,-1474.8912,-3.9116
ajustada,sazonal_crescimento,2020-06-01,3,2020-09-01,38507.3867,41175.8688,-2668.4821,-6.4807
ajustada,sazonal_crescimento,2020-06-01,4,2020-10-01,39839.4286,41854.3481,-2014.9195,-4.8141
ajustada,sazonal_crescimento,2020-06-01,5,2020-11-01,38802.1584,39631.3111,-829.1528,-2.0922
ajustada,sazonal_crescimento,2020-06-01,6,2020-12-01,37951.6156,41006.7822,-3055.1665,-7.4504
ajustada,sazonal_crescimento,2020-07-01,1,2020-08-01,36288.2177,37705.4843,-1417.2666,-3.7588
ajustada,sazonal_crescimento,2020-07-01,2,2020-09-01,38568.6326,41175.8688,-2607.2363,-6.332
ajustada,sazonal_crescimento,2020-07-01,3,2020-10-01,39902.7931,41854.3481,-1951.555,-4.6627
ajustada,sazonal_crescimento,2020-07-01,4,2020-11-01,38863.8731,39631.3111,-767.4381,-1.9364
ajustada,sazonal_crescimento,2020-07-01,5,2020-12-01,38011.9776,41006.7822,-2994.8046,-7.3032
ajustada,sazonal_crescimento,2020-08-01,1,2020-09-01,38626.7453,41175.8688,-2549.1235,-6.1908
ajustada,sazonal_crescimento,2020-08-01,2,2020-10-01,39962.9161,41854.3481,-1891.432,-4.5191
ajustada,sazonal_crescimento,2020-08-01,3,2020-11-01,38922.4307,39631.3111,-708.8805,-1.7887
ajustada,sazonal_crescimento,2020-08-01,4,2020-12-01,38069.2516,41006.7822,-2937.5306,-7.1635
ajustada,sazonal_crescimento,2020-09-01,1,2020-10-01,39984.376,41854.3481,-1869.9721,-4.4678
ajustada,sazonal_crescimento,2020-09-01,2,2020-11-01,38943.3319,39631.3111,-687.9792,-1.7359
ajustada,sazonal_crescimento,2020-09-01,3,2020-12-01,38089.6947,41006.7822,-2917.0875,-7.1137
ajustada,sazonal_crescimento,2020-10-01,1,2020-11-01,38891.5692,39631.3111,-739.7419,-1.8666
ajustada,sazonal_crescimento,2020-10-01,2,2020-12-01,38039.0666,41006.7822,-2967.7156,-7.2371
ajustada,sazonal_crescimento,2020-11-01,1,2020-12-01,37961.9931,41006.7822,-3044.7891,-7.4251
original_nos_pares_da_ajustada,sazonal_ingenuo,2019-01-01,12,2020-01-01,42133.9275,39577.5675,2556.36,6.4591
original_nos_pares_da_ajustada,sazonal_ingenuo,2019-02-01,11,2020-01-01,42133.9275,39577.5675,2556.36,6.4591
original_nos_pares_da_ajustada,sazonal_ingenuo,2019-02-01,12,2020-02-01,40667.0042,39505.4525,1161.5517,2.9402
original_nos_pares_da_ajustada,sazonal_ingenuo,2019-03-01,10,2020-01-01,42133.9275,39577.5675,2556.36,6.4591
original_nos_pares_da_ajustada,sazonal_ingenuo,2019-03-01,11,2020-02-01,40667.0042,39505.4525,1161.5517,2.9402
original_nos_pares_da_ajustada,sazonal_ingenuo,2019-03-01,12,2020-03-01,38892.6826,37954.8533,937.8293,2.4709
original_nos_pares_da_ajustada,sazonal_ingenuo,2019-04-01,9,2020-01-01,42133.9275,39577.5675,2556.36,6.4591
original_nos_pares_da_ajustada,sazonal_ingenuo,2019-04-01,10,2020-02-01,40667.0042,39505.4525,1161.5517,2.9402
original_nos_pares_da_ajustada,sazonal_ingenuo,2019-04-01,11,2020-03-01,38892.6826,37954.8533,937.8293,2.4709
original_nos_pares_da_ajustada,sazonal_ingenuo,2019-04-01,12,2020-04-01,37888.0324,32396.5165,5491.5158,16.9509
original_nos_pares_da_ajustada,sazonal_ingenuo,2019-05-01,8,2020-01-01,42133.9275,39577.5675,2556.36,6.4591
original_nos_pares_da_ajustada,sazonal_ingenuo,2019-05-01,9,2020-02-01,40667.0042,39505.4525,1161.5517,2.9402
original_nos_pares_da_ajustada,sazonal_ingenuo,2019-05-01,10,2020-03-01,38892.6826,37954.8533,937.8293,2.4709
original_nos_pares_da_ajustada,sazonal_ingenuo,2019-05-01,11,2020-04-01,37888.0324,32396.5165,5491.5158,16.9509
original_nos_pares_da_ajustada,sazonal_ingenuo,2019-05-01,12,2020-05-01,35795.5702,31278.0801,4517.4901,14.443
original_nos_pares_da_ajustada,sazonal_ingenuo,2019-06-01,7,2020-01-01,42133.9275,39577.5675,2556.36,6.4591
original_nos_pares_da_ajustada,sazonal_ingenuo,2019-06-01,8,2020-02-01,40667.0042,39505.4525,1161.5517,2.9402
original_nos_pares_da_ajustada,sazonal_ingenuo,2019-06-01,9,2020-03-01,38892.6826,37954.8533,937.8293,2.4709
original_nos_pares_da_ajustada,sazonal_ingenuo,2019-06-01,10,2020-04-01,37888.0324,32396.5165,5491.5158,16.9509
original_nos_pares_da_ajustada,sazonal_ingenuo,2019-06-01,11,2020-05-01,35795.5702,31278.0801,4517.4901,14.443
original_nos_pares_da_ajustada,sazonal_ingenuo,2019-06-01,12,2020-06-01,34226.9213,32643.9785,1582.9428,4.8491
original_nos_pares_da_ajustada,sazonal_ingenuo,2019-07-01,6,2020-01-01,42133.9275,39577.5675,2556.36,6.4591
original_nos_pares_da_ajustada,sazonal_ingenuo,2019-07-01,7,2020-02-01,40667.0042,39505.4525,1161.5517,2.9402
original_nos_pares_da_ajustada,sazonal_ingenuo,2019-07-01,8,2020-03-01,38892.6826,37954.8533,937.8293,2.4709
original_nos_pares_da_ajustada,sazonal_ingenuo,2019-07-01,9,2020-04-01,37888.0324,32396.5165,5491.5158,16.9509
original_nos_pares_da_ajustada,sazonal_ingenuo,2019-07-01,10,2020-05-01,35795.5702,31278.0801,4517.4901,14.443
original_nos_pares_da_ajustada,sazonal_ingenuo,2019-07-01,11,2020-06-01,34226.9213,32643.9785,1582.9428,4.8491
original_nos_pares_da_ajustada,sazonal_ingenuo,2019-07-01,12,2020-07-01,33569.6216,33652.7906,-83.169,-0.2471
original_nos_pares_da_ajustada,sazonal_ingenuo,2019-08-01,5,2020-01-01,42133.9275,39577.5675,2556.36,6.4591
original_nos_pares_da_ajustada,sazonal_ingenuo,2019-08-01,6,2020-02-01,40667.0042,39505.4525,1161.5517,2.9402
original_nos_pares_da_ajustada,sazonal_ingenuo,2019-08-01,7,2020-03-01,38892.6826,37954.8533,937.8293,2.4709
original_nos_pares_da_ajustada,sazonal_ingenuo,2019-08-01,8,2020-04-01,37888.0324,32396.5165,5491.5158,16.9509
original_nos_pares_da_ajustada,sazonal_ingenuo,2019-08-01,9,2020-05-01,35795.5702,31278.0801,4517.4901,14.443
original_nos_pares_da_ajustada,sazonal_ingenuo,2019-08-01,10,2020-06-01,34226.9213,32643.9785,1582.9428,4.8491
original_nos_pares_da_ajustada,sazonal_ingenuo,2019-08-01,11,2020-07-01,33569.6216,33652.7906,-83.169,-0.2471
original_nos_pares_da_ajustada,sazonal_ingenuo,2019-08-01,12,2020-08-01,34180.6521,34682.8142,-502.1621,-1.4479
original_nos_pares_da_ajustada,sazonal_ingenuo,2019-09-01,4,2020-01-01,42133.9275,39577.5675,2556.36,6.4591
original_nos_pares_da_ajustada,sazonal_ingenuo,2019-09-01,5,2020-02-01,40667.0042,39505.4525,1161.5517,2.9402
original_nos_pares_da_ajustada,sazonal_ingenuo,2019-09-01,6,2020-03-01,38892.6826,37954.8533,937.8293,2.4709
original_nos_pares_da_ajustada,sazonal_ingenuo,2019-09-01,7,2020-04-01,37888.0324,32396.5165,5491.5158,16.9509
original_nos_pares_da_ajustada,sazonal_ingenuo,2019-09-01,8,2020-05-01,35795.5702,31278.0801,4517.4901,14.443
original_nos_pares_da_ajustada,sazonal_ingenuo,2019-09-01,9,2020-06-01,34226.9213,32643.9785,1582.9428,4.8491
original_nos_pares_da_ajustada,sazonal_ingenuo,2019-09-01,10,2020-07-01,33569.6216,33652.7906,-83.169,-0.2471
original_nos_pares_da_ajustada,sazonal_ingenuo,2019-09-01,11,2020-08-01,34180.6521,34682.8142,-502.1621,-1.4479
original_nos_pares_da_ajustada,sazonal_ingenuo,2019-09-01,12,2020-09-01,36699.7232,38260.4858,-1560.7626,-4.0793
original_nos_pares_da_ajustada,sazonal_ingenuo,2019-10-01,3,2020-01-01,42133.9275,39577.5675,2556.36,6.4591
original_nos_pares_da_ajustada,sazonal_ingenuo,2019-10-01,4,2020-02-01,40667.0042,39505.4525,1161.5517,2.9402
original_nos_pares_da_ajustada,sazonal_ingenuo,2019-10-01,5,2020-03-01,38892.6826,37954.8533,937.8293,2.4709
original_nos_pares_da_ajustada,sazonal_ingenuo,2019-10-01,6,2020-04-01,37888.0324,32396.5165,5491.5158,16.9509
original_nos_pares_da_ajustada,sazonal_ingenuo,2019-10-01,7,2020-05-01,35795.5702,31278.0801,4517.4901,14.443
original_nos_pares_da_ajustada,sazonal_ingenuo,2019-10-01,8,2020-06-01,34226.9213,32643.9785,1582.9428,4.8491
original_nos_pares_da_ajustada,sazonal_ingenuo,2019-10-01,9,2020-07-01,33569.6216,33652.7906,-83.169,-0.2471
original_nos_pares_da_ajustada,sazonal_ingenuo,2019-10-01,10,2020-08-01,34180.6521,34682.8142,-502.1621,-1.4479
original_nos_pares_da_ajustada,sazonal_ingenuo,2019-10-01,11,2020-09-01,36699.7232,38260.4858,-1560.7626,-4.0793
original_nos_pares_da_ajustada,sazonal_ingenuo,2019-10-01,12,2020-10-01,37918.2543,38984.2208,-1065.9665,-2.7344
original_nos_pares_da_ajustada,sazonal_ingenuo,2019-11-01,2,2020-01-01,42133.9275,39577.5675,2556.36,6.4591
original_nos_pares_da_ajustada,sazonal_ingenuo,2019-11-01,3,2020-02-01,40667.0042,39505.4525,1161.5517,2.9402
original_nos_pares_da_ajustada,sazonal_ingenuo,2019-11-01,4,2020-03-01,38892.6826,37954.8533,937.8293,2.4709
original_nos_pares_da_ajustada,sazonal_ingenuo,2019-11-01,5,2020-04-01,37888.0324,32396.5165,5491.5158,16.9509
original_nos_pares_da_ajustada,sazonal_ingenuo,2019-11-01,6,2020-05-01,35795.5702,31278.0801,4517.4901,14.443
original_nos_pares_da_ajustada,sazonal_ingenuo,2019-11-01,7,2020-06-01,34226.9213,32643.9785,1582.9428,4.8491
original_nos_pares_da_ajustada,sazonal_ingenuo,2019-11-01,8,2020-07-01,33569.6216,33652.7906,-83.169,-0.2471
original_nos_pares_da_ajustada,sazonal_ingenuo,2019-11-01,9,2020-08-01,34180.6521,34682.8142,-502.1621,-1.4479
original_nos_pares_da_ajustada,sazonal_ingenuo,2019-11-01,10,2020-09-01,36699.7232,38260.4858,-1560.7626,-4.0793
original_nos_pares_da_ajustada,sazonal_ingenuo,2019-11-01,11,2020-10-01,37918.2543,38984.2208,-1065.9665,-2.7344
original_nos_pares_da_ajustada,sazonal_ingenuo,2019-11-01,12,2020-11-01,37089.4265,37609.3948,-519.9683,-1.3825
original_nos_pares_da_ajustada,sazonal_ingenuo,2019-12-01,1,2020-01-01,42133.9275,39577.5675,2556.36,6.4591
original_nos_pares_da_ajustada,sazonal_ingenuo,2019-12-01,2,2020-02-01,40667.0042,39505.4525,1161.5517,2.9402
original_nos_pares_da_ajustada,sazonal_ingenuo,2019-12-01,3,2020-03-01,38892.6826,37954.8533,937.8293,2.4709
original_nos_pares_da_ajustada,sazonal_ingenuo,2019-12-01,4,2020-04-01,37888.0324,32396.5165,5491.5158,16.9509
original_nos_pares_da_ajustada,sazonal_ingenuo,2019-12-01,5,2020-05-01,35795.5702,31278.0801,4517.4901,14.443
original_nos_pares_da_ajustada,sazonal_ingenuo,2019-12-01,6,2020-06-01,34226.9213,32643.9785,1582.9428,4.8491
original_nos_pares_da_ajustada,sazonal_ingenuo,2019-12-01,7,2020-07-01,33569.6216,33652.7906,-83.169,-0.2471
original_nos_pares_da_ajustada,sazonal_ingenuo,2019-12-01,8,2020-08-01,34180.6521,34682.8142,-502.1621,-1.4479
original_nos_pares_da_ajustada,sazonal_ingenuo,2019-12-01,9,2020-09-01,36699.7232,38260.4858,-1560.7626,-4.0793
original_nos_pares_da_ajustada,sazonal_ingenuo,2019-12-01,10,2020-10-01,37918.2543,38984.2208,-1065.9665,-2.7344
original_nos_pares_da_ajustada,sazonal_ingenuo,2019-12-01,11,2020-11-01,37089.4265,37609.3948,-519.9683,-1.3825
original_nos_pares_da_ajustada,sazonal_ingenuo,2019-12-01,12,2020-12-01,36887.2681,39185.0108,-2297.7426,-5.8638
original_nos_pares_da_ajustada,sazonal_ingenuo,2020-01-01,1,2020-02-01,40667.0042,39505.4525,1161.5517,2.9402
original_nos_pares_da_ajustada,sazonal_ingenuo,2020-01-01,2,2020-03-01,38892.6826,37954.8533,937.8293,2.4709
original_nos_pares_da_ajustada,sazonal_ingenuo,2020-01-01,3,2020-04-01,37888.0324,32396.5165,5491.5158,16.9509
original_nos_pares_da_ajustada,sazonal_ingenuo,2020-01-01,4,2020-05-01,35795.5702,31278.0801,4517.4901,14.443
original_nos_pares_da_ajustada,sazonal_ingenuo,2020-01-01,5,2020-06-01,34226.9213,32643.9785,1582.9428,4.8491
original_nos_pares_da_ajustada,sazonal_ingenuo,2020-01-01,6,2020-07-01,33569.6216,33652.7906,-83.169,-0.2471
original_nos_pares_da_ajustada,sazonal_ingenuo,2020-01-01,7,2020-08-01,34180.6521,34682.8142,-502.1621,-1.4479
original_nos_pares_da_ajustada,sazonal_ingenuo,2020-01-01,8,2020-09-01,36699.7232,38260.4858,-1560.7626,-4.0793
original_nos_pares_da_ajustada,sazonal_ingenuo,2020-01-01,9,2020-10-01,37918.2543,38984.2208,-1065.9665,-2.7344
original_nos_pares_da_ajustada,sazonal_ingenuo,2020-01-01,10,2020-11-01,37089.4265,37609.3948,-519.9683,-1.3825
original_nos_pares_da_ajustada,sazonal_ingenuo,2020-01-01,11,2020-12-01,36887.2681,39185.0108,-2297.7426,-5.8638
original_nos_pares_da_ajustada,sazonal_ingenuo,2020-02-01,1,2020-03-01,38892.6826,37954.8533,937.8293,2.4709
original_nos_pares_da_ajustada,sazonal_ingenuo,2020-02-01,2,2020-04-01,37888.0324,32396.5165,5491.5158,16.9509
original_nos_pares_da_ajustada,sazonal_ingenuo,2020-02-01,3,2020-05-01,35795.5702,31278.0801,4517.4901,14.443
original_nos_pares_da_ajustada,sazonal_ingenuo,2020-02-01,4,2020-06-01,34226.9213,32643.9785,1582.9428,4.8491
original_nos_pares_da_ajustada,sazonal_ingenuo,2020-02-01,5,2020-07-01,33569.6216,33652.7906,-83.169,-0.2471
original_nos_pares_da_ajustada,sazonal_ingenuo,2020-02-01,6,2020-08-01,34180.6521,34682.8142,-502.1621,-1.4479
original_nos_pares_da_ajustada,sazonal_ingenuo,2020-02-01,7,2020-09-01,36699.7232,38260.4858,-1560.7626,-4.0793
original_nos_pares_da_ajustada,sazonal_ingenuo,2020-02-01,8,2020-10-01,37918.2543,38984.2208,-1065.9665,-2.7344
original_nos_pares_da_ajustada,sazonal_ingenuo,2020-02-01,9,2020-11-01,37089.4265,37609.3948,-519.9683,-1.3825
original_nos_pares_da_ajustada,sazonal_ingenuo,2020-02-01,10,2020-12-01,36887.2681,39185.0108,-2297.7426,-5.8638
original_nos_pares_da_ajustada,sazonal_ingenuo,2020-03-01,1,2020-04-01,37888.0324,32396.5165,5491.5158,16.9509
original_nos_pares_da_ajustada,sazonal_ingenuo,2020-03-01,2,2020-05-01,35795.5702,31278.0801,4517.4901,14.443
original_nos_pares_da_ajustada,sazonal_ingenuo,2020-03-01,3,2020-06-01,34226.9213,32643.9785,1582.9428,4.8491
original_nos_pares_da_ajustada,sazonal_ingenuo,2020-03-01,4,2020-07-01,33569.6216,33652.7906,-83.169,-0.2471
original_nos_pares_da_ajustada,sazonal_ingenuo,2020-03-01,5,2020-08-01,34180.6521,34682.8142,-502.1621,-1.4479
original_nos_pares_da_ajustada,sazonal_ingenuo,2020-03-01,6,2020-09-01,36699.7232,38260.4858,-1560.7626,-4.0793
original_nos_pares_da_ajustada,sazonal_ingenuo,2020-03-01,7,2020-10-01,37918.2543,38984.2208,-1065.9665,-2.7344
original_nos_pares_da_ajustada,sazonal_ingenuo,2020-03-01,8,2020-11-01,37089.4265,37609.3948,-519.9683,-1.3825
original_nos_pares_da_ajustada,sazonal_ingenuo,2020-03-01,9,2020-12-01,36887.2681,39185.0108,-2297.7426,-5.8638
original_nos_pares_da_ajustada,sazonal_ingenuo,2020-04-01,1,2020-05-01,35795.5702,31278.0801,4517.4901,14.443
original_nos_pares_da_ajustada,sazonal_ingenuo,2020-04-01,2,2020-06-01,34226.9213,32643.9785,1582.9428,4.8491
original_nos_pares_da_ajustada,sazonal_ingenuo,2020-04-01,3,2020-07-01,33569.6216,33652.7906,-83.169,-0.2471
original_nos_pares_da_ajustada,sazonal_ingenuo,2020-04-01,4,2020-08-01,34180.6521,34682.8142,-502.1621,-1.4479
original_nos_pares_da_ajustada,sazonal_ingenuo,2020-04-01,5,2020-09-01,36699.7232,38260.4858,-1560.7626,-4.0793
original_nos_pares_da_ajustada,sazonal_ingenuo,2020-04-01,6,2020-10-01,37918.2543,38984.2208,-1065.9665,-2.7344
original_nos_pares_da_ajustada,sazonal_ingenuo,2020-04-01,7,2020-11-01,37089.4265,37609.3948,-519.9683,-1.3825
original_nos_pares_da_ajustada,sazonal_ingenuo,2020-04-01,8,2020-12-01,36887.2681,39185.0108,-2297.7426,-5.8638
original_nos_pares_da_ajustada,sazonal_ingenuo,2020-05-01,1,2020-06-01,34226.9213,32643.9785,1582.9428,4.8491
original_nos_pares_da_ajustada,sazonal_ingenuo,2020-05-01,2,2020-07-01,33569.6216,33652.7906,-83.169,-0.2471
original_nos_pares_da_ajustada,sazonal_ingenuo,2020-05-01,3,2020-08-01,34180.6521,34682.8142,-502.1621,-1.4479
original_nos_pares_da_ajustada,sazonal_ingenuo,2020-05-01,4,2020-09-01,36699.7232,38260.4858,-1560.7626,-4.0793
original_nos_pares_da_ajustada,sazonal_ingenuo,2020-05-01,5,2020-10-01,37918.2543,38984.2208,-1065.9665,-2.7344
original_nos_pares_da_ajustada,sazonal_ingenuo,2020-05-01,6,2020-11-01,37089.4265,37609.3948,-519.9683,-1.3825
original_nos_pares_da_ajustada,sazonal_ingenuo,2020-05-01,7,2020-12-01,36887.2681,39185.0108,-2297.7426,-5.8638
original_nos_pares_da_ajustada,sazonal_ingenuo,2020-06-01,1,2020-07-01,33569.6216,33652.7906,-83.169,-0.2471
original_nos_pares_da_ajustada,sazonal_ingenuo,2020-06-01,2,2020-08-01,34180.6521,34682.8142,-502.1621,-1.4479
original_nos_pares_da_ajustada,sazonal_ingenuo,2020-06-01,3,2020-09-01,36699.7232,38260.4858,-1560.7626,-4.0793
original_nos_pares_da_ajustada,sazonal_ingenuo,2020-06-01,4,2020-10-01,37918.2543,38984.2208,-1065.9665,-2.7344
original_nos_pares_da_ajustada,sazonal_ingenuo,2020-06-01,5,2020-11-01,37089.4265,37609.3948,-519.9683,-1.3825
original_nos_pares_da_ajustada,sazonal_ingenuo,2020-06-01,6,2020-12-01,36887.2681,39185.0108,-2297.7426,-5.8638
original_nos_pares_da_ajustada,sazonal_ingenuo,2020-07-01,1,2020-08-01,34180.6521,34682.8142,-502.1621,-1.4479
original_nos_pares_da_ajustada,sazonal_ingenuo,2020-07-01,2,2020-09-01,36699.7232,38260.4858,-1560.7626,-4.0793
original_nos_pares_da_ajustada,sazonal_ingenuo,2020-07-01,3,2020-10-01,37918.2543,38984.2208,-1065.9665,-2.7344
original_nos_pares_da_ajustada,sazonal_ingenuo,2020-07-01,4,2020-11-01,37089.4265,37609.3948,-519.9683,-1.3825
original_nos_pares_da_ajustada,sazonal_ingenuo,2020-07-01,5,2020-12-01,36887.2681,39185.0108,-2297.7426,-5.8638
original_nos_pares_da_ajustada,sazonal_ingenuo,2020-08-01,1,2020-09-01,36699.7232,38260.4858,-1560.7626,-4.0793
original_nos_pares_da_ajustada,sazonal_ingenuo,2020-08-01,2,2020-10-01,37918.2543,38984.2208,-1065.9665,-2.7344
original_nos_pares_da_ajustada,sazonal_ingenuo,2020-08-01,3,2020-11-01,37089.4265,37609.3948,-519.9683,-1.3825
original_nos_pares_da_ajustada,sazonal_ingenuo,2020-08-01,4,2020-12-01,36887.2681,39185.0108,-2297.7426,-5.8638
original_nos_pares_da_ajustada,sazonal_ingenuo,2020-09-01,1,2020-10-01,37918.2543,38984.2208,-1065.9665,-2.7344
original_nos_pares_da_ajustada,sazonal_ingenuo,2020-09-01,2,2020-11-01,37089.4265,37609.3948,-519.9683,-1.3825
original_nos_pares_da_ajustada,sazonal_ingenuo,2020-09-01,3,2020-12-01,36887.2681,39185.0108,-2297.7426,-5.8638
original_nos_pares_da_ajustada,sazonal_ingenuo,2020-10-01,1,2020-11-01,37089.4265,37609.3948,-519.9683,-1.3825
original_nos_pares_da_ajustada,sazonal_ingenuo,2020-10-01,2,2020-12-01,36887.2681,39185.0108,-2297.7426,-5.8638
original_nos_pares_da_ajustada,sazonal_ingenuo,2020-11-01,1,2020-12-01,36887.2681,39185.0108,-2297.7426,-5.8638
original_nos_pares_da_ajustada,sazonal_crescimento,2019-12-01,1,2020-01-01,42905.7032,39577.5675,3328.1357,8.4091
original_nos_pares_da_ajustada,sazonal_crescimento,2019-12-01,2,2020-02-01,41411.91,39505.4525,1906.4575,4.8258
original_nos_pares_da_ajustada,sazonal_crescimento,2019-12-01,3,2020-03-01,39605.0878,37954.8533,1650.2345,4.3479
original_nos_pares_da_ajustada,sazonal_crescimento,2019-12-01,4,2020-04-01,38582.0351,32396.5165,6185.5186,19.0932
original_nos_pares_da_ajustada,sazonal_crescimento,2019-12-01,5,2020-05-01,36451.2449,31278.0801,5173.1648,16.5393
original_nos_pares_da_ajustada,sazonal_crescimento,2019-12-01,6,2020-06-01,34853.8627,32643.9785,2209.8842,6.7697
original_nos_pares_da_ajustada,sazonal_crescimento,2019-12-01,7,2020-07-01,34184.5232,33652.7906,531.7325,1.5801
original_nos_pares_da_ajustada,sazonal_crescimento,2019-12-01,8,2020-08-01,34806.7461,34682.8142,123.9318,0.3573
original_nos_pares_da_ajustada,sazonal_crescimento,2019-12-01,9,2020-09-01,37371.9595,38260.4858,-888.5263,-2.3223
original_nos_pares_da_ajustada,sazonal_crescimento,2019-12-01,10,2020-10-01,38612.8107,38984.2208,-371.4101,-0.9527
original_nos_pares_da_ajustada,sazonal_crescimento,2019-12-01,11,2020-11-01,37768.801,37609.3948,159.4062,0.4238
original_nos_pares_da_ajustada,sazonal_crescimento,2019-12-01,12,2020-12-01,37562.9397,39185.0108,-1622.0711,-4.1395
original_nos_pares_da_ajustada,sazonal_crescimento,2020-01-01,1,2020-02-01,40883.3279,39505.4525,1377.8754,3.4878
original_nos_pares_da_ajustada,sazonal_crescimento,2020-01-01,2,2020-03-01,39099.568,37954.8533,1144.7147,3.016
original_nos_pares_da_ajustada,sazonal_crescimento,2020-01-01,3,2020-04-01,38089.5736,32396.5165,5693.057,17.5731
original_nos_pares_da_ajustada,sazonal_crescimento,2020-01-01,4,2020-05-01,35985.9808,31278.0801,4707.9007,15.0518
original_nos_pares_da_ajustada,sazonal_crescimento,2020-01-01,5,2020-06-01,34408.9876,32643.9785,1765.0091,5.4068
original_nos_pares_da_ajustada,sazonal_crescimento,2020-01-01,6,2020-07-01,33748.1915,33652.7906,95.4009,0.2835
original_nos_pares_da_ajustada,sazonal_crescimento,2020-01-01,7,2020-08-01,34362.4723,34682.8142,-320.3419,-0.9236
original_nos_pares_da_ajustada,sazonal_crescimento,2020-01-01,8,2020-09-01,36894.9434,38260.4858,-1365.5424,-3.5691
original_nos_pares_da_ajustada,sazonal_crescimento,2020-01-01,9,2020-10-01,38119.9563,38984.2208,-864.2645,-2.217
original_nos_pares_da_ajustada,sazonal_crescimento,2020-01-01,10,2020-11-01,37286.7196,37609.3948,-322.6752,-0.858
original_nos_pares_da_ajustada,sazonal_crescimento,2020-01-01,11,2020-12-01,37083.4859,39185.0108,-2101.5248,-5.3631
original_nos_pares_da_ajustada,sazonal_crescimento,2020-02-01,1,2020-03-01,38809.4664,37954.8533,854.6132,2.2517
original_nos_pares_da_ajustada,sazonal_crescimento,2020-02-01,2,2020-04-01,37806.9658,32396.5165,5410.4492,16.7007
original_nos_pares_da_ajustada,sazonal_crescimento,2020-02-01,3,2020-05-01,35718.9807,31278.0801,4440.9006,14.1981
original_nos_pares_da_ajustada,sazonal_crescimento,2020-02-01,4,2020-06-01,34153.6881,32643.9785,1509.7096,4.6248
original_nos_pares_da_ajustada,sazonal_crescimento,2020-02-01,5,2020-07-01,33497.7949,33652.7906,-154.9958,-0.4606
original_nos_pares_da_ajustada,sazonal_crescimento,2020-02-01,6,2020-08-01,34107.518,34682.8142,-575.2963,-1.6587
original_nos_pares_da_ajustada,sazonal_crescimento,2020-02-01,7,2020-09-01,36621.1992,38260.4858,-1639.2866,-4.2845
original_nos_pares_da_ajustada,sazonal_crescimento,2020-02-01,8,2020-10-01,37837.1231,38984.2208,-1147.0977,-2.9425
original_nos_pares_da_ajustada,sazonal_crescimento,2020-02-01,9,2020-11-01,37010.0686,37609.3948,-599.3262,-1.5936
original_nos_pares_da_ajustada,sazonal_crescimento,2020-02-01,10,2020-12-01,36808.3428,39185.0108,-2376.6679,-6.0652
original_nos_pares_da_ajustada,sazonal_crescimento,2020-03-01,1,2020-04-01,37823.6828,32396.5165,5427.1663,16.7523
original_nos_pares_da_ajustada,sazonal_crescimento,2020-03-01,2,2020-05-01,35734.7746,31278.0801,4456.6944,14.2486
original_nos_pares_da_ajustada,sazonal_crescimento,2020-03-01,3,2020-06-01,34168.7899,32643.9785,1524.8113,4.671
original_nos_pares_da_ajustada,sazonal_crescimento,2020-03-01,4,2020-07-01,33512.6066,33652.7906,-140.1841,-0.4166
original_nos_pares_da_ajustada,sazonal_crescimento,2020-03-01,5,2020-08-01,34122.5993,34682.8142,-560.215,-1.6153
original_nos_pares_da_ajustada,sazonal_crescimento,2020-03-01,6,2020-09-01,36637.3919,38260.4858,-1623.0938,-4.2422
original_nos_pares_da_ajustada,sazonal_crescimento,2020-03-01,7,2020-10-01,37853.8535,38984.2208,-1130.3673,-2.8996
original_nos_pares_da_ajustada,sazonal_crescimento,2020-03-01,8,2020-11-01,37026.4333,37609.3948,-582.9614,-1.55
original_nos_pares_da_ajustada,sazonal_crescimento,2020-03-01,9,2020-12-01,36824.6183,39185.0108,-2360.3924,-6.0237
original_nos_pares_da_ajustada,sazonal_crescimento,2020-04-01,1,2020-05-01,35193.0098,31278.0801,3914.9296,12.5165
original_nos_pares_da_ajustada,sazonal_crescimento,2020-04-01,2,2020-06-01,33650.7665,32643.9785,1006.788,3.0841
original_nos_pares_da_ajustada,sazonal_crescimento,2020-04-01,3,2020-07-01,33004.5314,33652.7906,-648.2592,-1.9263
original_nos_pares_da_ajustada,sazonal_crescimento,2020-04-01,4,2020-08-01,33605.2762,34682.8142,-1077.538,-3.1068
original_nos_pares_da_ajustada,sazonal_crescimento,2020-04-01,5,2020-09-01,36081.9428,38260.4858,-2178.5429,-5.694
original_nos_pares_da_ajustada,sazonal_crescimento,2020-04-01,6,2020-10-01,37279.962,38984.2208,-1704.2589,-4.3717
original_nos_pares_da_ajustada,sazonal_crescimento,2020-04-01,7,2020-11-01,36465.0861,37609.3948,-1144.3087,-3.0426
original_nos_pares_da_ajustada,sazonal_crescimento,2020-04-01,8,2020-12-01,36266.3307,39185.0108,-2918.68,-7.4485
original_nos_pares_da_ajustada,sazonal_crescimento,2020-05-01,1,2020-06-01,33182.3392,32643.9785,538.3607,1.6492
original_nos_pares_da_ajustada,sazonal_crescimento,2020-05-01,2,2020-07-01,32545.0999,33652.7906,-1107.6908,-3.2915
original_nos_pares_da_ajustada,sazonal_crescimento,2020-05-01,3,2020-08-01,33137.4821,34682.8142,-1545.3321,-4.4556
original_nos_pares_da_ajustada,sazonal_crescimento,2020-05-01,4,2020-09-01,35579.6729,38260.4858,-2680.8129,-7.0067
original_nos_pares_da_ajustada,sazonal_crescimento,2020-05-01,5,2020-10-01,36761.0153,38984.2208,-2223.2055,-5.7028
original_nos_pares_da_ajustada,sazonal_crescimento,2020-05-01,6,2020-11-01,35957.4827,37609.3948,-1651.9121,-4.3923
original_nos_pares_da_ajustada,sazonal_crescimento,2020-05-01,7,2020-12-01,35761.4941,39185.0108,-3423.5167,-8.7368
original_nos_pares_da_ajustada,sazonal_crescimento,2020-06-01,1,2020-07-01,32398.7913,33652.7906,-1253.9994,-3.7263
original_nos_pares_da_ajustada,sazonal_crescimento,2020-06-01,2,2020-08-01,32988.5104,34682.8142,-1694.3038,-4.8851
original_nos_pares_da_ajustada,sazonal_crescimento,2020-06-01,3,2020-09-01,35419.7222,38260.4858,-2840.7636,-7.4248
original_nos_pares_da_ajustada,sazonal_crescimento,2020-06-01,4,2020-10-01,36595.7538,38984.2208,-2388.467,-6.1268
original_nos_pares_da_ajustada,sazonal_crescimento,2020-06-01,5,2020-11-01,35795.8335,37609.3948,-1813.5613,-4.8221
original_nos_pares_da_ajustada,sazonal_crescimento,2020-06-01,6,2020-12-01,35600.726,39185.0108,-3584.2848,-9.1471
original_nos_pares_da_ajustada,sazonal_crescimento,2020-07-01,1,2020-08-01,33020.8263,34682.8142,-1661.9879,-4.792
original_nos_pares_da_ajustada,sazonal_crescimento,2020-07-01,2,2020-09-01,35454.4197,38260.4858,-2806.0661,-7.3341
original_nos_pares_da_ajustada,sazonal_crescimento,2020-07-01,3,2020-10-01,36631.6033,38984.2208,-2352.6175,-6.0348
original_nos_pares_da_ajustada,sazonal_crescimento,2020-07-01,4,2020-11-01,35830.8994,37609.3948,-1778.4954,-4.7289
original_nos_pares_da_ajustada,sazonal_crescimento,2020-07-01,5,2020-12-01,35635.6008,39185.0108,-3549.41,-9.0581
original_nos_pares_da_ajustada,sazonal_crescimento,2020-08-01,1,2020-09-01,35518.5836,38260.4858,-2741.9021,-7.1664
original_nos_pares_da_ajustada,sazonal_crescimento,2020-08-01,2,2020-10-01,36697.8977,38984.2208,-2286.3231,-5.8647
original_nos_pares_da_ajustada,sazonal_crescimento,2020-08-01,3,2020-11-01,35895.7448,37609.3948,-1713.65,-4.5564
original_nos_pares_da_ajustada,sazonal_crescimento,2020-08-01,4,2020-12-01,35700.0927,39185.0108,-3484.9181,-8.8935
original_nos_pares_da_ajustada,sazonal_crescimento,2020-09-01,1,2020-10-01,36730.9192,38984.2208,-2253.3016,-5.78
original_nos_pares_da_ajustada,sazonal_crescimento,2020-09-01,2,2020-11-01,35928.0444,37609.3948,-1681.3504,-4.4706
original_nos_pares_da_ajustada,sazonal_crescimento,2020-09-01,3,2020-12-01,35732.2163,39185.0108,-3452.7945,-8.8115
original_nos_pares_da_ajustada,sazonal_crescimento,2020-10-01,1,2020-11-01,35932.1528,37609.3948,-1677.242,-4.4596
original_nos_pares_da_ajustada,sazonal_crescimento,2020-10-01,2,2020-12-01,35736.3022,39185.0108,-3448.7086,-8.8011
original_nos_pares_da_ajustada,sazonal_crescimento,2020-11-01,1,2020-12-01,35750.1182,39185.0108,-3434.8926,-8.7658
