serie,baseline,ano,previsto_medio_mwmed,real_medio_mwmed,erro_mwmed,erro_pct
original,sazonal_ingenuo,2012,34524.9749,35378.6249,-853.65,-2.4129
original,sazonal_ingenuo,2013,35378.6249,34625.4672,753.1576,2.1752
original,sazonal_ingenuo,2014,34625.4672,36277.0193,-1651.552,-4.5526
original,sazonal_ingenuo,2015,36277.0193,35936.2763,340.743,0.9482
original,sazonal_ingenuo,2016,35936.2763,35617.0525,319.2237,0.8963
original,sazonal_ingenuo,2017,35617.0525,36129.7557,-512.7032,-1.4191
original,sazonal_ingenuo,2018,36129.7557,36493.9565,-364.2007,-0.998
original,sazonal_ingenuo,2019,36493.9565,37162.4237,-668.4672,-1.7988
original,sazonal_crescimento,2012,35818.8693,35378.6249,440.2444,1.2444
original,sazonal_crescimento,2013,36253.3819,34625.4672,1627.9146,4.7015
original,sazonal_crescimento,2014,33888.3432,36277.0193,-2388.6761,-6.5845
original,sazonal_crescimento,2015,38007.3464,35936.2763,2071.0701,5.7632
original,sazonal_crescimento,2016,35598.7338,35617.0525,-18.3188,-0.0514
original,sazonal_crescimento,2017,35300.6645,36129.7557,-829.0912,-2.2948
original,sazonal_crescimento,2018,36649.8392,36493.9565,155.8828,0.4271
original,sazonal_crescimento,2019,36861.8285,37162.4237,-300.5952,-0.8089
ajustada,sazonal_ingenuo,2019,38844.9437,39651.342,-806.3983,-2.0337
original_nos_pares_da_ajustada,sazonal_ingenuo,2019,36493.9565,37162.4237,-668.4672,-1.7988
