candidato,ano,previsto_medio_mwmed,real_medio_mwmed,erro_mwmed,erro_pct
sazonal_ingenuo,2012,34524.9748,35378.6249,-853.6501,-2.4129
sazonal_ingenuo,2013,35378.6249,34625.4673,753.1577,2.1752
sazonal_ingenuo,2014,34625.4673,36277.0192,-1651.552,-4.5526
sazonal_ingenuo,2015,36277.0192,35936.2762,340.7431,0.9482
sazonal_ingenuo,2016,35936.2762,35617.0526,319.2236,0.8963
sazonal_ingenuo,2017,35617.0526,36129.7559,-512.7033,-1.4191
sazonal_ingenuo,2018,36129.7559,36493.9564,-364.2005,-0.998
sazonal_ingenuo,2019,36493.9564,37162.4236,-668.4672,-1.7988
regressao,2012,35015.5524,35378.6249,-363.0725,-1.0262
regressao,2013,36237.1058,34625.4673,1611.6386,4.6545
regressao,2014,36459.7655,36277.0192,182.7462,0.5038
regressao,2015,37291.6261,35936.2762,1355.3499,3.7715
regressao,2016,36749.5688,35617.0526,1132.5162,3.1797
regressao,2017,36181.9377,36129.7559,52.1818,0.1444
regressao,2018,36255.1386,36493.9564,-238.8178,-0.6544
regressao,2019,36717.8725,37162.4236,-444.5511,-1.1962
ets,2012,35131.2658,35378.6249,-247.3591,-0.6992
ets,2013,35989.8577,34625.4673,1364.3905,3.9404
ets,2014,35266.8594,36277.0192,-1010.1598,-2.7846
ets,2015,36129.7993,35936.2762,193.5232,0.5385
ets,2016,36197.7778,35617.0526,580.7253,1.6305
ets,2017,35164.8003,36129.7559,-964.9556,-2.6708
ets,2018,36201.141,36493.9564,-292.8154,-0.8024
ets,2019,37282.091,37162.4236,119.6674,0.322
sarima,2012,35916.5668,35378.6249,537.9419,1.5205
sarima,2013,36390.3384,34625.4673,1764.8712,5.097
sarima,2014,34588.5608,36277.0192,-1688.4585,-4.6543
sarima,2015,36914.0395,35936.2762,977.7634,2.7208
sarima,2016,36452.0952,35617.0526,835.0426,2.3445
sarima,2017,35371.803,36129.7559,-757.953,-2.0979
sarima,2018,36139.929,36493.9564,-354.0274,-0.9701
sarima,2019,38127.122,37162.4236,964.6984,2.5959
lgbm,2012,34582.6214,35378.6249,-796.0035,-2.25
lgbm,2013,36497.0351,34625.4673,1871.5679,5.4052
lgbm,2014,34066.9108,36277.0192,-2210.1084,-6.0923
lgbm,2015,37253.7629,35936.2762,1317.4867,3.6662
lgbm,2016,37343.1526,35617.0526,1726.1,4.8463
lgbm,2017,35965.2857,36129.7559,-164.4702,-0.4552
lgbm,2018,36216.6591,36493.9564,-277.2973,-0.7598
lgbm,2019,37001.5785,37162.4236,-160.8451,-0.4328
comb_ets_sarima,2012,35523.9163,35378.6249,145.2914,0.4107
comb_ets_sarima,2013,36190.0981,34625.4673,1564.6308,4.5187
comb_ets_sarima,2014,34927.7101,36277.0192,-1349.3092,-3.7195
comb_ets_sarima,2015,36521.9194,35936.2762,585.6433,1.6297
comb_ets_sarima,2016,36324.9365,35617.0526,707.884,1.9875
comb_ets_sarima,2017,35268.3016,36129.7559,-861.4543,-2.3843
comb_ets_sarima,2018,36170.535,36493.9564,-323.4214,-0.8862
comb_ets_sarima,2019,37704.6065,37162.4236,542.1829,1.459
comb_ets_sarima_regressao,2012,35354.4617,35378.6249,-24.1633,-0.0683
comb_ets_sarima_regressao,2013,36205.7673,34625.4673,1580.3001,4.564
comb_ets_sarima_regressao,2014,35438.3952,36277.0192,-838.624,-2.3117
comb_ets_sarima_regressao,2015,36778.4883,35936.2762,842.2121,2.3436
comb_ets_sarima_regressao,2016,36466.4806,35617.0526,849.428,2.3849
comb_ets_sarima_regressao,2017,35572.847,36129.7559,-556.9089,-1.5414
comb_ets_sarima_regressao,2018,36198.7362,36493.9564,-295.2202,-0.809
comb_ets_sarima_regressao,2019,37375.6952,37162.4236,213.2716,0.5739
