candidato,recorte,horizonte,n,mape_pct,mae_mwmed,vies_mwmed,vies_pct
sazonal_ingenuo,todas_as_origens,1,96,2.9177,1063.2269,-329.6811,-0.8322
sazonal_ingenuo,todas_as_origens,2,96,2.9177,1063.2269,-329.6811,-0.8322
sazonal_ingenuo,todas_as_origens,3,96,2.9177,1063.2269,-329.6811,-0.8322
sazonal_ingenuo,todas_as_origens,4,96,2.9177,1063.2269,-329.6811,-0.8322
sazonal_ingenuo,todas_as_origens,5,96,2.9177,1063.2269,-329.6811,-0.8322
sazonal_ingenuo,todas_as_origens,6,96,2.9177,1063.2269,-329.6811,-0.8322
sazonal_ingenuo,todas_as_origens,7,96,2.9177,1063.2269,-329.6811,-0.8322
sazonal_ingenuo,todas_as_origens,8,96,2.9177,1063.2269,-329.6811,-0.8322
sazonal_ingenuo,todas_as_origens,9,96,2.9177,1063.2269,-329.6811,-0.8322
sazonal_ingenuo,todas_as_origens,10,96,2.9177,1063.2269,-329.6811,-0.8322
sazonal_ingenuo,todas_as_origens,11,96,2.9177,1063.2269,-329.6811,-0.8322
sazonal_ingenuo,todas_as_origens,12,96,2.9177,1063.2269,-329.6811,-0.8322
sazonal_ingenuo,todas_as_origens,geral,1152,2.9177,1063.2269,-329.6811,-0.8322
sazonal_ingenuo,origem_dezembro,1,8,5.3623,2074.7354,-915.9526,-2.1617
sazonal_ingenuo,origem_dezembro,2,8,3.2667,1282.5109,-449.6559,-1.0776
sazonal_ingenuo,origem_dezembro,3,8,3.3904,1287.1885,-503.3528,-1.2772
sazonal_ingenuo,origem_dezembro,4,8,3.6731,1331.3758,-377.9505,-0.9597
sazonal_ingenuo,origem_dezembro,5,8,3.3115,1137.5356,-312.0991,-0.8274
sazonal_ingenuo,origem_dezembro,6,8,1.9865,660.8448,-208.2498,-0.5926
sazonal_ingenuo,origem_dezembro,7,8,2.1445,716.4287,-65.3475,-0.1647
sazonal_ingenuo,origem_dezembro,8,8,1.5094,515.862,64.9567,0.202
sazonal_ingenuo,origem_dezembro,9,8,2.1751,776.1786,-233.1609,-0.623
sazonal_ingenuo,origem_dezembro,10,8,3.5041,1278.2035,-436.2812,-1.1286
sazonal_ingenuo,origem_dezembro,11,8,2.0341,726.435,-293.3505,-0.7871
sazonal_ingenuo,origem_dezembro,12,8,2.655,971.4241,-225.7291,-0.5893
sazonal_ingenuo,origem_dezembro,geral,96,2.9177,1063.2269,-329.6811,-0.8322
regressao,todas_as_origens,1,96,2.703,968.0976,249.4304,0.8375
regressao,todas_as_origens,2,96,2.7592,987.5955,278.4847,0.9193
regressao,todas_as_origens,3,96,2.8139,1006.6682,312.1391,1.0133
regressao,todas_as_origens,4,96,2.8706,1026.1993,343.6853,1.1014
regressao,todas_as_origens,5,96,2.9341,1047.8685,374.7918,1.1887
regressao,todas_as_origens,6,96,2.9945,1068.8617,406.7614,1.2784
regressao,todas_as_origens,7,96,3.0575,1090.713,439.9441,1.3706
regressao,todas_as_origens,8,96,3.1235,1113.671,471.6258,1.459
regressao,todas_as_origens,9,96,3.202,1141.1731,501.7859,1.5437
regressao,todas_as_origens,10,96,3.2717,1165.3928,535.7441,1.6391
regressao,todas_as_origens,11,96,3.3382,1188.7503,563.7389,1.7176
regressao,todas_as_origens,12,96,3.4022,1211.0921,590.4334,1.7923
regressao,todas_as_origens,geral,1152,3.0392,1084.6736,422.3804,1.3217
regressao,origem_dezembro,1,8,4.6867,1834.1325,-1232.0502,-2.9772
regressao,origem_dezembro,2,8,2.2251,864.7262,-467.2333,-1.1789
regressao,origem_dezembro,3,8,2.1442,823.2035,-301.1619,-0.7349
regressao,origem_dezembro,4,8,2.9725,1066.9428,271.6276,0.8354
regressao,origem_dezembro,5,8,2.7476,925.809,702.6242,2.1227
regressao,origem_dezembro,6,8,2.7204,893.8457,818.8183,2.5009
regressao,origem_dezembro,7,8,4.124,1362.7532,1298.4929,3.9345
regressao,origem_dezembro,8,8,4.0818,1393.0616,1393.0616,4.0818
regressao,origem_dezembro,9,8,3.2236,1137.1428,918.4108,2.6172
regressao,origem_dezembro,10,8,2.593,934.4945,543.7781,1.5431
regressao,origem_dezembro,11,8,2.6458,940.1378,711.4413,2.0254
regressao,origem_dezembro,12,8,2.8945,1055.6631,274.1775,0.7933
regressao,origem_dezembro,geral,96,3.0883,1102.6594,410.9989,1.297
ets,todas_as_origens,1,96,2.2498,819.5196,-8.7856,0.0642
ets,todas_as_origens,2,96,2.5877,942.9511,-88.0002,-0.1352
ets,todas_as_origens,3,96,2.7416,997.4771,-119.4036,-0.1873
ets,todas_as_origens,4,96,2.7432,996.0606,-144.5597,-0.238
ets,todas_as_origens,5,96,2.9696,1077.1039,-164.5041,-0.2842
ets,todas_as_origens,6,96,3.0371,1100.8214,-188.6922,-0.36
ets,todas_as_origens,7,96,2.9131,1058.0188,-214.5045,-0.4478
ets,todas_as_origens,8,96,2.7417,1001.3321,-241.6545,-0.544
ets,todas_as_origens,9,96,2.5797,943.2771,-264.0502,-0.6223
ets,todas_as_origens,10,96,2.6556,970.0697,-290.7116,-0.7077
ets,todas_as_origens,11,96,2.7112,989.556,-308.6277,-0.7616
ets,todas_as_origens,12,96,2.6183,956.7408,-343.6642,-0.8594
ets,todas_as_origens,geral,1152,2.7124,987.744,-198.0965,-0.4236
ets,origem_dezembro,1,8,4.9689,1932.2164,-1198.6505,-2.8878
ets,origem_dezembro,2,8,2.7775,1083.5669,-506.2676,-1.2514
ets,origem_dezembro,3,8,3.0207,1159.9666,-427.6953,-1.0539
ets,origem_dezembro,4,8,1.9183,690.5545,-62.0911,-0.1103
ets,origem_dezembro,5,8,2.621,888.5112,301.3261,0.9465
ets,origem_dezembro,6,8,2.677,886.9733,403.3422,1.2524
ets,origem_dezembro,7,8,2.8059,927.6293,742.9541,2.2631
ets,origem_dezembro,8,8,2.3013,784.8012,784.8012,2.3013
ets,origem_dezembro,9,8,1.8966,667.3505,315.2731,0.9142
ets,origem_dezembro,10,8,2.4135,876.4231,-238.3278,-0.604
ets,origem_dezembro,11,8,1.8206,648.3959,-62.8844,-0.1392
ets,origem_dezembro,12,8,2.477,908.5845,-437.2555,-1.1694
ets,origem_dezembro,geral,96,2.6415,954.5811,-32.123,0.0385
sarima,todas_as_origens,1,96,2.3391,850.484,17.2061,0.1248
sarima,todas_as_origens,2,96,2.762,1000.2001,35.9632,0.2048
sarima,todas_as_origens,3,96,2.8785,1042.8978,40.7399,0.248
sarima,todas_as_origens,4,96,2.9857,1079.4454,55.4198,0.3056
sarima,todas_as_origens,5,96,3.2222,1161.5117,88.3984,0.3979
sarima,todas_as_origens,6,96,3.1218,1123.4773,95.1865,0.4032
sarima,todas_as_origens,7,96,3.2077,1153.0497,127.6655,0.4843
sarima,todas_as_origens,8,96,3.0982,1113.2983,138.7786,0.5073
sarima,todas_as_origens,9,96,3.1183,1122.6883,157.7946,0.5517
sarima,todas_as_origens,10,96,3.1316,1127.2311,206.6567,0.6724
sarima,todas_as_origens,11,96,3.3201,1195.0101,223.8373,0.7236
sarima,todas_as_origens,12,96,3.3356,1201.4239,238.0469,0.763
sarima,todas_as_origens,geral,1152,3.0434,1097.5598,118.8078,0.4489
sarima,origem_dezembro,1,8,5.9452,2277.243,-799.4241,-1.8124
sarima,origem_dezembro,2,8,3.1989,1243.5844,-187.9308,-0.4159
sarima,origem_dezembro,3,8,3.2343,1240.4309,-225.387,-0.5244
sarima,origem_dezembro,4,8,2.5009,896.8591,101.2542,0.3429
sarima,origem_dezembro,5,8,3.2525,1105.6657,396.8186,1.2336
sarima,origem_dezembro,6,8,3.4968,1160.7721,476.3212,1.4841
sarima,origem_dezembro,7,8,4.0398,1340.2696,826.5824,2.5331
sarima,origem_dezembro,8,8,3.3891,1157.0301,1016.6533,2.9826
sarima,origem_dezembro,9,8,3.0658,1086.6958,671.2926,1.9122
sarima,origem_dezembro,10,8,2.7979,1011.705,342.1926,0.9835
sarima,origem_dezembro,11,8,3.2439,1155.9539,498.9733,1.4354
sarima,origem_dezembro,12,8,3.1879,1164.4468,302.4717,0.8721
sarima,origem_dezembro,geral,96,3.4461,1236.7214,284.9848,0.9189
lgbm,todas_as_origens,1,96,3.3582,1216.4657,49.3767,0.2106
lgbm,todas_as_origens,2,96,3.4125,1237.4437,53.303,0.2186
lgbm,todas_as_origens,3,96,3.4289,1244.9434,65.142,0.2472
lgbm,todas_as_origens,4,96,3.4217,1243.2055,84.1849,0.3008
lgbm,todas_as_origens,5,96,3.4439,1248.5855,81.4584,0.3014
lgbm,todas_as_origens,6,96,3.4106,1234.3559,65.6598,0.2659
lgbm,todas_as_origens,7,96,3.629,1310.2668,66.7525,0.2692
lgbm,todas_as_origens,8,96,3.6638,1321.7495,62.8559,0.2485
lgbm,todas_as_origens,9,96,3.5085,1261.3725,106.19,0.3487
lgbm,todas_as_origens,10,96,3.365,1209.8279,120.8713,0.3811
lgbm,todas_as_origens,11,96,3.3274,1199.6147,106.4079,0.3383
lgbm,todas_as_origens,12,96,3.373,1221.6039,121.8335,0.3797
lgbm,todas_as_origens,geral,1152,3.4452,1245.7862,82.003,0.2925
lgbm,origem_dezembro,1,8,6.8764,2615.2189,36.2997,0.4505
lgbm,origem_dezembro,2,8,4.4224,1722.8236,365.2012,1.0195
lgbm,origem_dezembro,3,8,4.6269,1758.773,249.7574,0.6936
lgbm,origem_dezembro,4,8,3.6297,1289.0595,409.1466,1.2081
lgbm,origem_dezembro,5,8,3.6667,1255.4323,93.4671,0.3638
lgbm,origem_dezembro,6,8,2.1374,709.9485,-7.3081,0.0221
lgbm,origem_dezembro,7,8,3.5892,1195.6575,386.4607,1.2119
lgbm,origem_dezembro,8,8,2.7,922.7257,202.882,0.6168
lgbm,origem_dezembro,9,8,4.3068,1523.4594,-125.9236,-0.309
lgbm,origem_dezembro,10,8,4.686,1698.8723,-108.6728,-0.2174
lgbm,origem_dezembro,11,8,2.5915,926.1413,101.6339,0.3127
lgbm,origem_dezembro,12,8,4.8706,1768.2206,356.7009,1.0281
lgbm,origem_dezembro,geral,96,4.0086,1448.8611,163.3038,0.5334
comb_ets_sarima,todas_as_origens,1,96,2.2605,823.0431,4.2102,0.0945
comb_ets_sarima,todas_as_origens,2,96,2.6458,960.9871,-26.0185,0.0348
comb_ets_sarima,todas_as_origens,3,96,2.7425,996.1674,-39.3319,0.0304
comb_ets_sarima,todas_as_origens,4,96,2.7779,1006.8749,-44.5699,0.0338
comb_ets_sarima,todas_as_origens,5,96,3.0461,1101.1399,-38.0528,0.0568
comb_ets_sarima,todas_as_origens,6,96,3.0488,1100.6646,-46.7529,0.0216
comb_ets_sarima,todas_as_origens,7,96,2.9616,1069.7917,-43.4195,0.0183
comb_ets_sarima,todas_as_origens,8,96,2.7978,1013.3015,-51.438,-0.0183
comb_ets_sarima,todas_as_origens,9,96,2.7536,998.7131,-53.1278,-0.0353
comb_ets_sarima,todas_as_origens,10,96,2.7843,1008.2677,-42.0274,-0.0176
comb_ets_sarima,todas_as_origens,11,96,2.9543,1069.5966,-42.3952,-0.019
comb_ets_sarima,todas_as_origens,12,96,2.8622,1038.6319,-52.8086,-0.0482
comb_ets_sarima,todas_as_origens,geral,1152,2.8029,1015.5983,-39.6444,0.0126
comb_ets_sarima,origem_dezembro,1,8,5.457,2104.7297,-999.0373,-2.3501
comb_ets_sarima,origem_dezembro,2,8,2.8932,1126.0365,-347.0992,-0.8337
comb_ets_sarima,origem_dezembro,3,8,3.0555,1172.6745,-326.5411,-0.7891
comb_ets_sarima,origem_dezembro,4,8,2.0887,748.5298,19.5815,0.1163
comb_ets_sarima,origem_dezembro,5,8,2.8234,956.528,349.0724,1.0901
comb_ets_sarima,origem_dezembro,6,8,3.0869,1023.8727,439.8317,1.3682
comb_ets_sarima,origem_dezembro,7,8,3.4228,1133.9495,784.7683,2.3981
comb_ets_sarima,origem_dezembro,8,8,2.6974,919.8801,900.7272,2.642
comb_ets_sarima,origem_dezembro,9,8,2.3761,839.2835,493.2829,1.4132
comb_ets_sarima,origem_dezembro,10,8,2.398,866.1938,51.9324,0.1897
comb_ets_sarima,origem_dezembro,11,8,2.4333,866.0279,218.0445,0.6481
comb_ets_sarima,origem_dezembro,12,8,2.7457,1004.7476,-67.3919,-0.1487
comb_ets_sarima,origem_dezembro,geral,96,2.9565,1063.5378,126.4309,0.4787
comb_ets_sarima_regressao,todas_as_origens,1,96,2.2157,802.9109,85.9503,0.3422
comb_ets_sarima_regressao,todas_as_origens,2,96,2.4739,895.4301,75.4826,0.3296
comb_ets_sarima_regressao,todas_as_origens,3,96,2.5999,940.5373,77.8251,0.358
comb_ets_sarima_regressao,todas_as_origens,4,96,2.6401,953.0054,84.8485,0.3897
comb_ets_sarima_regressao,todas_as_origens,5,96,2.8306,1019.2204,99.562,0.4341
comb_ets_sarima_regressao,todas_as_origens,6,96,2.8223,1015.2188,104.4186,0.4405
comb_ets_sarima_regressao,todas_as_origens,7,96,2.7888,1003.0057,117.7017,0.4691
comb_ets_sarima_regressao,todas_as_origens,8,96,2.6975,972.2326,122.9166,0.4741
comb_ets_sarima_regressao,todas_as_origens,9,96,2.6346,950.536,131.8434,0.491
comb_ets_sarima_regressao,todas_as_origens,10,96,2.6926,970.5718,150.5631,0.5346
comb_ets_sarima_regressao,todas_as_origens,11,96,2.7894,1006.7345,159.6495,0.5599
comb_ets_sarima_regressao,todas_as_origens,12,96,2.77,1000.712,161.6054,0.5653
comb_ets_sarima_regressao,todas_as_origens,geral,1152,2.6629,960.843,114.3639,0.449
comb_ets_sarima_regressao,origem_dezembro,1,8,5.1202,1986.4024,-1076.7083,-2.5591
comb_ets_sarima_regressao,origem_dezembro,2,8,2.5215,978.8407,-387.1439,-0.9487
comb_ets_sarima_regressao,origem_dezembro,3,8,2.7009,1036.5322,-318.0814,-0.7711
comb_ets_sarima_regressao,origem_dezembro,4,8,2.1484,770.4585,103.5969,0.356
comb_ets_sarima_regressao,origem_dezembro,5,8,2.7003,912.3928,466.923,1.4343
comb_ets_sarima_regressao,origem_dezembro,6,8,2.8053,926.0844,566.1605,1.7458
comb_ets_sarima_regressao,origem_dezembro,7,8,3.4149,1127.7166,956.0098,2.9103
comb_ets_sarima_regressao,origem_dezembro,8,8,3.1219,1064.8387,1064.8387,3.1219
comb_ets_sarima_regressao,origem_dezembro,9,8,2.1107,741.399,634.9922,1.8145
comb_ets_sarima_regressao,origem_dezembro,10,8,2.2572,812.4188,215.881,0.6409
comb_ets_sarima_regressao,origem_dezembro,11,8,2.2134,785.084,382.5101,1.1072
comb_ets_sarima_regressao,origem_dezembro,12,8,2.6567,971.5902,46.4646,0.1653
comb_ets_sarima_regressao,origem_dezembro,geral,96,2.8143,1009.4799,221.2869,0.7514
