origem,horizontes_completos,erro_pct_h01,erro_pct_h02,erro_pct_h03,erro_pct_h04,erro_pct_h05,erro_pct_h06,erro_pct_h07,erro_pct_h08,erro_pct_h09,erro_pct_h10,erro_pct_h11,erro_pct_h12
2011-01-01 00:00:00,False,nan,nan,nan,nan,nan,nan,nan,nan,nan,nan,nan,0.1702
2011-02-01 00:00:00,False,nan,nan,nan,nan,nan,nan,nan,nan,nan,nan,1.5156,-2.3016
2011-03-01 00:00:00,False,nan,nan,nan,nan,nan,nan,nan,nan,nan,-1.8372,-5.4626,-5.4473
2011-04-01 00:00:00,False,nan,nan,nan,nan,nan,nan,nan,nan,-0.8957,-4.5893,-4.4961,-3.585
2011-05-01 00:00:00,False,nan,nan,nan,nan,nan,nan,nan,-0.8632,-4.5561,-4.4598,-3.5447,-0.0484
2011-06-01 00:00:00,False,nan,nan,nan,nan,nan,nan,-1.6638,-5.4616,-5.3508,-4.449,-0.8982,2.7772
2011-07-01 00:00:00,False,nan,nan,nan,nan,nan,-1.7816,-5.4324,-5.3374,-4.4318,-0.9735,2.7168,3.7075
2011-08-01 00:00:00,False,nan,nan,nan,nan,-0.6216,-4.3302,-4.2492,-3.3453,0.1411,3.8422,4.8372,0.7902
2011-09-01 00:00:00,False,nan,nan,nan,-0.6386,-4.3594,-4.2675,-3.3591,0.1348,3.824,4.8305,0.794,-0.5249
2011-10-01 00:00:00,False,nan,nan,-1.4964,-5.1929,-5.0931,-4.1885,-0.7184,2.9384,3.9437,-0.0522,-1.3643,-4.1015
2011-11-01 00:00:00,False,nan,-1.3312,-4.9952,-4.9034,-3.9909,-0.5139,3.153,4.1613,0.1582,-1.1542,-3.8966,2.034
2011-12-01 00:00:00,True,-0.0423,-3.6267,-3.5997,-2.6632,0.8551,4.5404,5.5678,1.5139,0.1512,-2.6122,3.3851,-2.5435
2012-01-01 00:00:00,True,-3.7846,-3.7486,-2.808,0.6964,4.3737,5.3928,1.342,-0.0317,-2.7821,3.1939,-2.7384,3.9946
2012-02-01 00:00:00,True,-2.7209,-1.4986,1.9919,5.6265,6.6962,2.6011,1.2912,-1.6766,4.4585,-1.3693,5.4505,3.4633
2012-03-01 00:00:00,True,-0.5081,2.9914,6.7159,7.7536,3.5997,2.1932,-0.6695,5.4383,-0.594,6.307,4.1342,6.0917
2012-04-01 00:00:00,True,2.5809,6.1042,7.1861,3.0512,1.67,-1.1707,4.9175,-1.0749,5.8011,3.6485,5.6105,7.6182
2012-05-01 00:00:00,True,4.3683,5.2808,1.271,-0.0958,-2.8463,3.1481,-2.7395,4.0529,1.9349,3.8832,5.9001,5.5838
2012-06-01 00:00:00,True,2.9711,-1.0711,-2.375,-5.0874,0.825,-4.8494,1.8486,-0.1292,1.6349,3.7099,3.3007,1.3735
2012-07-01 00:00:00,True,-2.0143,-3.2574,-5.881,-0.05,-5.7469,0.931,-1.1046,0.7066,2.8287,2.4308,0.5739,2.4661
2012-08-01 00:00:00,True,-1.2463,-3.9871,1.9643,-3.7715,2.9869,0.9937,2.7282,4.8253,4.3646,2.3704,4.2496,4.3528
2012-09-01 00:00:00,True,-3.3774,2.4804,-3.0152,3.6095,1.8432,3.4037,5.4945,4.945,2.8839,4.6883,4.9533,4.5247
2012-10-01 00:00:00,True,4.3862,-1.2856,5.5502,3.6759,5.2959,7.358,6.8103,4.6213,6.4831,6.7434,6.3234,5.5768
2012-11-01 00:00:00,True,-2.8674,3.7146,2.3049,3.2439,5.6545,4.6929,2.1926,3.9456,4.7975,4.194,3.6625,1.0987
2012-12-01 00:00:00,True,4.9531,3.5026,4.5024,6.7948,5.8559,3.3138,5.0209,5.8924,5.2541,4.6886,2.0992,3.0748
2013-01-01 00:00:00,True,0.9449,2.144,4.2665,3.7665,1.7604,3.5337,3.7925,3.3787,2.6245,0.5205,0.878,-7.8226
2013-02-01 00:00:00,True,1.5339,3.6252,3.2141,1.2343,3.0251,3.2623,2.8651,2.1192,0.0572,0.3768,-8.2347,-5.8016
2013-03-01 00:00:00,True,3.2471,2.8239,0.8181,2.6296,2.8852,2.5044,1.7894,-0.3051,0.0611,-8.5427,-6.0775,-1.7982
2013-04-01 00:00:00,True,2.1328,0.0047,1.745,2.0879,1.6818,0.9262,-1.0764,-0.6185,-9.268,-6.8432,-2.3759,-0.126
2013-05-01 00:00:00,True,-0.215,1.4264,1.797,1.3966,0.6518,-1.3545,-0.8488,-9.5155,-7.0739,-2.6116,-0.377,-3.9095
2013-06-01 00:00:00,True,2.5623,2.807,2.3691,1.6198,-0.3729,-0.0448,-8.6418,-6.2299,-1.7632,0.553,-2.9671,-1.4312
2013-07-01 00:00:00,True,2.4701,1.9105,1.1685,-0.8176,-0.4137,-9.0524,-6.6348,-2.1313,0.1253,-3.4051,-1.8669,-0.6952
2013-08-01 00:00:00,True,1.4421,0.667,-1.4149,-0.8084,-9.5793,-7.0873,-2.6736,-0.4598,-4.024,-2.5015,-1.3928,0.8003
2013-09-01 00:00:00,True,0.6228,-1.4077,-0.8492,-9.5769,-7.0916,-2.6866,-0.4536,-4.0042,-2.4833,-1.3541,0.8248,-1.3373
2013-10-01 00:00:00,True,-1.2917,-0.1393,-9.7003,-7.0766,-2.462,-0.5475,-4.2555,-2.6183,-1.7799,0.5158,-1.6697,-2.9557
2013-11-01 00:00:00,True,0.8595,-8.8253,-6.1773,-1.5129,0.4078,-3.357,-1.7318,-0.8958,1.4306,-0.7856,-2.0808,-1.6139
2013-12-01 00:00:00,True,-8.7924,-6.1646,-1.5958,0.3673,-3.3921,-1.7883,-0.9256,1.3545,-0.8158,-2.1118,-1.6818,-1.0823
2014-01-01 00:00:00,True,-1.2145,3.9169,6.1688,2.4808,4.0454,5.3026,7.4374,5.0409,3.151,3.7326,3.9976,-5.4237
2014-02-01 00:00:00,True,3.6197,5.7117,2.1791,3.6777,5.0051,7.0986,4.7849,2.9284,3.4754,3.7794,-5.5949,2.8258
2014-03-01 00:00:00,True,2.9504,-0.8967,0.5737,1.5313,3.9012,1.7575,0.5054,0.6838,1.4605,-7.1131,0.8063,0.8713
2014-04-01 00:00:00,True,-1.9194,-0.3949,0.5569,2.912,0.7894,-0.4486,-0.2128,0.5436,-7.8704,-0.017,0.0277,1.6899
2014-05-01 00:00:00,True,0.4211,1.4462,3.7872,1.6873,0.4422,0.6523,1.4195,-7.0735,0.8373,0.9099,2.565,7.0892
2014-06-01 00:00:00,True,1.5292,3.9283,1.8058,0.5428,0.7934,1.5298,-6.9053,1.0048,1.0369,2.6925,7.2477,7.4222
2014-07-01 00:00:00,True,3.7341,1.6874,0.407,0.7159,1.4219,-6.9499,0.9633,0.9248,2.5995,7.191,7.2966,6.3047
2014-08-01 00:00:00,True,1.0626,-0.3476,0.1343,0.6145,-8.3734,-0.2289,0.4731,2.2983,6.3446,6.5069,5.7817,5.8205
2014-09-01 00:00:00,True,-0.6898,0.3333,0.7458,-8.2903,-0.0982,0.5995,2.4601,6.5179,6.6135,5.9034,6.0058,4.2912
2014-10-01 00:00:00,True,1.3506,2.014,-7.4678,0.9763,1.8112,3.7666,7.8496,7.8838,7.2867,7.4801,5.6264,2.9519
2014-11-01 00:00:00,True,1.7686,-7.2928,0.7195,0.7934,2.4818,6.8888,7.0418,6.0018,5.8002,4.2187,2.0842,2.1606
2014-12-01 00:00:00,True,-8.1861,-0.198,0.7043,2.5961,6.6066,6.6822,6.0935,6.2382,4.435,1.772,2.1319,2.2158
2015-01-01 00:00:00,True,2.6205,2.5226,4.1699,8.8347,8.779,7.7136,7.3921,5.8651,3.725,3.67,3.3368,9.2371
2015-02-01 00:00:00,True,1.0316,2.7868,7.3725,7.3557,6.3178,6.1266,4.563,2.4754,2.473,2.1557,8.0105,2.5675
2015-03-01 00:00:00,True,2.5338,6.9394,6.9642,5.9457,5.7361,4.2123,2.1331,2.1469,1.8469,7.6715,2.2622,1.8475
2015-04-01 00:00:00,True,6.3958,6.1362,5.1494,4.9527,3.458,1.4069,1.4422,1.1588,6.9537,1.5901,1.2025,-2.0953
2015-05-01 00:00:00,True,4.6503,3.3247,3.1411,1.6881,-0.3324,-0.2505,-0.5058,5.1406,-0.0384,-0.411,-3.6409,2.2252
2015-06-01 00:00:00,True,2.2164,1.7319,0.3253,-1.6589,-1.5813,-1.8237,3.7461,-1.3966,-1.7174,-4.8991,0.848,0.7134
2015-07-01 00:00:00,True,1.7798,0.1534,-1.8262,-1.7595,-2.0062,3.5602,-1.6052,-1.9096,-5.0904,0.6153,0.4763,1.2407
2015-08-01 00:00:00,True,0.0795,-1.984,-1.903,-2.1485,3.4044,-1.728,-2.0406,-5.2168,0.5208,0.3827,1.1289,0.9597
2015-09-01 00:00:00,True,-1.6858,-1.6469,-1.8966,3.6761,-1.4839,-1.7904,-4.98,0.7691,0.63,1.3725,1.2033,3.1905
2015-10-01 00:00:00,True,-1.1326,-1.4195,4.214,-1.0021,-1.3176,-4.5111,1.2645,1.1025,1.8858,1.6849,3.6924,4.2004
2015-11-01 00:00:00,True,-0.6657,4.9336,-0.3332,-0.6635,-3.8894,1.9065,1.728,2.5049,2.2887,4.2963,4.7965,4.7302
2015-12-01 00:00:00,True,5.2885,0.0363,-0.2894,-3.5406,2.2677,2.0929,2.849,2.6388,4.6454,5.1342,5.0725,3.2941
2016-01-01 00:00:00,True,-1.8367,-1.972,-4.5067,1.426,1.3701,2.0658,2.2247,3.6779,3.6131,3.5101,2.1498,-3.6597
2016-02-01 00:00:00,True,-1.3617,-3.5745,2.3527,2.2878,3.0504,3.1705,4.6457,4.6024,4.4642,3.0972,-2.7989,-1.2141
2016-03-01 00:00:00,True,-3.1599,2.7587,2.765,3.4422,3.6451,5.1076,5.0145,4.93,3.5751,-2.3299,-0.7893,-1.6836
2016-04-01 00:00:00,True,3.8479,3.6753,4.387,4.5719,6.0569,5.9796,5.8866,4.519,-1.4344,0.1311,-0.7962,4.3693
2016-05-01 00:00:00,True,2.3881,2.4341,2.8262,4.2096,4.1802,4.091,2.7679,-3.0806,-1.537,-2.4252,2.6583,1.4045
2016-06-01 00:00:00,True,2.0526,2.1772,3.5766,3.5863,3.4658,2.1415,-3.6793,-2.1059,-3.0538,2.1045,0.7813,-0.2003
2016-07-01 00:00:00,True,2.3578,3.6928,3.6721,3.5885,2.2273,-3.5518,-2.0394,-2.9333,2.1228,0.8059,-0.1858,4.1199
2016-08-01 00:00:00,True,3.0066,3.1077,2.8976,1.6108,-4.204,-2.6386,-3.5799,1.5299,0.2111,-0.7765,3.5342,3.5861
2016-09-01 00:00:00,True,2.5218,2.1585,0.9064,-4.8791,-3.3217,-4.2596,0.8259,-0.4914,-1.4708,2.8135,2.8597,0.1606
2016-10-01 00:00:00,True,1.4899,-0.1201,-5.7406,-4.2257,-5.1462,-0.0697,-1.3843,-2.3405,1.9295,1.9689,-0.6853,-1.6392
2016-11-01 00:00:00,True,-0.2877,-5.8989,-4.3935,-5.3171,-0.2273,-1.5518,-2.5016,1.7711,1.8033,-0.837,-1.7892,-1.2411
2016-12-01 00:00:00,True,-5.4569,-3.8946,-4.7972,0.2611,-1.0396,-2.0075,2.261,2.3113,-0.3687,-1.3264,-0.777,-2.1316
2017-01-01 00:00:00,True,-2.6403,-3.2361,1.7117,-0.6503,-1.5339,2.7892,2.5958,0.0481,-0.827,-0.0959,-1.3682,-3.2242
2017-02-01 00:00:00,True,-2.7238,2.3118,-0.064,-0.955,3.368,3.1891,0.5997,-0.2913,0.4464,-0.8377,-2.6603,2.9243
2017-03-01 00:00:00,True,2.7113,1.2316,0.1187,4.3808,4.4656,1.6676,0.6911,1.2581,-0.1794,-2.0378,3.1248,-2.859
2017-04-01 00:00:00,True,-0.5024,-1.5555,2.7423,2.6493,0.0631,-0.7802,0.0019,-1.2888,-3.0344,2.537,-3.3762,-0.0432
2017-05-01 00:00:00,True,-1.2323,2.8233,2.7354,0.1405,-0.7075,0.08,-1.1944,-2.9013,2.6604,-3.2515,0.0544,0.7739
2017-06-01 00:00:00,True,3.9168,3.8063,1.0517,0.1046,0.7019,-0.7182,-2.5328,2.6133,-3.3179,0.1098,1.3524,0.0009
2017-07-01 00:00:00,True,2.5343,-0.2479,-1.0852,-0.2849,-1.5939,-3.2172,2.2897,-3.5898,-0.2723,0.4218,-0.7091,-1.9324
2017-08-01 00:00:00,True,-0.2985,-1.2631,-0.4832,-1.7629,-3.464,2.0726,-3.81,-0.5219,0.178,-0.9716,-2.1788,-0.1352
2017-09-01 00:00:00,True,-0.9612,-0.2651,-1.5539,-3.2475,2.2872,-3.6115,-0.3316,0.3671,-0.7913,-2.014,0.0298,-0.1154
2017-10-01 00:00:00,True,0.1443,-1.3822,-3.0099,2.0665,-3.8629,-0.5869,0.6013,-0.7091,-1.4605,0.5232,0.5177,-0.4811
2017-11-01 00:00:00,True,-1.2433,-2.8906,2.1618,-3.7828,-0.5487,0.6196,-0.6808,-1.4813,0.4917,0.5015,-0.5072,-2.2165
2017-12-01 00:00:00,True,-2.4677,2.4477,-3.6044,-0.2727,0.9453,-0.4429,-1.0936,0.8984,0.8371,-0.1729,-1.9665,-4.2099
2018-01-01 00:00:00,True,3.154,-2.795,0.683,1.8791,0.4983,-0.1698,1.858,1.7451,0.7651,-1.0534,-3.3399,-7.9664
2018-02-01 00:00:00,True,-4.5541,-1.2554,0.105,-1.3023,-1.9091,0.0932,-0.0117,-0.9485,-2.7235,-4.9584,-9.4755,-3.4809
2018-03-01 00:00:00,True,-0.0066,1.9809,0.3187,-0.1918,1.7835,1.7218,0.7361,-1.0651,-3.334,-7.9383,-1.8507,0.2924
2018-04-01 00:00:00,True,2.16,0.5877,-0.0282,2.0129,1.9245,0.9573,-0.8487,-3.1168,-7.7278,-1.6196,0.5269,-2.5332
2018-05-01 00:00:00,True,0.0783,-1.5034,0.5658,0.5609,-0.5123,-2.1706,-4.0826,-8.0192,-2.6534,0.6363,-3.383,-3.3318
2018-06-01 00:00:00,True,-0.8023,0.8563,0.8598,-0.1356,-1.8998,-4.1342,-8.7039,-2.664,-0.5031,-3.5466,-3.4287,-1.225
2018-07-01 00:00:00,True,1.2144,1.2604,0.2281,-1.5359,-3.7854,-8.3739,-2.3179,-0.1477,-3.2108,-3.0978,-0.8884,1.0504
2018-08-01 00:00:00,True,0.7886,-0.2721,-1.9273,-3.8271,-7.7974,-2.429,0.9169,-3.2083,-3.1565,-0.7406,0.7629,1.3987
2018-09-01 00:00:00,True,-0.427,-1.7567,-4.1289,-8.6421,-2.6144,-0.5201,-3.5496,-3.4593,-1.3269,0.6291,1.2581,-2.3469
2018-10-01 00:00:00,True,-1.2913,-3.5388,-8.1333,-2.0592,0.0581,-3.0049,-2.9184,-0.7591,1.1894,1.8252,-1.805,-2.3655
2018-11-01 00:00:00,True,-3.4306,-7.5599,-1.458,0.6713,-2.4209,-2.3407,-0.1706,1.7798,2.416,-1.2398,-1.809,-0.98
2018-12-01 00:00:00,True,-5.7736,0.297,2.5219,-0.694,-0.6324,1.5666,3.4986,4.1211,0.3722,-0.2389,0.5872,2.7017
2019-01-01 00:00:00,False,0.8462,3.9255,-0.2168,-0.09,2.1315,3.6264,4.2549,0.7006,0.3696,1.0605,3.7162,nan
2019-02-01 00:00:00,False,2.8816,-1.1044,-0.9608,1.2839,2.7558,3.4078,-0.1007,-0.4233,0.2879,2.9387,nan,nan
2019-03-01 00:00:00,False,-2.1035,-2.2177,-0.0403,1.9197,2.5614,-1.0952,-1.6608,-0.8272,1.2863,nan,nan,nan
2019-04-01 00:00:00,False,-1.5951,-0.0233,2.093,2.6935,-0.938,-1.4497,-0.6714,1.4445,nan,nan,nan,nan
2019-05-01 00:00:00,False,0.5548,2.328,2.926,-0.7083,-1.2113,-0.4386,1.6832,nan,nan,nan,nan,nan
2019-06-01 00:00:00,False,2.1193,2.414,-1.027,-1.2812,-0.5472,2.1264,nan,nan,nan,nan,nan,nan
2019-07-01 00:00:00,False,2.3773,-1.3863,-1.6447,-0.9058,1.7586,nan,nan,nan,nan,nan,nan,nan
2019-08-01 00:00:00,False,-1.2685,-1.8079,-1.0774,1.5774,nan,nan,nan,nan,nan,nan,nan,nan
2019-09-01 00:00:00,False,-1.4894,-0.8731,1.7816,nan,nan,nan,nan,nan,nan,nan,nan,nan
2019-10-01 00:00:00,False,-0.6566,1.2003,nan,nan,nan,nan,nan,nan,nan,nan,nan,nan
2019-11-01 00:00:00,False,1.521,nan,nan,nan,nan,nan,nan,nan,nan,nan,nan,nan
