horizonte,n,q025,q10,q50,q90,q975
1,96,-0.0473,-0.0338,-0.0059,0.0284,0.0582
2,96,-0.0579,-0.0369,-0.0022,0.0362,0.0712
3,96,-0.0665,-0.0415,-0.0057,0.0435,0.0724
4,96,-0.069,-0.0391,-0.0059,0.0411,0.0816
5,96,-0.063,-0.0463,-0.0067,0.0402,0.0783
6,96,-0.0678,-0.0478,-0.0035,0.0425,0.073
7,96,-0.0701,-0.049,-0.0055,0.0382,0.0705
8,96,-0.0597,-0.0482,-0.0061,0.0346,0.07
9,96,-0.0636,-0.0445,-0.0041,0.0338,0.0778
10,96,-0.0679,-0.0458,-0.0051,0.0354,0.0727
11,96,-0.0667,-0.0513,-0.0058,0.0347,0.0608
12,96,-0.0704,-0.0452,-0.005,0.036,0.0584
