sens_id,config_hash,ano,estrategia,v_mwm,razao_v_pontual,preco_contrato_rs_mwh,custo_rs,descoberto_mwh,sobrando_mwh,meses_fora_da_faixa,consumo_anual_mwh,teto_contratado_mwh,cobertura_abaixo_de_100,esperado_ex_ante_rs,cvar_ex_ante_rs,pit_custo_realizado
lam10,2401460842fc930c,2021,ingenua,0.127339,0.965554,198.026084,227692.522340,0.226632,0.000000,1,1149.909698,1227.039184,False,227591.211677,235044.544808,0.480000
lam10,2401460842fc930c,2021,pontual,0.131882,1.000000,198.026084,227712.114257,0.000000,0.000000,0,1149.909698,1270.813448,False,227676.162688,234811.418718,0.475500
lam10,2401460842fc930c,2021,otimizada,0.130113,0.986591,198.026084,227712.114257,0.000000,0.000000,0,1149.909698,1253.772995,False,227647.042591,234831.256153,0.477000
lam10,2401460842fc930c,2022,ingenua,0.131268,0.990433,300.497643,349774.306038,2.939722,0.000000,1,1166.378345,1264.900668,False,347414.733697,357976.592066,0.575000
lam10,2401460842fc930c,2022,pontual,0.132536,1.000000,300.497643,350028.331986,1.902025,0.000000,1,1166.378345,1277.118722,False,347485.009112,358029.445080,0.576000
lam10,2401460842fc930c,2022,otimizada,0.123138,0.929091,300.497643,346492.181824,16.402989,0.000000,4,1166.378345,1186.559394,False,346132.069847,358422.426444,0.489000
lam10,2401460842fc930c,2023,ingenua,0.133148,0.996007,79.047039,96245.219508,7.946927,0.000000,3,1217.315937,1283.016179,False,92275.313999,96024.755103,0.988500
lam10,2401460842fc930c,2023,pontual,0.133682,1.000000,79.047039,96246.805318,6.650387,0.000000,3,1217.315937,1288.160061,False,92245.790722,95885.841796,0.990500
lam10,2401460842fc930c,2023,otimizada,0.148536,1.111111,79.047039,96362.946027,0.000000,13.762903,4,1217.315937,1431.288957,False,88658.472219,94703.485281,1.000000
lam10,2401460842fc930c,2024,ingenua,0.138963,0.943362,92.156061,117826.089230,1.217427,0.000000,1,1278.960207,1342.716154,False,119723.116899,128543.363464,0.241500
lam10,2401460842fc930c,2024,pontual,0.147306,1.000000,92.156061,117863.934239,0.000000,0.000000,0,1278.960207,1423.331327,False,118873.864511,123538.719542,0.293500
lam10,2401460842fc930c,2024,otimizada,0.163674,1.111111,92.156061,117930.218684,0.000000,29.246710,6,1278.960207,1581.479253,False,115908.551210,122443.503142,0.509500
lam10,2401460842fc930c,2025,ingenua,0.145601,0.997073,148.164976,187747.531056,4.771870,0.000000,1,1268.889508,1403.012358,False,190195.901692,204146.321902,0.296500
lam10,2401460842fc930c,2025,pontual,0.146029,1.000000,148.164976,187764.578877,4.455889,0.000000,1,1268.889508,1407.131391,False,190188.302184,204071.769532,0.296500
lam10,2401460842fc930c,2025,otimizada,0.162254,1.111111,148.164976,184405.198315,0.000000,42.311557,8,1268.889508,1563.479323,False,189321.463008,203427.595675,0.173000
