sens_id,parametro,recorte,valor_previsao_rs,valor_previsao_pct,valor_otimizacao_rs,valor_otimizacao_pct,economia_total_rs,economia_total_pct,pior_ano_otimizada,pior_economia_otimizada_pct,descoberto_otimizada_mwh,sobrando_otimizada_mwh,r_2021,r_2022,r_2023,r_2024,r_2025
caso_base,caso base,2021-2025,-330.096505,-0.033708,9020.194526,0.921099,8690.098021,0.887392,2023,-0.122319,25.901232,85.321170,0.984091,0.909091,1.111111,1.111111,1.111111
caso_base,caso base,2022-2025,-310.504587,-0.041313,9020.194526,1.200143,8709.689938,1.158830,2023,-0.122319,25.901232,85.321170,0.984091,0.909091,1.111111,1.111111,1.111111
f00,f=0.0,2021-2025,3740.510573,0.383785,0.000000,0.000000,3740.510573,0.383785,2022,-0.773520,151.888384,130.939188,1.000000,1.000000,1.000000,1.000000,1.000000
f00,f=0.0,2022-2025,324.018268,0.043255,0.000000,0.000000,324.018268,0.043255,2022,-0.773520,132.185527,105.861076,1.000000,1.000000,1.000000,1.000000,1.000000
f05,f=0.05,2021-2025,1560.570094,0.159603,7469.173963,0.763889,9029.744058,0.923492,2023,-0.188699,36.540829,90.320540,1.004881,0.952381,1.052632,1.052632,1.052632
f05,f=0.05,2022-2025,308.494012,0.041119,7244.582466,0.965631,7553.076478,1.006750,2023,-0.188699,35.314326,85.321170,1.004881,0.952381,1.052632,1.052632,1.052632
f15,f=0.15,2021-2025,0.000000,0.000000,9704.625129,0.989965,9704.625129,0.989965,2023,-0.143129,25.901232,85.321170,0.944565,0.869565,1.176471,1.176471,1.176471
f15,f=0.15,2022-2025,0.000000,0.000000,9704.625129,1.289500,9704.625129,1.289500,2023,-0.143129,25.901232,85.321170,0.944565,0.869565,1.176471,1.176471,1.176471
spread00,spread=0.0,2021-2025,-248.210954,-0.028929,9584.755523,1.117106,9336.544568,1.088177,2021,-0.007357,21.938665,85.321170,1.016591,0.916591,1.111111,1.111111,1.111111
spread00,spread=0.0,2022-2025,-233.151682,-0.035688,9584.755523,1.467130,9351.603841,1.431441,2023,0.439189,21.938665,85.321170,1.016591,0.916591,1.111111,1.111111,1.111111
spread40,spread=40.0,2021-2025,-411.982056,-0.037433,7583.842686,0.689081,7171.860631,0.651648,2024,-0.497564,26.015963,85.321170,0.966591,0.909091,1.111111,1.111111,1.111111
spread40,spread=40.0,2022-2025,-387.857493,-0.045636,7571.629746,0.890899,7183.772252,0.845263,2024,-0.497564,25.901232,85.321170,0.966591,0.909091,1.111111,1.111111,1.111111
lam00,lambda=0.0,2021-2025,-330.096505,-0.033708,8917.636230,0.910627,8587.539725,0.876919,2023,-0.122319,45.604089,85.321170,0.909091,0.909091,1.111111,1.111111,1.111111
lam00,lambda=0.0,2022-2025,-310.504587,-0.041313,9020.194526,1.200143,8709.689938,1.158830,2023,-0.122319,25.901232,85.321170,0.909091,0.909091,1.111111,1.111111,1.111111
lam10,lambda=1.0,2021-2025,-330.096505,-0.033708,6713.105571,0.685510,6383.009066,0.651803,2023,-0.122319,16.402989,85.321170,0.986591,0.929091,1.111111,1.111111,1.111111
lam10,lambda=1.0,2022-2025,-310.504587,-0.041313,6713.105571,0.893183,6402.600983,0.851871,2023,-0.122319,16.402989,85.321170,0.986591,0.929091,1.111111,1.111111,1.111111
alfa90,alfa=0.9,2021-2025,-330.096505,-0.033708,9109.667724,0.930236,8779.571219,0.896528,2023,-0.122319,27.151078,85.321170,0.959091,0.909091,1.111111,1.111111,1.111111
alfa90,alfa=0.9,2022-2025,-310.504587,-0.041313,9020.194526,1.200143,8709.689938,1.158830,2023,-0.122319,25.901232,85.321170,0.959091,0.909091,1.111111,1.111111,1.111111
rmax120,r_max=1.2,2021-2025,-330.096505,-0.033708,18459.628211,1.885010,18129.531706,1.851302,2023,-0.582118,25.901232,298.973774,0.984091,0.909091,1.200000,1.200000,1.200000
rmax120,r_max=1.2,2022-2025,-310.504587,-0.041313,18459.628211,2.456067,18149.123623,2.414754,2023,-0.582118,25.901232,298.973774,0.984091,0.909091,1.200000,1.200000,1.200000
pldsimples,metodo_pld=simples,2021-2025,-330.096505,-0.033708,9020.194526,0.921099,8690.098021,0.887392,2023,-0.122319,25.901232,85.321170,1.009091,0.909091,1.111111,1.111111,1.111111
pldsimples,metodo_pld=simples,2022-2025,-310.504587,-0.041313,9020.194526,1.200143,8709.689938,1.158830,2023,-0.122319,25.901232,85.321170,1.009091,0.909091,1.111111,1.111111,1.111111
disp125,dispersao=1.25,2021-2025,-330.096505,-0.033708,9020.194526,0.921099,8690.098021,0.887392,2023,-0.122319,25.901232,85.321170,0.994091,0.909091,1.111111,1.111111,1.111111
disp125,dispersao=1.25,2022-2025,-310.504587,-0.041313,9020.194526,1.200143,8709.689938,1.158830,2023,-0.122319,25.901232,85.321170,0.994091,0.909091,1.111111,1.111111,1.111111
disp150,dispersao=1.5,2021-2025,-330.096505,-0.033708,9020.194526,0.921099,8690.098021,0.887392,2023,-0.122319,25.901232,85.321170,1.004091,0.909091,1.111111,1.111111,1.111111
disp150,dispersao=1.5,2022-2025,-310.504587,-0.041313,9020.194526,1.200143,8709.689938,1.158830,2023,-0.122319,25.901232,85.321170,1.004091,0.909091,1.111111,1.111111,1.111111
clip,transformacao_pld=clip,2021-2025,-330.096505,-0.033708,9020.194526,0.921099,8690.098021,0.887392,2023,-0.122319,25.901232,85.321170,0.974091,0.909091,1.111111,1.111111,1.111111
clip,transformacao_pld=clip,2022-2025,-310.504587,-0.041313,9020.194526,1.200143,8709.689938,1.158830,2023,-0.122319,25.901232,85.321170,0.974091,0.909091,1.111111,1.111111,1.111111
