sens_id,config_hash,ano,mes,estrategia,v_mwm,consumo_mwh,contratado_mwh,piso_mwh,teto_mwh,entregue_mwh,preco_contrato_rs_mwh,pld_ponderado_rs_mwh,custo_rs,descoberto_mwh,sobrando_mwh,fora_da_faixa
disp150,964bcaf83f6af31f,2021,1,ingenua,0.127339,103.381882,94.740261,85.266235,104.214287,103.381882,198.026084,244.595416,20472.309297,0.000000,0.000000,False
disp150,964bcaf83f6af31f,2021,2,ingenua,0.127339,93.824576,85.571848,77.014664,94.129033,93.824576,198.026084,168.617971,18579.713339,0.000000,0.000000,False
disp150,964bcaf83f6af31f,2021,3,ingenua,0.127339,104.440919,94.740261,85.266235,104.214287,104.214287,198.026084,111.578028,20662.434288,0.226632,0.000000,True
disp150,964bcaf83f6af31f,2021,4,ingenua,0.127339,94.235413,91.684123,82.515711,100.852536,94.235413,198.026084,137.004961,18661.069818,0.000000,0.000000,False
disp150,964bcaf83f6af31f,2021,5,ingenua,0.127339,95.825039,94.740261,85.266235,104.214287,95.825039,198.026084,229.544750,18975.857228,0.000000,0.000000,False
disp150,964bcaf83f6af31f,2021,6,ingenua,0.127339,89.616377,91.684123,82.515711,100.852536,89.616377,198.026084,340.626130,17746.380119,0.000000,0.000000,False
disp150,964bcaf83f6af31f,2021,7,ingenua,0.127339,90.120014,94.740261,85.266235,104.214287,90.120014,198.026084,589.982140,17846.113497,0.000000,0.000000,False
disp150,964bcaf83f6af31f,2021,8,ingenua,0.127339,94.265429,94.740261,85.266235,104.214287,94.265429,198.026084,584.702259,18667.013680,0.000000,0.000000,False
disp150,964bcaf83f6af31f,2021,9,ingenua,0.127339,96.769717,91.684123,82.515711,100.852536,96.769717,198.026084,578.716718,19162.928134,0.000000,0.000000,False
disp150,964bcaf83f6af31f,2021,10,ingenua,0.127339,93.249839,94.740261,85.266235,104.214287,93.249839,198.026084,254.644599,18465.900378,0.000000,0.000000,False
disp150,964bcaf83f6af31f,2021,11,ingenua,0.127339,95.454458,91.684123,82.515711,100.852536,95.454458,198.026084,88.632993,18902.472504,0.000000,0.000000,False
disp150,964bcaf83f6af31f,2021,12,ingenua,0.127339,98.726035,94.740261,85.266235,104.214287,98.726035,198.026084,67.051269,19550.330058,0.000000,0.000000,False
disp150,964bcaf83f6af31f,2021,1,pontual,0.131882,103.381882,98.120092,88.308083,107.932101,103.381882,198.026084,244.595416,20472.309297,0.000000,0.000000,False
disp150,964bcaf83f6af31f,2021,2,pontual,0.131882,93.824576,88.624599,79.762139,97.487059,93.824576,198.026084,168.617971,18579.713339,0.000000,0.000000,False
disp150,964bcaf83f6af31f,2021,3,pontual,0.131882,104.440919,98.120092,88.308083,107.932101,104.440919,198.026084,111.578028,20682.026205,0.000000,0.000000,False
disp150,964bcaf83f6af31f,2021,4,pontual,0.131882,94.235413,94.954928,85.459435,104.450420,94.235413,198.026084,137.004961,18661.069818,0.000000,0.000000,False
disp150,964bcaf83f6af31f,2021,5,pontual,0.131882,95.825039,98.120092,88.308083,107.932101,95.825039,198.026084,229.544750,18975.857228,0.000000,0.000000,False
disp150,964bcaf83f6af31f,2021,6,pontual,0.131882,89.616377,94.954928,85.459435,104.450420,89.616377,198.026084,340.626130,17746.380119,0.000000,0.000000,False
disp150,964bcaf83f6af31f,2021,7,pontual,0.131882,90.120014,98.120092,88.308083,107.932101,90.120014,198.026084,589.982140,17846.113497,0.000000,0.000000,False
disp150,964bcaf83f6af31f,2021,8,pontual,0.131882,94.265429,98.120092,88.308083,107.932101,94.265429,198.026084,584.702259,18667.013680,0.000000,0.000000,False
disp150,964bcaf83f6af31f,2021,9,pontual,0.131882,96.769717,94.954928,85.459435,104.450420,96.769717,198.026084,578.716718,19162.928134,0.000000,0.000000,False
disp150,964bcaf83f6af31f,2021,10,pontual,0.131882,93.249839,98.120092,88.308083,107.932101,93.249839,198.026084,254.644599,18465.900378,0.000000,0.000000,False
disp150,964bcaf83f6af31f,2021,11,pontual,0.131882,95.454458,94.954928,85.459435,104.450420,95.454458,198.026084,88.632993,18902.472504,0.000000,0.000000,False
disp150,964bcaf83f6af31f,2021,12,pontual,0.131882,98.726035,98.120092,88.308083,107.932101,98.726035,198.026084,67.051269,19550.330058,0.000000,0.000000,False
disp150,964bcaf83f6af31f,2021,1,otimizada,0.132421,103.381882,98.521492,88.669343,108.373641,103.381882,198.026084,244.595416,20472.309297,0.000000,0.000000,False
disp150,964bcaf83f6af31f,2021,2,otimizada,0.132421,93.824576,88.987154,80.088439,97.885870,93.824576,198.026084,168.617971,18579.713339,0.000000,0.000000,False
disp150,964bcaf83f6af31f,2021,3,otimizada,0.132421,104.440919,98.521492,88.669343,108.373641,104.440919,198.026084,111.578028,20682.026205,0.000000,0.000000,False
disp150,964bcaf83f6af31f,2021,4,otimizada,0.132421,94.235413,95.343380,85.809042,104.877718,94.235413,198.026084,137.004961,18661.069818,0.000000,0.000000,False
disp150,964bcaf83f6af31f,2021,5,otimizada,0.132421,95.825039,98.521492,88.669343,108.373641,95.825039,198.026084,229.544750,18975.857228,0.000000,0.000000,False
disp150,964bcaf83f6af31f,2021,6,otimizada,0.132421,89.616377,95.343380,85.809042,104.877718,89.616377,198.026084,340.626130,17746.380119,0.000000,0.000000,False
disp150,964bcaf83f6af31f,2021,7,otimizada,0.132421,90.120014,98.521492,88.669343,108.373641,90.120014,198.026084,589.982140,17846.113497,0.000000,0.000000,False
disp150,964bcaf83f6af31f,2021,8,otimizada,0.132421,94.265429,98.521492,88.669343,108.373641,94.265429,198.026084,584.702259,18667.013680,0.000000,0.000000,False
disp150,964bcaf83f6af31f,2021,9,otimizada,0.132421,96.769717,95.343380,85.809042,104.877718,96.769717,198.026084,578.716718,19162.928134,0.000000,0.000000,False
disp150,964bcaf83f6af31f,2021,10,otimizada,0.132421,93.249839,98.521492,88.669343,108.373641,93.249839,198.026084,254.644599,18465.900378,0.000000,0.000000,False
disp150,964bcaf83f6af31f,2021,11,otimizada,0.132421,95.454458,95.343380,85.809042,104.877718,95.454458,198.026084,88.632993,18902.472504,0.000000,0.000000,False
disp150,964bcaf83f6af31f,2021,12,otimizada,0.132421,98.726035,98.521492,88.669343,108.373641,98.726035,198.026084,67.051269,19550.330058,0.000000,0.000000,False
disp150,964bcaf83f6af31f,2022,1,ingenua,0.131268,102.416250,97.663563,87.897207,107.429920,102.416250,300.497643,64.024371,30775.841673,0.000000,0.000000,False
disp150,964bcaf83f6af31f,2022,2,ingenua,0.131268,95.209457,88.212251,79.391026,97.033476,95.209457,300.497643,55.700000,28610.217340,0.000000,0.000000,False
disp150,964bcaf83f6af31f,2022,3,ingenua,0.131268,110.369642,97.663563,87.897207,107.429920,107.429920,300.497643,55.700000,32446.180170,2.939722,0.000000,True
disp150,964bcaf83f6af31f,2022,4,ingenua,0.131268,98.509359,94.513126,85.061813,103.964438,98.509359,300.497643,55.700000,29601.830100,0.000000,0.000000,False
disp150,964bcaf83f6af31f,2022,5,ingenua,0.131268,95.193554,97.663563,87.897207,107.429920,95.193554,300.497643,55.700000,28605.438688,0.000000,0.000000,False
disp150,964bcaf83f6af31f,2022,6,ingenua,0.131268,90.073698,94.513126,85.061813,103.964438,90.073698,300.497643,55.718983,27066.933881,0.000000,0.000000,False
disp150,964bcaf83f6af31f,2022,7,ingenua,0.131268,94.307443,97.663563,87.897207,107.429920,94.307443,300.497643,66.564018,28339.164278,0.000000,0.000000,False
disp150,964bcaf83f6af31f,2022,8,ingenua,0.131268,95.016869,97.663563,87.897207,107.429920,95.016869,300.497643,78.001336,28552.345237,0.000000,0.000000,False
disp150,964bcaf83f6af31f,2022,9,ingenua,0.131268,93.304701,94.513126,85.061813,103.964438,93.304701,300.497643,56.106206,28037.842609,0.000000,0.000000,False
disp150,964bcaf83f6af31f,2022,10,ingenua,0.131268,99.707675,97.663563,87.897207,107.429920,99.707675,300.497643,55.700000,29961.921234,0.000000,0.000000,False
disp150,964bcaf83f6af31f,2022,11,ingenua,0.131268,94.918669,94.513126,85.061813,103.964438,94.918669,300.497643,55.700000,28522.836148,0.000000,0.000000,False
disp150,964bcaf83f6af31f,2022,12,ingenua,0.131268,97.351029,97.663563,87.897207,107.429920,97.351029,300.497643,55.700000,29253.754680,0.000000,0.000000,False
disp150,964bcaf83f6af31f,2022,1,pontual,0.132536,102.416250,98.606925,88.746232,108.467617,102.416250,300.497643,64.024371,30775.841673,0.000000,0.000000,False
disp150,964bcaf83f6af31f,2022,2,pontual,0.132536,95.209457,89.064319,80.157887,97.970751,95.209457,300.497643,55.700000,28610.217340,0.000000,0.000000,False
disp150,964bcaf83f6af31f,2022,3,pontual,0.132536,110.369642,98.606925,88.746232,108.467617,108.467617,300.497643,55.700000,32700.206118,1.902025,0.000000,True
disp150,964bcaf83f6af31f,2022,4,pontual,0.132536,98.509359,95.426056,85.883451,104.968662,98.509359,300.497643,55.700000,29601.830100,0.000000,0.000000,False
disp150,964bcaf83f6af31f,2022,5,pontual,0.132536,95.193554,98.606925,88.746232,108.467617,95.193554,300.497643,55.700000,28605.438688,0.000000,0.000000,False
disp150,964bcaf83f6af31f,2022,6,pontual,0.132536,90.073698,95.426056,85.883451,104.968662,90.073698,300.497643,55.718983,27066.933881,0.000000,0.000000,False
disp150,964bcaf83f6af31f,2022,7,pontual,0.132536,94.307443,98.606925,88.746232,108.467617,94.307443,300.497643,66.564018,28339.164278,0.000000,0.000000,False
disp150,964bcaf83f6af31f,2022,8,pontual,0.132536,95.016869,98.606925,88.746232,108.467617,95.016869,300.497643,78.001336,28552.345237,0.000000,0.000000,False
disp150,964bcaf83f6af31f,2022,9,pontual,0.132536,93.304701,95.426056,85.883451,104.968662,93.304701,300.497643,56.106206,28037.842609,0.000000,0.000000,False
disp150,964bcaf83f6af31f,2022,10,pontual,0.132536,99.707675,98.606925,88.746232,108.467617,99.707675,300.497643,55.700000,29961.921234,0.000000,0.000000,False
disp150,964bcaf83f6af31f,2022,11,pontual,0.132536,94.918669,95.426056,85.883451,104.968662,94.918669,300.497643,55.700000,28522.836148,0.000000,0.000000,False
disp150,964bcaf83f6af31f,2022,12,pontual,0.132536,97.351029,98.606925,88.746232,108.467617,97.351029,300.497643,55.700000,29253.754680,0.000000,0.000000,False
disp150,964bcaf83f6af31f,2022,1,otimizada,0.120487,102.416250,89.642659,80.678393,98.606925,98.606925,300.497643,64.024371,29875.038137,3.809325,0.000000,True
disp150,964bcaf83f6af31f,2022,2,otimizada,0.120487,95.209457,80.967563,72.870807,89.064319,89.064319,300.497643,55.700000,27105.902161,6.145138,0.000000,True
disp150,964bcaf83f6af31f,2022,3,otimizada,0.120487,110.369642,89.642659,80.678393,98.606925,98.606925,300.497643,55.700000,30286.331840,11.762717,0.000000,True
disp150,964bcaf83f6af31f,2022,4,otimizada,0.120487,98.509359,86.750960,78.075864,95.426056,95.426056,300.497643,55.700000,28847.044944,3.083302,0.000000,True
disp150,964bcaf83f6af31f,2022,5,otimizada,0.120487,95.193554,89.642659,80.678393,98.606925,95.193554,300.497643,55.700000,28605.438688,0.000000,0.000000,False
disp150,964bcaf83f6af31f,2022,6,otimizada,0.120487,90.073698,86.750960,78.075864,95.426056,90.073698,300.497643,55.718983,27066.933881,0.000000,0.000000,False
disp150,964bcaf83f6af31f,2022,7,otimizada,0.120487,94.307443,89.642659,80.678393,98.606925,94.307443,300.497643,66.564018,28339.164278,0.000000,0.000000,False
disp150,964bcaf83f6af31f,2022,8,otimizada,0.120487,95.016869,89.642659,80.678393,98.606925,95.016869,300.497643,78.001336,28552.345237,0.000000,0.000000,False
disp150,964bcaf83f6af31f,2022,9,otimizada,0.120487,93.304701,86.750960,78.075864,95.426056,93.304701,300.497643,56.106206,28037.842609,0.000000,0.000000,False
disp150,964bcaf83f6af31f,2022,10,otimizada,0.120487,99.707675,89.642659,80.678393,98.606925,98.606925,300.497643,55.700000,29692.460267,1.100750,0.000000,True
disp150,964bcaf83f6af31f,2022,11,otimizada,0.120487,94.918669,86.750960,78.075864,95.426056,94.918669,300.497643,55.700000,28522.836148,0.000000,0.000000,False
disp150,964bcaf83f6af31f,2022,12,otimizada,0.120487,97.351029,89.642659,80.678393,98.606925,97.351029,300.497643,55.700000,29253.754680,0.000000,0.000000,False
disp150,964bcaf83f6af31f,2023,1,ingenua,0.133148,101.106899,99.062270,89.156043,108.968497,101.106899,79.047039,69.040000,7992.200937,0.000000,0.000000,False
disp150,964bcaf83f6af31f,2023,2,ingenua,0.133148,97.361459,89.475599,80.528039,98.423159,97.361459,79.047039,69.040000,7696.135029,0.000000,0.000000,False
disp150,964bcaf83f6af31f,2023,3,ingenua,0.133148,109.552022,99.062270,89.156043,108.968497,108.968497,79.047039,69.040000,8653.923560,0.583524,0.000000,True
disp150,964bcaf83f6af31f,2023,4,ingenua,0.133148,96.815631,95.866713,86.280042,105.453385,96.815631,79.047039,69.040000,7652.988909,0.000000,0.000000,False
disp150,964bcaf83f6af31f,2023,5,ingenua,0.133148,97.026616,99.062270,89.156043,108.968497,97.026616,79.047039,69.040000,7669.666671,0.000000,0.000000,False
disp150,964bcaf83f6af31f,2023,6,ingenua,0.133148,91.070249,95.866713,86.280042,105.453385,91.070249,79.047039,69.040000,7198.833490,0.000000,0.000000,False
disp150,964bcaf83f6af31f,2023,7,ingenua,0.133148,93.477191,99.062270,89.156043,108.968497,93.477191,79.047039,69.040000,7389.095135,0.000000,0.000000,False
disp150,964bcaf83f6af31f,2023,8,ingenua,0.133148,99.292400,99.062270,89.156043,108.968497,99.292400,79.047039,69.040000,7848.770236,0.000000,0.000000,False
disp150,964bcaf83f6af31f,2023,9,ingenua,0.133148,102.381166,95.866713,86.280042,105.453385,102.381166,79.047039,84.100780,8092.928035,0.000000,0.000000,False
disp150,964bcaf83f6af31f,2023,10,ingenua,0.133148,107.447020,99.062270,89.156043,108.968497,107.447020,79.047039,77.001555,8493.368751,0.000000,0.000000,False
disp150,964bcaf83f6af31f,2023,11,ingenua,0.133148,109.216103,95.866713,86.280042,105.453385,105.453385,79.047039,89.387547,8672.117910,3.762718,0.000000,True
disp150,964bcaf83f6af31f,2023,12,ingenua,0.133148,112.569182,99.062270,89.156043,108.968497,108.968497,79.047039,75.417262,8885.190846,3.600685,0.000000,True
disp150,964bcaf83f6af31f,2023,1,pontual,0.133682,101.106899,99.459432,89.513489,109.405375,101.106899,79.047039,69.040000,7992.200937,0.000000,0.000000,False
disp150,964bcaf83f6af31f,2023,2,pontual,0.133682,97.361459,89.834326,80.850893,98.817758,97.361459,79.047039,69.040000,7696.135029,0.000000,0.000000,False
disp150,964bcaf83f6af31f,2023,3,pontual,0.133682,109.552022,99.459432,89.513489,109.405375,109.405375,79.047039,69.040000,8658.295411,0.146647,0.000000,True
disp150,964bcaf83f6af31f,2023,4,pontual,0.133682,96.815631,96.251063,86.625957,105.876169,96.815631,79.047039,69.040000,7652.988909,0.000000,0.000000,False
disp150,964bcaf83f6af31f,2023,5,pontual,0.133682,97.026616,99.459432,89.513489,109.405375,97.026616,79.047039,69.040000,7669.666671,0.000000,0.000000,False
disp150,964bcaf83f6af31f,2023,6,pontual,0.133682,91.070249,96.251063,86.625957,105.876169,91.070249,79.047039,69.040000,7198.833490,0.000000,0.000000,False
disp150,964bcaf83f6af31f,2023,7,pontual,0.133682,93.477191,99.459432,89.513489,109.405375,93.477191,79.047039,69.040000,7389.095135,0.000000,0.000000,False
disp150,964bcaf83f6af31f,2023,8,pontual,0.133682,99.292400,99.459432,89.513489,109.405375,99.292400,79.047039,69.040000,7848.770236,0.000000,0.000000,False
disp150,964bcaf83f6af31f,2023,9,pontual,0.133682,102.381166,96.251063,86.625957,105.876169,102.381166,79.047039,84.100780,8092.928035,0.000000,0.000000,False
disp150,964bcaf83f6af31f,2023,10,pontual,0.133682,107.447020,99.459432,89.513489,109.405375,107.447020,79.047039,77.001555,8493.368751,0.000000,0.000000,False
disp150,964bcaf83f6af31f,2023,11,pontual,0.133682,109.216103,96.251063,86.625957,105.876169,105.876169,79.047039,89.387547,8667.746100,3.339933,0.000000,True
disp150,964bcaf83f6af31f,2023,12,pontual,0.133682,112.569182,99.459432,89.513489,109.405375,109.405375,79.047039,75.417262,8886.776614,3.163807,0.000000,True
disp150,964bcaf83f6af31f,2023,1,otimizada,0.148536,101.106899,110.510480,99.459432,121.561528,101.106899,79.047039,69.040000,7992.200937,0.000000,0.000000,False
disp150,964bcaf83f6af31f,2023,2,otimizada,0.148536,97.361459,99.815917,89.834326,109.797509,97.361459,79.047039,69.040000,7696.135029,0.000000,0.000000,False
disp150,964bcaf83f6af31f,2023,3,otimizada,0.148536,109.552022,110.510480,99.459432,121.561528,109.552022,79.047039,69.040000,8659.762910,0.000000,0.000000,False
disp150,964bcaf83f6af31f,2023,4,otimizada,0.148536,96.815631,106.945626,96.251063,117.640188,96.815631,79.047039,69.040000,7652.988909,0.000000,0.000000,False
disp150,964bcaf83f6af31f,2023,5,otimizada,0.148536,97.026616,110.510480,99.459432,121.561528,99.459432,79.047039,69.040000,7694.011955,0.000000,2.432816,True
disp150,964bcaf83f6af31f,2023,6,otimizada,0.148536,91.070249,106.945626,96.251063,117.640188,96.251063,79.047039,69.040000,7250.678100,0.000000,5.180814,True
disp150,964bcaf83f6af31f,2023,7,otimizada,0.148536,93.477191,110.510480,99.459432,121.561528,99.459432,79.047039,69.040000,7448.959653,0.000000,5.982241,True
disp150,964bcaf83f6af31f,2023,8,otimizada,0.148536,99.292400,110.510480,99.459432,121.561528,99.459432,79.047039,69.040000,7850.441725,0.000000,0.167031,True
disp150,964bcaf83f6af31f,2023,9,otimizada,0.148536,102.381166,106.945626,96.251063,117.640188,102.381166,79.047039,84.100780,8092.928035,0.000000,0.000000,False
disp150,964bcaf83f6af31f,2023,10,otimizada,0.148536,107.447020,110.510480,99.459432,121.561528,107.447020,79.047039,77.001555,8493.368751,0.000000,0.000000,False
disp150,964bcaf83f6af31f,2023,11,otimizada,0.148536,109.216103,106.945626,96.251063,117.640188,109.216103,79.047039,89.387547,8633.209494,0.000000,0.000000,False
disp150,964bcaf83f6af31f,2023,12,otimizada,0.148536,112.569182,110.510480,99.459432,121.561528,112.569182,79.047039,75.417262,8898.260530,0.000000,0.000000,False
disp150,964bcaf83f6af31f,2024,1,ingenua,0.138963,110.237975,103.388477,93.049629,113.727325,110.237975,92.156061,61.098882,10159.097514,0.000000,0.000000,False
disp150,964bcaf83f6af31f,2024,2,ingenua,0.138963,106.222710,96.718253,87.046427,106.390078,106.222710,92.156061,61.266580,9789.066495,0.000000,0.000000,False
disp150,964bcaf83f6af31f,2024,3,ingenua,0.138963,114.944752,103.388477,93.049629,113.727325,113.727325,92.156061,61.070000,10555.010465,1.217427,0.000000,True
disp150,964bcaf83f6af31f,2024,4,ingenua,0.138963,107.772029,100.053365,90.048028,110.058701,107.772029,92.156061,61.070000,9931.845590,0.000000,0.000000,False
disp150,964bcaf83f6af31f,2024,5,ingenua,0.138963,107.990488,103.388477,93.049629,113.727325,107.990488,92.156061,61.070000,9951.977905,0.000000,0.000000,False
disp150,964bcaf83f6af31f,2024,6,ingenua,0.138963,97.720488,100.053365,90.048028,110.058701,97.720488,92.156061,67.108355,9005.535199,0.000000,0.000000,False
disp150,964bcaf83f6af31f,2024,7,ingenua,0.138963,99.937816,103.388477,93.049629,113.727325,99.937816,92.156061,88.331047,9209.875435,0.000000,0.000000,False
disp150,964bcaf83f6af31f,2024,8,ingenua,0.138963,102.489889,103.388477,93.049629,113.727325,102.489889,92.156061,121.074168,9445.064435,0.000000,0.000000,False
disp150,964bcaf83f6af31f,2024,9,ingenua,0.138963,108.416422,100.053365,90.048028,110.058701,108.416422,92.156061,307.836449,9991.230365,0.000000,0.000000,False
disp150,964bcaf83f6af31f,2024,10,ingenua,0.138963,110.108896,103.388477,93.049629,113.727325,110.108896,92.156061,487.088084,10147.202046,0.000000,0.000000,False
disp150,964bcaf83f6af31f,2024,11,ingenua,0.138963,104.120290,100.053365,90.048028,110.058701,104.120290,92.156061,112.646959,9595.315736,0.000000,0.000000,False
disp150,964bcaf83f6af31f,2024,12,ingenua,0.138963,108.998453,103.388477,93.049629,113.727325,108.998453,92.156061,65.726362,10044.868044,0.000000,0.000000,False
disp150,964bcaf83f6af31f,2024,1,pontual,0.147306,110.237975,109.595805,98.636225,120.555386,110.237975,92.156061,61.098882,10159.097514,0.000000,0.000000,False
disp150,964bcaf83f6af31f,2024,2,pontual,0.147306,106.222710,102.525108,92.272597,112.777619,106.222710,92.156061,61.266580,9789.066495,0.000000,0.000000,False
disp150,964bcaf83f6af31f,2024,3,pontual,0.147306,114.944752,109.595805,98.636225,120.555386,114.944752,92.156061,61.070000,10592.855474,0.000000,0.000000,False
disp150,964bcaf83f6af31f,2024,4,pontual,0.147306,107.772029,106.060457,95.454411,116.666502,107.772029,92.156061,61.070000,9931.845590,0.000000,0.000000,False
disp150,964bcaf83f6af31f,2024,5,pontual,0.147306,107.990488,109.595805,98.636225,120.555386,107.990488,92.156061,61.070000,9951.977905,0.000000,0.000000,False
disp150,964bcaf83f6af31f,2024,6,pontual,0.147306,97.720488,106.060457,95.454411,116.666502,97.720488,92.156061,67.108355,9005.535199,0.000000,0.000000,False
disp150,964bcaf83f6af31f,2024,7,pontual,0.147306,99.937816,109.595805,98.636225,120.555386,99.937816,92.156061,88.331047,9209.875435,0.000000,0.000000,False
disp150,964bcaf83f6af31f,2024,8,pontual,0.147306,102.489889,109.595805,98.636225,120.555386,102.489889,92.156061,121.074168,9445.064435,0.000000,0.000000,False
disp150,964bcaf83f6af31f,2024,9,pontual,0.147306,108.416422,106.060457,95.454411,116.666502,108.416422,92.156061,307.836449,9991.230365,0.000000,0.000000,False
disp150,964bcaf83f6af31f,2024,10,pontual,0.147306,110.108896,109.595805,98.636225,120.555386,110.108896,92.156061,487.088084,10147.202046,0.000000,0.000000,False
disp150,964bcaf83f6af31f,2024,11,pontual,0.147306,104.120290,106.060457,95.454411,116.666502,104.120290,92.156061,112.646959,9595.315736,0.000000,0.000000,False
disp150,964bcaf83f6af31f,2024,12,pontual,0.147306,108.998453,109.595805,98.636225,120.555386,108.998453,92.156061,65.726362,10044.868044,0.000000,0.000000,False
disp150,964bcaf83f6af31f,2024,1,otimizada,0.163674,110.237975,121.773117,109.595805,133.950429,110.237975,92.156061,61.098882,10159.097514,0.000000,0.000000,False
disp150,964bcaf83f6af31f,2024,2,otimizada,0.163674,106.222710,113.916787,102.525108,125.308465,106.222710,92.156061,61.266580,9789.066495,0.000000,0.000000,False
disp150,964bcaf83f6af31f,2024,3,otimizada,0.163674,114.944752,121.773117,109.595805,133.950429,114.944752,92.156061,61.070000,10592.855474,0.000000,0.000000,False
disp150,964bcaf83f6af31f,2024,4,otimizada,0.163674,107.772029,117.844952,106.060457,129.629447,107.772029,92.156061,61.070000,9931.845590,0.000000,0.000000,False
disp150,964bcaf83f6af31f,2024,5,otimizada,0.163674,107.990488,121.773117,109.595805,133.950429,109.595805,92.156061,61.070000,10001.880905,0.000000,1.605318,True
disp150,964bcaf83f6af31f,2024,6,otimizada,0.163674,97.720488,117.844952,106.060457,129.629447,106.060457,92.156061,67.108355,9214.432280,0.000000,8.339969,True
disp150,964bcaf83f6af31f,2024,7,otimizada,0.163674,99.937816,121.773117,109.595805,133.950429,109.595805,92.156061,88.331047,9246.817369,0.000000,9.657989,True
disp150,964bcaf83f6af31f,2024,8,otimizada,0.163674,102.489889,121.773117,109.595805,133.950429,109.595805,92.156061,121.074168,9239.574792,0.000000,7.105916,True
disp150,964bcaf83f6af31f,2024,9,otimizada,0.163674,108.416422,117.844952,106.060457,129.629447,108.416422,92.156061,307.836449,9991.230365,0.000000,0.000000,False
disp150,964bcaf83f6af31f,2024,10,otimizada,0.163674,110.108896,121.773117,109.595805,133.950429,110.108896,92.156061,487.088084,10147.202046,0.000000,0.000000,False
disp150,964bcaf83f6af31f,2024,11,otimizada,0.163674,104.120290,117.844952,106.060457,129.629447,106.060457,92.156061,112.646959,9555.559977,0.000000,1.940167,True
disp150,964bcaf83f6af31f,2024,12,otimizada,0.163674,108.998453,121.773117,109.595805,133.950429,109.595805,92.156061,65.726362,10060.655877,0.000000,0.597352,True
disp150,964bcaf83f6af31f,2025,1,ingenua,0.145601,113.927951,108.327231,97.494508,119.159954,113.927951,148.164976,59.358972,16880.132166,0.000000,0.000000,False
disp150,964bcaf83f6af31f,2025,2,ingenua,0.145601,112.400215,97.843950,88.059555,107.628345,107.628345,148.164976,94.212858,16396.322715,4.771870,0.000000,True
disp150,964bcaf83f6af31f,2025,3,ingenua,0.145601,118.394061,108.327231,97.494508,119.159954,118.394061,148.164976,318.247240,17541.853236,0.000000,0.000000,False
disp150,964bcaf83f6af31f,2025,4,ingenua,0.145601,104.460900,104.832804,94.349523,115.316084,104.460900,148.164976,200.620891,15477.446795,0.000000,0.000000,False
disp150,964bcaf83f6af31f,2025,5,ingenua,0.145601,101.994632,108.327231,97.494508,119.159954,101.994632,148.164976,211.374199,15112.032271,0.000000,0.000000,False
disp150,964bcaf83f6af31f,2025,6,ingenua,0.145601,96.823063,104.832804,94.349523,115.316084,96.823063,148.164976,226.887865,14345.786883,0.000000,0.000000,False
disp150,964bcaf83f6af31f,2025,7,ingenua,0.145601,98.340235,108.327231,97.494508,119.159954,98.340235,148.164976,206.941445,14570.578536,0.000000,0.000000,False
disp150,964bcaf83f6af31f,2025,8,ingenua,0.145601,100.339987,108.327231,97.494508,119.159954,100.339987,148.164976,275.393187,14866.871831,0.000000,0.000000,False
disp150,964bcaf83f6af31f,2025,9,ingenua,0.145601,101.057612,104.832804,94.349523,115.316084,101.057612,148.164976,249.201209,14973.198663,0.000000,0.000000,False
disp150,964bcaf83f6af31f,2025,10,ingenua,0.145601,106.283099,108.327231,97.494508,119.159954,106.283099,148.164976,241.426492,15747.432783,0.000000,0.000000,False
disp150,964bcaf83f6af31f,2025,11,ingenua,0.145601,103.532274,104.832804,94.349523,115.316084,103.532274,148.164976,268.656766,15339.856961,0.000000,0.000000,False
disp150,964bcaf83f6af31f,2025,12,ingenua,0.145601,111.335477,108.327231,97.494508,119.159954,111.335477,148.164976,263.257185,16496.018216,0.000000,0.000000,False
disp150,964bcaf83f6af31f,2025,1,pontual,0.146029,113.927951,108.645263,97.780737,119.509789,113.927951,148.164976,59.358972,16880.132166,0.000000,0.000000,False
disp150,964bcaf83f6af31f,2025,2,pontual,0.146029,112.400215,98.131205,88.318085,107.944326,107.944326,148.164976,94.212858,16413.370536,4.455889,0.000000,True
disp150,964bcaf83f6af31f,2025,3,pontual,0.146029,118.394061,108.645263,97.780737,119.509789,118.394061,148.164976,318.247240,17541.853236,0.000000,0.000000,False
disp150,964bcaf83f6af31f,2025,4,pontual,0.146029,104.460900,105.140577,94.626519,115.654635,104.460900,148.164976,200.620891,15477.446795,0.000000,0.000000,False
disp150,964bcaf83f6af31f,2025,5,pontual,0.146029,101.994632,108.645263,97.780737,119.509789,101.994632,148.164976,211.374199,15112.032271,0.000000,0.000000,False
disp150,964bcaf83f6af31f,2025,6,pontual,0.146029,96.823063,105.140577,94.626519,115.654635,96.823063,148.164976,226.887865,14345.786883,0.000000,0.000000,False
disp150,964bcaf83f6af31f,2025,7,pontual,0.146029,98.340235,108.645263,97.780737,119.509789,98.340235,148.164976,206.941445,14570.578536,0.000000,0.000000,False
disp150,964bcaf83f6af31f,2025,8,pontual,0.146029,100.339987,108.645263,97.780737,119.509789,100.339987,148.164976,275.393187,14866.871831,0.000000,0.000000,False
disp150,964bcaf83f6af31f,2025,9,pontual,0.146029,101.057612,105.140577,94.626519,115.654635,101.057612,148.164976,249.201209,14973.198663,0.000000,0.000000,False
disp150,964bcaf83f6af31f,2025,10,pontual,0.146029,106.283099,108.645263,97.780737,119.509789,106.283099,148.164976,241.426492,15747.432783,0.000000,0.000000,False
disp150,964bcaf83f6af31f,2025,11,pontual,0.146029,103.532274,105.140577,94.626519,115.654635,103.532274,148.164976,268.656766,15339.856961,0.000000,0.000000,False
disp150,964bcaf83f6af31f,2025,12,pontual,0.146029,111.335477,108.645263,97.780737,119.509789,111.335477,148.164976,263.257185,16496.018216,0.000000,0.000000,False
disp150,964bcaf83f6af31f,2025,1,otimizada,0.162254,113.927951,120.716959,108.645263,132.788655,113.927951,148.164976,59.358972,16880.132166,0.000000,0.000000,False
disp150,964bcaf83f6af31f,2025,2,otimizada,0.162254,112.400215,109.034673,98.131205,119.938140,112.400215,148.164976,94.212858,16653.775207,0.000000,0.000000,False
disp150,964bcaf83f6af31f,2025,3,otimizada,0.162254,118.394061,120.716959,108.645263,132.788655,118.394061,148.164976,318.247240,17541.853236,0.000000,0.000000,False
disp150,964bcaf83f6af31f,2025,4,otimizada,0.162254,104.460900,116.822863,105.140577,128.505150,105.140577,148.164976,200.620891,15441.793724,0.000000,0.679677,True
disp150,964bcaf83f6af31f,2025,5,otimizada,0.162254,101.994632,120.716959,108.645263,132.788655,108.645263,148.164976,211.374199,14691.651074,0.000000,6.650631,True
disp150,964bcaf83f6af31f,2025,6,otimizada,0.162254,96.823063,116.822863,105.140577,128.505150,105.140577,148.164976,226.887865,13691.008176,0.000000,8.317514,True
disp150,964bcaf83f6af31f,2025,7,otimizada,0.162254,98.340235,120.716959,108.645263,132.788655,108.645263,148.164976,206.941445,13964.885365,0.000000,10.305028,True
disp150,964bcaf83f6af31f,2025,8,otimizada,0.162254,100.339987,120.716959,108.645263,132.788655,108.645263,148.164976,275.393187,13810.206465,0.000000,8.305276,True
disp150,964bcaf83f6af31f,2025,9,otimizada,0.162254,101.057612,116.822863,105.140577,128.505150,105.140577,148.164976,249.201209,14560.671244,0.000000,4.082965,True
disp150,964bcaf83f6af31f,2025,10,otimizada,0.162254,106.283099,120.716959,108.645263,132.788655,108.645263,148.164976,241.426492,15527.133757,0.000000,2.362164,True
disp150,964bcaf83f6af31f,2025,11,otimizada,0.162254,103.532274,116.822863,105.140577,128.505150,105.140577,148.164976,268.656766,15146.069685,0.000000,1.608303,True
disp150,964bcaf83f6af31f,2025,12,otimizada,0.162254,111.335477,120.716959,108.645263,132.788655,111.335477,148.164976,263.257185,16496.018216,0.000000,0.000000,False
