sens_id,ano,valor_previsao_rs,valor_otimizacao_rs,r_otimizada,v_otimizada_mwm,meses_fora_otimizada,cobertura_abaixo_de_100_otimizada
caso_base,2021,-19.591918,0.000000,0.984091,0.129784,0,False
caso_base,2022,-254.025948,5843.239117,0.909091,0.120487,5,True
caso_base,2023,-1.585810,-116.140709,1.111111,0.148536,4,False
caso_base,2024,-37.845008,-66.284445,1.111111,0.163674,6,False
caso_base,2025,-17.047821,3359.380563,1.111111,0.162254,8,False
f00,2021,3416.492305,0.000000,1.000000,0.131882,12,False
f00,2022,-2679.518096,0.000000,1.000000,0.132536,12,True
f00,2023,-27.491467,0.000000,1.000000,0.133682,12,True
f00,2024,2766.602307,0.000000,1.000000,0.147306,12,False
f00,2025,264.425524,0.000000,1.000000,0.146029,12,False
f05,2021,1252.076083,224.591497,1.004881,0.132526,5,False
f05,2022,-603.722926,4364.353606,0.952381,0.126225,5,True
f05,2023,-11.526073,-170.004720,1.052632,0.140718,6,False
f05,2024,801.279315,-21.258732,1.052632,0.155059,6,False
f05,2025,122.463695,3071.492312,1.052632,0.153714,9,False
f15,2021,0.000000,0.000000,0.944565,0.124571,0,False
f15,2022,0.000000,6308.850241,0.869565,0.115249,5,True
f15,2023,0.000000,-137.725901,1.176471,0.157273,4,False
f15,2024,0.000000,-66.284445,1.176471,0.173301,6,False
f15,2025,0.000000,3599.785234,1.176471,0.171798,8,False
spread00,2021,-15.059272,0.000000,1.016591,0.134070,0,False
spread00,2022,-233.271994,4479.251189,0.916591,0.121481,5,False
spread00,2023,24.344991,292.125086,1.111111,0.148536,4,False
spread00,2024,-13.496469,518.649750,1.111111,0.163674,6,False
spread00,2025,-10.728209,4294.729498,1.111111,0.162254,8,False
spread40,2021,-24.124563,12.212941,0.966591,0.127476,1,False
spread40,2022,-274.779902,6323.223261,0.909091,0.120487,5,True
spread40,2023,-27.516611,-524.406503,1.111111,0.148536,4,False
spread40,2024,-62.193548,-651.218639,1.111111,0.163674,6,False
spread40,2025,-23.367432,2424.031627,1.111111,0.162254,8,False
lam00,2021,-19.591918,-102.558296,0.909091,0.119893,6,False
lam00,2022,-254.025948,5843.239117,0.909091,0.120487,5,True
lam00,2023,-1.585810,-116.140709,1.111111,0.148536,4,False
lam00,2024,-37.845008,-66.284445,1.111111,0.163674,6,False
lam00,2025,-17.047821,3359.380563,1.111111,0.162254,8,False
lam10,2021,-19.591918,0.000000,0.986591,0.130113,0,False
lam10,2022,-254.025948,3536.150162,0.929091,0.123138,4,False
lam10,2023,-1.585810,-116.140709,1.111111,0.148536,4,False
lam10,2024,-37.845008,-66.284445,1.111111,0.163674,6,False
lam10,2025,-17.047821,3359.380563,1.111111,0.162254,8,False
alfa90,2021,-19.591918,89.473198,0.959091,0.126487,2,False
alfa90,2022,-254.025948,5843.239117,0.909091,0.120487,5,True
alfa90,2023,-1.585810,-116.140709,1.111111,0.148536,4,False
alfa90,2024,-37.845008,-66.284445,1.111111,0.163674,6,False
alfa90,2025,-17.047821,3359.380563,1.111111,0.162254,8,False
rmax120,2021,-19.591918,0.000000,0.984091,0.129784,0,False
rmax120,2022,-254.025948,5843.239117,0.909091,0.120487,5,True
rmax120,2023,-1.585810,-558.674821,1.200000,0.160418,7,False
rmax120,2024,-37.845008,3484.331310,1.200000,0.176767,12,False
rmax120,2025,-17.047821,9690.732604,1.200000,0.175234,10,False
pldsimples,2021,-19.591918,0.000000,1.009091,0.133081,0,False
pldsimples,2022,-254.025948,5843.239117,0.909091,0.120487,5,True
pldsimples,2023,-1.585810,-116.140709,1.111111,0.148536,4,False
pldsimples,2024,-37.845008,-66.284445,1.111111,0.163674,6,False
pldsimples,2025,-17.047821,3359.380563,1.111111,0.162254,8,False
disp125,2021,-19.591918,0.000000,0.994091,0.131103,0,False
disp125,2022,-254.025948,5843.239117,0.909091,0.120487,5,True
disp125,2023,-1.585810,-116.140709,1.111111,0.148536,4,False
disp125,2024,-37.845008,-66.284445,1.111111,0.163674,6,False
disp125,2025,-17.047821,3359.380563,1.111111,0.162254,8,False
disp150,2021,-19.591918,0.000000,1.004091,0.132421,0,False
disp150,2022,-254.025948,5843.239117,0.909091,0.120487,5,True
disp150,2023,-1.585810,-116.140709,1.111111,0.148536,4,False
disp150,2024,-37.845008,-66.284445,1.111111,0.163674,6,False
disp150,2025,-17.047821,3359.380563,1.111111,0.162254,8,False
clip,2021,-19.591918,0.000000,0.974091,0.128465,0,False
clip,2022,-254.025948,5843.239117,0.909091,0.120487,5,True
clip,2023,-1.585810,-116.140709,1.111111,0.148536,4,False
clip,2024,-37.845008,-66.284445,1.111111,0.163674,6,False
clip,2025,-17.047821,3359.380563,1.111111,0.162254,8,False
