f,sens_id,recorte,limite_r_min,limite_r_max,valor_previsao_rs,valor_previsao_pct,valor_otimizacao_rs,valor_otimizacao_pct,economia_total_rs,economia_total_pct,descoberto_ingenua_mwh,sobrando_ingenua_mwh,meses_fora_ingenua,descoberto_pontual_mwh,sobrando_pontual_mwh,meses_fora_pontual,descoberto_otimizada_mwh,sobrando_otimizada_mwh,meses_fora_otimizada,r_otimizada
0.000000,f00,2021,1.000000,1.000000,3416.492305,1.514809,0.000000,0.000000,3416.492305,1.514809,43.072778,8.653247,12,19.702858,25.078112,12,19.702858,25.078112,12,1.000000
0.000000,f00,2022,1.000000,1.000000,-2679.518096,-0.773520,0.000000,0.000000,-2679.518096,-0.773520,30.901858,14.433211,12,25.901232,20.539906,12,25.901232,20.539906,12,1.000000
0.000000,f00,2023,1.000000,1.000000,-27.491467,-0.028566,0.000000,0.000000,-27.491467,-0.028566,63.354791,12.417199,12,60.024239,13.762903,12,60.024239,13.762903,12,1.000000
0.000000,f00,2024,1.000000,1.000000,2766.602307,2.285429,0.000000,0.000000,2766.602307,2.285429,64.991283,6.682125,12,14.269347,29.246710,12,14.269347,29.246710,12,1.000000
0.000000,f00,2025,1.000000,1.000000,264.425524,0.142626,0.000000,0.000000,264.425524,0.142626,33.232062,39.808335,12,31.990710,42.311557,12,31.990710,42.311557,12,1.000000
0.000000,f00,2021-2025,1.000000,1.000000,3740.510573,0.383785,0.000000,0.000000,3740.510573,0.383785,235.552772,81.994117,60,151.888386,130.939188,60,151.888386,130.939188,60,
0.000000,f00,2022-2025,1.000000,1.000000,324.018268,0.043255,0.000000,0.000000,324.018268,0.043255,192.479994,73.340870,48,132.185528,105.861076,48,132.185528,105.861076,48,
0.050000,f05,2021,0.952381,1.052632,1252.076083,0.550269,224.591497,0.098705,1476.667580,0.648974,13.343777,0.000000,4,2.539355,3.684878,5,1.226503,4.999370,5,1.004881
0.050000,f05,2022,0.952381,1.052632,-603.722926,-0.173511,4364.353606,1.254320,3760.630681,1.080810,10.409494,0.000000,2,8.524292,0.581056,3,25.901232,0.000000,5,0.952381
0.050000,f05,2023,0.952381,1.052632,-11.526073,-0.011981,-170.004720,-0.176718,-181.530793,-0.188699,31.211323,0.635095,8,28.776467,1.377531,8,5.473685,13.762903,6,1.052632
0.050000,f05,2024,0.952381,1.052632,801.279315,0.674988,-21.258732,-0.017908,780.020583,0.657079,20.803403,0.000000,7,0.000000,8.841270,3,0.000000,29.246710,6,1.052632
0.050000,f05,2025,0.952381,1.052632,122.463695,0.065353,3071.492312,1.639120,3193.956007,1.704474,14.498895,10.825853,7,13.678985,12.024630,6,3.939409,42.311557,9,1.052632
0.050000,f05,2021-2025,0.952381,1.052632,1560.570094,0.159603,7469.173963,0.763889,9029.744058,0.923492,90.266892,11.460948,28,53.519099,26.509365,25,36.540829,90.320540,31,
0.050000,f05,2022-2025,0.952381,1.052632,308.494012,0.041119,7244.582466,0.965631,7553.076478,1.006750,76.923115,11.460948,24,50.979744,22.824487,20,35.314326,85.321170,26,
0.100000,caso_base,2021,0.909091,1.111111,-19.591918,-0.008605,0.000000,0.000000,-19.591918,-0.008605,0.226632,0.000000,1,0.000000,0.000000,0,0.000000,0.000000,0,0.984091
0.100000,caso_base,2022,0.909091,1.111111,-254.025948,-0.072626,5843.239117,1.670574,5589.213169,1.597948,2.939722,0.000000,1,1.902025,0.000000,1,25.901232,0.000000,5,0.909091
0.100000,caso_base,2023,0.909091,1.111111,-1.585810,-0.001648,-116.140709,-0.120672,-117.726519,-0.122319,7.946927,0.000000,3,6.650387,0.000000,3,0.000000,13.762903,4,1.111111
0.100000,caso_base,2024,0.909091,1.111111,-37.845008,-0.032119,-66.284445,-0.056256,-104.129453,-0.088376,1.217427,0.000000,1,0.000000,0.000000,0,0.000000,29.246710,6,1.111111
0.100000,caso_base,2025,0.909091,1.111111,-17.047821,-0.009080,3359.380563,1.789307,3342.332742,1.780227,4.771870,0.000000,1,4.455889,0.000000,1,0.000000,42.311557,8,1.111111
0.100000,caso_base,2021-2025,0.909091,1.111111,-330.096505,-0.033708,9020.194526,0.921099,8690.098021,0.887392,17.102578,0.000000,7,13.008301,0.000000,5,25.901232,85.321170,23,
0.100000,caso_base,2022-2025,0.909091,1.111111,-310.504587,-0.041313,9020.194526,1.200143,8709.689938,1.158830,16.875946,0.000000,6,13.008301,0.000000,5,25.901232,85.321170,23,
0.150000,f15,2021,0.869565,1.176471,0.000000,0.000000,0.000000,0.000000,0.000000,0.000000,0.000000,0.000000,0,0.000000,0.000000,0,0.000000,0.000000,0,0.944565
0.150000,f15,2022,0.869565,1.176471,0.000000,0.000000,6308.850241,1.799988,6308.850241,1.799988,0.000000,0.000000,0,0.000000,0.000000,0,25.901232,0.000000,5,0.869565
0.150000,f15,2023,0.869565,1.176471,0.000000,0.000000,-137.725901,-0.143129,-137.725901,-0.143129,0.000000,0.000000,0,0.000000,0.000000,0,0.000000,13.762903,4,1.176471
0.150000,f15,2024,0.869565,1.176471,0.000000,0.000000,-66.284445,-0.056238,-66.284445,-0.056238,0.000000,0.000000,0,0.000000,0.000000,0,0.000000,29.246710,6,1.176471
0.150000,f15,2025,0.869565,1.176471,0.000000,0.000000,3599.785234,1.914729,3599.785234,1.914729,0.000000,0.000000,0,0.000000,0.000000,0,0.000000,42.311557,8,1.176471
0.150000,f15,2021-2025,0.869565,1.176471,0.000000,0.000000,9704.625129,0.989965,9704.625129,0.989965,0.000000,0.000000,0,0.000000,0.000000,0,25.901232,85.321170,23,
0.150000,f15,2022-2025,0.869565,1.176471,0.000000,0.000000,9704.625129,1.289500,9704.625129,1.289500,0.000000,0.000000,0,0.000000,0.000000,0,25.901232,85.321170,23,
