mes,codigo_submercado,api_global_mwmed,api_liquida_mwmed,api_mmgd_mwmed,api_intervalos,api_intervalos_sem_mmgd,api_ultima_atualizacao,status_mmgd,status_tipo3,consultado_em
2018-01-01,N,5327.8502,5327.8502,0.0,1488,1488,2020-09-24,zero_por_premissa,medido,2026-10-07
2018-01-01,NE,11015.8994,11015.8994,0.0,1488,1488,2020-09-24,zero_por_premissa,medido,2026-10-07
2018-01-01,S,12030.6546,12030.6546,0.0,1488,1488,2020-09-24,zero_por_premissa,medido,2026-10-07
2018-01-01,SE,40035.8114,40035.8114,0.0,1488,1488,2020-09-24,zero_por_premissa,medido,2026-10-07
2018-02-01,N,5444.1145,5444.1145,0.0,1346,1346,2020-09-24,zero_por_premissa,medido,2026-10-07
2018-02-01,NE,10705.3435,10705.3435,0.0,1346,1346,2020-09-24,zero_por_premissa,medido,2026-10-07
2018-02-01,S,12265.3827,12265.3827,0.0,1346,1346,2020-09-24,zero_por_premissa,medido,2026-10-07
2018-02-01,SE,39913.7173,39913.7173,0.0,1346,1346,2020-09-24,zero_por_premissa,medido,2026-10-07
2018-03-01,N,5618.3598,5618.3598,0.0,1488,1488,2020-09-24,zero_por_premissa,medido,2026-10-07
2018-03-01,NE,10908.1337,10908.1337,0.0,1488,1488,2020-09-24,zero_por_premissa,medido,2026-10-07
2018-03-01,S,12158.1655,12158.1655,0.0,1488,1488,2020-09-24,zero_por_premissa,medido,2026-10-07
2018-03-01,SE,41832.215,41832.215,0.0,1488,1488,2020-09-24,zero_por_premissa,medido,2026-10-07
2018-04-01,N,5382.4572,5382.4572,0.0,1440,1440,2020-09-24,zero_por_premissa,medido,2026-10-07
2018-04-01,NE,10630.5726,10630.5726,0.0,1440,1440,2020-09-24,zero_por_premissa,medido,2026-10-07
2018-04-01,S,11798.7721,11798.7721,0.0,1440,1440,2020-09-24,zero_por_premissa,medido,2026-10-07
2018-04-01,SE,39516.868,39516.868,0.0,1440,1440,2020-09-24,zero_por_premissa,medido,2026-10-07
2018-05-01,N,5270.221,5270.221,0.0,1488,1488,2020-09-24,zero_por_premissa,medido,2026-10-07
2018-05-01,NE,10486.6382,10486.6382,0.0,1488,1488,2020-09-24,zero_por_premissa,medido,2026-10-07
2018-05-01,S,10671.9999,10671.9999,0.0,1488,1488,2020-09-24,zero_por_premissa,medido,2026-10-07
2018-05-01,SE,37260.5937,37260.5937,0.0,1488,1488,2020-09-24,zero_por_premissa,medido,2026-10-07
2018-06-01,N,5290.6782,5290.6782,0.0,1440,1440,2020-09-24,zero_por_premissa,medido,2026-10-07
2018-06-01,NE,10247.1686,10247.1686,0.0,1440,1440,2020-09-24,zero_por_premissa,medido,2026-10-07
2018-06-01,S,10874.3999,10874.3999,0.0,1440,1440,2020-09-24,zero_por_premissa,medido,2026-10-07
2018-06-01,SE,36999.3969,36999.3969,0.0,1440,1440,2020-09-24,zero_por_premissa,medido,2026-10-07
2018-07-01,N,5172.1831,5172.1831,0.0,1488,1488,2020-09-24,zero_por_premissa,medido,2026-10-07
2018-07-01,NE,10283.7842,10283.7842,0.0,1488,1488,2020-09-24,zero_por_premissa,medido,2026-10-07
2018-07-01,S,11006.5555,11006.5555,0.0,1488,1488,2020-09-24,zero_por_premissa,medido,2026-10-07
2018-07-01,SE,37000.2403,37000.2403,0.0,1488,1488,2020-09-24,zero_por_premissa,medido,2026-10-07
2018-08-01,N,5351.2824,5351.2824,0.0,1488,1488,2020-09-24,zero_por_premissa,medido,2026-10-07
2018-08-01,NE,10657.4616,10657.4616,0.0,1488,1488,2020-09-24,zero_por_premissa,medido,2026-10-07
2018-08-01,S,10971.5093,10971.5093,0.0,1488,1488,2020-09-24,zero_por_premissa,medido,2026-10-07
2018-08-01,SE,37366.2184,37366.2184,0.0,1488,1488,2020-09-24,zero_por_premissa,medido,2026-10-07
2018-09-01,N,5464.1213,5464.1213,0.0,1440,1440,2020-09-24,zero_por_premissa,medido,2026-10-07
2018-09-01,NE,10822.5094,10822.5094,0.0,1440,1440,2020-09-24,zero_por_premissa,medido,2026-10-07
2018-09-01,S,10746.4347,10746.4347,0.0,1440,1440,2020-09-24,zero_por_premissa,medido,2026-10-07
2018-09-01,SE,38086.2497,38086.2497,0.0,1440,1440,2020-09-24,zero_por_premissa,medido,2026-10-07
2018-10-01,N,5501.1538,5501.1538,0.0,1488,1488,2020-09-24,zero_por_premissa,medido,2026-10-07
2018-10-01,NE,11359.7638,11359.7638,0.0,1488,1488,2020-09-24,zero_por_premissa,medido,2026-10-07
2018-10-01,S,11175.4843,11175.4843,0.0,1488,1488,2020-09-24,zero_por_premissa,medido,2026-10-07
2018-10-01,SE,39271.3835,39271.3835,0.0,1488,1488,2020-09-24,zero_por_premissa,medido,2026-10-07
2018-11-01,N,5397.1227,5397.1227,0.0,1438,1438,2020-09-24,zero_por_premissa,medido,2026-10-07
2018-11-01,NE,11435.8963,11435.8963,0.0,1438,1438,2020-09-24,zero_por_premissa,medido,2026-10-07
2018-11-01,S,11675.3628,11675.3628,0.0,1438,1438,2020-09-24,zero_por_premissa,medido,2026-10-07
2018-11-01,SE,39058.4265,39058.4265,0.0,1438,1438,2020-09-24,zero_por_premissa,medido,2026-10-07
2018-12-01,N,5214.9683,5214.9683,0.0,1488,1488,2020-09-24,zero_por_premissa,medido,2026-10-07
2018-12-01,NE,10960.9337,10960.9337,0.0,1488,1488,2020-09-24,zero_por_premissa,medido,2026-10-07
2018-12-01,S,11754.705,11754.705,0.0,1488,1488,2020-09-24,zero_por_premissa,medido,2026-10-07
2018-12-01,SE,39798.2039,39798.2039,0.0,1488,1488,2020-09-24,zero_por_premissa,medido,2026-10-07
2019-01-01,N,5368.0622,5368.0622,0.0,1488,1488,2020-09-24,zero_por_premissa,medido,2026-10-07
2019-01-01,NE,11323.9238,11323.9238,0.0,1488,1488,2020-09-24,zero_por_premissa,medido,2026-10-07
2019-01-01,S,13114.8318,13114.8318,0.0,1488,1488,2020-09-24,zero_por_premissa,medido,2026-10-07
2019-01-01,SE,43206.6274,43206.6274,0.0,1488,1488,2020-09-24,zero_por_premissa,medido,2026-10-07
2019-02-01,N,5576.7897,5575.0119,1.7777,1346,722,2023-04-28,medido_parcial,medido,2026-10-07
2019-02-01,NE,11550.6287,11539.1679,11.4608,1346,722,2023-04-28,medido_parcial,medido,2026-10-07
2019-02-01,S,12707.1508,12681.6635,25.4873,1346,722,2023-04-28,medido_parcial,medido,2026-10-07
2019-02-01,SE,42078.974,42029.5827,49.3913,1346,722,2023-04-28,medido_parcial,medido,2026-10-07
2019-03-01,N,5508.9632,5504.7215,4.2417,1488,0,2023-04-28,medido,medido,2026-10-07
2019-03-01,NE,11135.9327,11111.664,24.2687,1488,0,2023-04-28,medido,medido,2026-10-07
2019-03-01,S,11951.9062,11898.1102,53.796,1488,0,2023-04-28,medido,medido,2026-10-07
2019-03-01,SE,40683.4733,40570.4262,113.0471,1488,0,2023-04-28,medido,medido,2026-10-07
2019-04-01,N,5457.4148,5452.7446,4.6702,1440,0,2023-04-28,medido,medido,2026-10-07
2019-04-01,NE,11147.2521,11121.727,25.5252,1440,0,2023-04-28,medido,medido,2026-10-07
2019-04-01,S,11678.496,11627.9235,50.5724,1440,0,2023-04-28,medido,medido,2026-10-07
2019-04-01,SE,40528.6991,40415.7666,112.9324,1440,0,2023-04-28,medido,medido,2026-10-07
2019-05-01,N,5606.6781,5600.9487,5.7294,1488,0,2023-04-28,medido,medido,2026-10-07
2019-05-01,NE,11114.6157,11086.2696,28.3461,1488,0,2023-04-28,medido,medido,2026-10-07
2019-05-01,S,11174.6965,11131.1681,43.5284,1488,0,2023-04-28,medido,medido,2026-10-07
2019-05-01,SE,39157.508,39046.8902,110.6178,1488,0,2023-04-28,medido,medido,2026-10-07
2019-06-01,N,5514.8895,5507.9365,6.953,1440,0,2023-04-28,medido,medido,2026-10-07
2019-06-01,NE,10289.9204,10260.8861,29.0343,1440,0,2023-04-28,medido,medido,2026-10-07
2019-06-01,S,10746.3053,10690.5602,55.7451,1440,0,2023-04-28,medido,medido,2026-10-07
2019-06-01,SE,37279.1093,37164.1845,114.9248,1440,0,2023-04-28,medido,medido,2026-10-07
2019-07-01,N,5438.4,5430.3839,8.0161,1488,0,2023-04-28,medido,medido,2026-10-07
2019-07-01,NE,10193.8579,10161.8665,31.9914,1488,0,2023-04-28,medido,medido,2026-10-07
2019-07-01,S,10997.0415,10935.941,61.1005,1488,0,2023-04-28,medido,medido,2026-10-07
2019-07-01,SE,36588.1226,36460.0245,128.0982,1488,0,2023-04-28,medido,medido,2026-10-07
2019-08-01,N,5617.7367,5606.8963,10.8404,1488,0,2023-04-28,medido,medido,2026-10-07
2019-08-01,NE,10337.9302,10297.2662,40.6641,1488,0,2023-04-28,medido,medido,2026-10-07
2019-08-01,S,11018.3358,10936.1888,82.1471,1488,0,2023-04-28,medido,medido,2026-10-07
2019-08-01,SE,37205.0874,37061.4019,143.6855,1488,0,2023-04-28,medido,medido,2026-10-07
2019-09-01,N,5750.1855,5737.3552,12.8303,1440,0,2023-04-28,medido,medido,2026-10-07
2019-09-01,NE,10765.3846,10716.2208,49.1638,1440,0,2023-04-28,medido,medido,2026-10-07
2019-09-01,S,10978.1173,10878.9021,99.2152,1440,0,2023-04-28,medido,medido,2026-10-07
2019-09-01,SE,39546.3912,39368.9797,177.4116,1440,0,2023-04-28,medido,medido,2026-10-07
2019-10-01,N,5658.9176,5644.8562,14.0614,1488,0,2023-04-28,medido,medido,2026-10-07
2019-10-01,NE,11449.3721,11392.523,56.8491,1488,0,2023-04-28,medido,medido,2026-10-07
2019-10-01,S,11759.1437,11641.6354,117.5083,1488,0,2023-04-28,medido,medido,2026-10-07
2019-10-01,SE,40918.1553,40706.0622,212.0931,1488,0,2023-04-28,medido,medido,2026-10-07
2019-11-01,N,5741.0164,5725.8646,15.1518,1440,0,2023-04-28,medido,medido,2026-10-07
2019-11-01,NE,11808.8834,11740.6131,68.2703,1440,0,2023-04-28,medido,medido,2026-10-07
2019-11-01,S,12051.8857,11915.5565,136.3292,1440,0,2023-04-28,medido,medido,2026-10-07
2019-11-01,SE,39855.0984,39631.1683,223.9301,1440,0,2023-04-28,medido,medido,2026-10-07
2019-12-01,N,5605.6201,5589.6028,16.0173,1488,0,2023-04-28,medido,medido,2026-10-07
2019-12-01,NE,11822.252,11748.0996,74.1524,1488,0,2023-04-28,medido,medido,2026-10-07
2019-12-01,S,12052.4642,11888.6314,163.8328,1488,0,2023-04-28,medido,medido,2026-10-07
2019-12-01,SE,38986.2951,38730.8861,255.409,1488,0,2023-04-28,medido,medido,2026-10-07
2020-01-01,N,5477.3654,5462.6231,14.7422,1488,0,2023-04-28,medido,medido,2026-10-07
2020-01-01,NE,11501.5701,11441.3979,60.1722,1488,0,2023-04-28,medido,medido,2026-10-07
2020-01-01,S,12996.0798,12856.0827,139.9971,1488,0,2023-04-28,medido,medido,2026-10-07
2020-01-01,SE,41001.0029,40788.3215,212.6813,1488,0,2023-04-28,medido,medido,2026-10-07
2020-02-01,N,5604.7375,5588.0638,16.6737,1392,0,2023-04-28,medido,medido,2026-10-07
2020-02-01,NE,11500.2504,11432.7759,67.4745,1392,0,2023-04-28,medido,medido,2026-10-07
2020-02-01,S,13184.3057,13030.5386,153.7671,1392,0,2023-04-28,medido,medido,2026-10-07
2020-02-01,SE,41301.9631,41091.7372,210.2258,1392,0,2023-04-28,medido,medido,2026-10-07
2020-03-01,N,5450.483,5432.6904,17.7926,1488,0,2023-04-28,medido,medido,2026-10-07
2020-03-01,NE,10986.4252,10918.8324,67.5928,1488,0,2023-04-28,medido,medido,2026-10-07
2020-03-01,S,12578.1267,12418.9648,159.1619,1488,0,2023-04-28,medido,medido,2026-10-07
2020-03-01,SE,40055.9092,39809.3503,246.5589,1488,0,2023-04-28,medido,medido,2026-10-07
2020-04-01,N,5007.5899,4988.6066,18.9833,1440,0,2023-04-28,medido,medido,2026-10-07
2020-04-01,NE,9970.8768,9899.288,71.5889,1440,0,2023-04-28,medido,medido,2026-10-07
2020-04-01,S,10473.7052,10333.9264,139.7788,1440,0,2023-04-28,medido,medido,2026-10-07
2020-04-01,SE,35356.4876,35108.376,248.1116,1440,0,2023-04-28,medido,medido,2026-10-07
2020-05-01,N,5217.7945,5196.2808,21.5137,1488,0,2023-04-28,medido,medido,2026-10-07
2020-05-01,NE,9899.2543,9829.3607,69.8935,1488,0,2023-04-28,medido,medido,2026-10-07
2020-05-01,S,10386.1741,10275.1131,111.0611,1488,0,2023-04-28,medido,medido,2026-10-07
2020-05-01,SE,34817.2776,34576.4743,240.8033,1488,0,2023-04-28,medido,medido,2026-10-07
2020-06-01,N,5385.174,5360.8371,24.3369,1440,0,2023-04-28,medido,medido,2026-10-07
2020-06-01,NE,9924.2744,9852.3361,71.9384,1440,0,2023-04-28,medido,medido,2026-10-07
2020-06-01,S,10719.8338,10632.796,87.0377,1440,0,2023-04-28,medido,medido,2026-10-07
2020-06-01,SE,35988.361,35749.0435,239.3175,1440,0,2023-04-28,medido,medido,2026-10-07
2020-07-01,N,5473.5196,5443.4785,30.0411,1488,0,2023-04-28,medido,medido,2026-10-07
2020-07-01,NE,10138.4933,10050.1949,88.2983,1488,0,2023-04-28,medido,medido,2026-10-07
2020-07-01,S,11137.7832,11030.3784,107.4048,1488,0,2023-04-28,medido,medido,2026-10-07
2020-07-01,SE,36922.7314,36646.1824,276.5491,1488,0,2023-04-28,medido,medido,2026-10-07
2020-08-01,N,5841.9718,5806.7144,35.2574,1488,0,2023-04-28,medido,medido,2026-10-07
2020-08-01,NE,10445.3673,10333.5394,111.8279,1488,0,2023-04-28,medido,medido,2026-10-07
2020-08-01,S,11089.5726,10944.8034,144.7692,1488,0,2023-04-28,medido,medido,2026-10-07
2020-08-01,SE,37750.2043,37412.5913,337.6129,1488,0,2023-04-28,medido,medido,2026-10-07
2020-09-01,N,5991.7959,5951.4057,40.3902,1440,0,2023-04-28,medido,medido,2026-10-07
2020-09-01,NE,11151.8483,11019.9109,131.9374,1440,0,2023-04-28,medido,medido,2026-10-07
2020-09-01,S,11593.2757,11407.3839,185.8918,1440,0,2023-04-28,medido,medido,2026-10-07
2020-09-01,SE,41233.2933,40799.7676,433.5257,1440,0,2023-04-28,medido,medido,2026-10-07
2020-10-01,N,6041.7761,5997.9159,43.8602,1488,0,2023-04-28,medido,medido,2026-10-07
2020-10-01,NE,11958.8673,11808.9944,149.873,1488,0,2023-04-28,medido,medido,2026-10-07
2020-10-01,S,12036.5682,11799.9235,236.6447,1488,0,2023-04-28,medido,medido,2026-10-07
2020-10-01,SE,41911.468,41480.241,431.2271,1488,0,2023-04-28,medido,medido,2026-10-07
2020-11-01,N,5871.2726,5830.6001,40.6725,1440,0,2023-04-28,medido,medido,2026-10-07
2020-11-01,NE,11862.5605,11717.4214,145.1391,1440,0,2023-04-28,medido,medido,2026-10-07
2020-11-01,S,12340.556,12069.444,271.112,1440,0,2023-04-28,medido,medido,2026-10-07
2020-11-01,SE,39697.1468,39200.1202,497.0267,1440,0,2023-04-28,medido,medido,2026-10-07
2020-12-01,N,5904.6447,5859.3856,45.259,1488,0,2023-04-28,medido,medido,2026-10-07
2020-12-01,NE,12177.6205,12015.649,161.9715,1488,0,2023-04-28,medido,medido,2026-10-07
2020-12-01,S,12496.9932,12217.3265,279.6667,1488,0,2023-04-28,medido,medido,2026-10-07
2020-12-01,SE,41072.0536,40579.288,492.7655,1488,0,2023-04-28,medido,medido,2026-10-07
2021-01-01,N,5627.1469,5580.976,46.1709,1488,0,2023-04-28,medido,medido,2026-10-07
2021-01-01,NE,11950.6846,11790.324,160.3605,1488,0,2023-04-28,medido,medido,2026-10-07
2021-01-01,S,13053.491,12801.8853,251.6057,1488,0,2023-04-28,medido,medido,2026-10-07
2021-01-01,SE,42498.0684,41951.3913,546.6772,1488,0,2023-04-28,medido,medido,2026-10-07
2021-02-01,N,5787.092,5744.0588,43.0332,1344,0,2023-04-28,medido,medido,2026-10-07
2021-02-01,NE,11906.5394,11738.838,167.7014,1344,0,2023-04-28,medido,medido,2026-10-07
2021-02-01,S,13481.0756,13165.8383,315.2373,1344,0,2023-04-28,medido,medido,2026-10-07
2021-02-01,SE,42696.7943,42184.4269,512.3674,1344,0,2023-04-28,medido,medido,2026-10-07
2021-03-01,N,5845.2132,5797.0485,48.1647,1488,0,2023-04-28,medido,incorporado_na_curva,2026-10-07
2021-03-01,NE,11525.419,11345.9734,179.4456,1488,0,2023-04-28,medido,incorporado_na_curva,2026-10-07
2021-03-01,S,13127.6017,12868.2552,259.3465,1488,0,2023-04-28,medido,incorporado_na_curva,2026-10-07
2021-03-01,SE,42934.822,42371.9349,562.887,1488,0,2023-04-28,medido,incorporado_na_curva,2026-10-07
2021-04-01,N,6061.2085,6006.8313,54.3772,1440,0,2023-04-28,medido,incorporado_na_curva,2026-10-07
2021-04-01,NE,11332.189,11160.8267,171.3624,1440,0,2023-04-28,medido,incorporado_na_curva,2026-10-07
2021-04-01,S,12174.2854,11922.6727,251.6126,1440,0,2023-04-28,medido,incorporado_na_curva,2026-10-07
2021-04-01,SE,40033.1081,39490.3754,542.7327,1440,0,2023-04-28,medido,incorporado_na_curva,2026-10-07
2021-05-01,N,6054.3393,5995.6908,58.6485,1488,0,2023-04-28,medido,incorporado_na_curva,2026-10-07
2021-05-01,NE,11044.2407,10880.9325,163.3082,1488,0,2023-04-28,medido,incorporado_na_curva,2026-10-07
2021-05-01,S,11700.3788,11500.6603,199.7185,1488,0,2023-04-28,medido,incorporado_na_curva,2026-10-07
2021-05-01,SE,39389.769,38896.9779,492.7911,1488,0,2023-04-28,medido,incorporado_na_curva,2026-10-07
2021-06-01,N,5998.229,5936.7744,61.4545,1440,0,2023-04-28,medido,incorporado_na_curva,2026-10-07
2021-06-01,NE,11103.2655,10933.9431,169.3223,1440,0,2023-04-28,medido,incorporado_na_curva,2026-10-07
2021-06-01,S,11570.2742,11417.4519,152.8223,1440,0,2023-04-28,medido,incorporado_na_curva,2026-10-07
2021-06-01,SE,38400.0046,37931.6687,468.3359,1440,0,2023-04-28,medido,incorporado_na_curva,2026-10-07
2021-07-01,N,5954.4641,5884.0289,70.4352,1488,0,2023-04-28,medido,incorporado_na_curva,2026-10-07
2021-07-01,NE,11191.3998,11013.8661,177.5338,1488,0,2023-04-28,medido,incorporado_na_curva,2026-10-07
2021-07-01,S,11656.102,11431.4153,224.6867,1488,0,2023-04-28,medido,incorporado_na_curva,2026-10-07
2021-07-01,SE,37280.3177,36710.7169,569.6008,1488,0,2023-04-28,medido,incorporado_na_curva,2026-10-07
2021-08-01,N,6279.6812,6196.076,83.6052,1488,0,2023-04-28,medido,incorporado_na_curva,2026-10-07
2021-08-01,NE,11310.226,11097.2945,212.9315,1488,0,2023-04-28,medido,incorporado_na_curva,2026-10-07
2021-08-01,S,11816.2296,11563.476,252.7536,1488,0,2023-04-28,medido,incorporado_na_curva,2026-10-07
2021-08-01,SE,38797.9351,38144.0989,653.8361,1488,0,2023-04-28,medido,incorporado_na_curva,2026-10-07
2021-09-01,N,6426.3381,6335.7808,90.5574,1440,0,2023-04-28,medido,incorporado_na_curva,2026-10-07
2021-09-01,NE,12155.2488,11887.3621,267.8867,1440,0,2023-04-28,medido,incorporado_na_curva,2026-10-07
2021-09-01,S,11944.6447,11625.1357,319.5089,1440,0,2023-04-28,medido,incorporado_na_curva,2026-10-07
2021-09-01,SE,41343.8658,40542.0272,801.8385,1440,0,2023-04-28,medido,incorporado_na_curva,2026-10-07
2021-10-01,N,6245.4948,6147.7831,97.7117,1488,0,2023-04-28,medido,incorporado_na_curva,2026-10-07
2021-10-01,NE,12357.9065,12064.1625,293.744,1488,0,2023-04-28,medido,incorporado_na_curva,2026-10-07
2021-10-01,S,11781.6033,11426.3455,355.2578,1488,0,2023-04-28,medido,incorporado_na_curva,2026-10-07
2021-10-01,SE,39337.4622,38602.7955,734.6667,1488,0,2023-04-28,medido,incorporado_na_curva,2026-10-07
2021-11-01,N,6215.1055,6118.4665,96.639,1440,0,2023-04-28,medido,incorporado_na_curva,2026-10-07
2021-11-01,NE,12168.1052,11868.1915,299.9137,1440,0,2023-04-28,medido,incorporado_na_curva,2026-10-07
2021-11-01,S,12769.5102,12281.8771,487.633,1440,0,2023-04-28,medido,incorporado_na_curva,2026-10-07
2021-11-01,SE,40532.7495,39707.1746,825.575,1440,0,2023-04-28,medido,incorporado_na_curva,2026-10-07
2021-12-01,N,6065.9824,5977.9703,88.0121,1488,0,2023-05-04,medido,incorporado_na_curva,2026-10-07
2021-12-01,NE,11868.7289,11588.4615,280.2675,1488,0,2023-05-04,medido,incorporado_na_curva,2026-10-07
2021-12-01,S,13098.1551,12540.9105,557.2446,1488,0,2023-05-04,medido,incorporado_na_curva,2026-10-07
2021-12-01,SE,40656.3023,39806.7659,849.5363,1488,0,2023-05-04,medido,incorporado_na_curva,2026-10-07
2022-01-01,N,5858.9232,5764.217,94.7062,1488,0,2023-05-04,medido,incorporado_na_curva,2026-10-07
2022-01-01,NE,11518.3722,11197.1646,321.2076,1488,0,2023-05-04,medido,incorporado_na_curva,2026-10-07
2022-01-01,S,14258.3054,13697.8262,560.4792,1488,0,2023-05-04,medido,incorporado_na_curva,2026-10-07
2022-01-01,SE,42186.8164,41259.9305,926.8858,1488,0,2023-05-04,medido,incorporado_na_curva,2026-10-07
2022-02-01,N,5967.0568,5854.3012,112.7556,1344,0,2023-05-04,medido,incorporado_na_curva,2026-10-07
2022-02-01,NE,12177.3783,11815.3779,362.0003,1344,0,2023-05-04,medido,incorporado_na_curva,2026-10-07
2022-02-01,S,14329.8182,13740.803,589.0152,1344,0,2023-05-04,medido,incorporado_na_curva,2026-10-07
2022-02-01,SE,43451.3142,42516.2108,935.1035,1344,0,2023-05-04,medido,incorporado_na_curva,2026-10-07
2022-03-01,N,5768.4785,5665.1396,103.3389,1488,0,2023-05-04,medido,incorporado_na_curva,2026-10-07
2022-03-01,NE,11733.6653,11408.9441,324.7213,1488,0,2023-05-04,medido,incorporado_na_curva,2026-10-07
2022-03-01,S,13487.9569,13048.5433,439.4136,1488,0,2023-05-04,medido,incorporado_na_curva,2026-10-07
2022-03-01,SE,45321.1945,44295.2544,1025.9401,1488,0,2023-05-04,medido,incorporado_na_curva,2026-10-07
2022-04-01,N,5849.5966,5730.6624,118.9342,1440,0,2023-05-04,medido,incorporado_na_curva,2026-10-07
2022-04-01,NE,11453.1038,11115.9027,337.2011,1440,0,2023-05-04,medido,incorporado_na_curva,2026-10-07
2022-04-01,S,11892.7857,11497.4502,395.3355,1440,0,2023-05-04,medido,incorporado_na_curva,2026-10-07
2022-04-01,SE,41985.3508,40993.6153,991.7356,1440,0,2023-05-04,medido,incorporado_na_curva,2026-10-07
2022-05-01,N,6127.6947,6001.5183,126.1765,1488,0,2023-05-04,medido,incorporado_na_curva,2026-10-07
2022-05-01,NE,11344.6964,11042.871,301.8253,1488,0,2023-05-04,medido,incorporado_na_curva,2026-10-07
2022-05-01,S,11663.567,11348.1867,315.3803,1488,0,2023-05-04,medido,incorporado_na_curva,2026-10-07
2022-05-01,SE,39516.8836,38621.1933,895.6903,1488,0,2023-05-04,medido,incorporado_na_curva,2026-10-07
2022-06-01,N,6187.1035,6045.8429,141.2606,1440,0,2023-05-04,medido,incorporado_na_curva,2026-10-07
2022-06-01,NE,10770.8035,10458.0903,312.7131,1440,0,2023-05-04,medido,incorporado_na_curva,2026-10-07
2022-06-01,S,11962.6297,11660.2403,302.3894,1440,0,2023-05-04,medido,incorporado_na_curva,2026-10-07
2022-06-01,SE,38207.15,37353.3078,853.8422,1440,0,2023-05-04,medido,incorporado_na_curva,2026-10-07
2022-07-01,N,6330.3604,6171.209,159.1515,1488,0,2023-05-04,medido,incorporado_na_curva,2026-10-07
2022-07-01,NE,10745.9425,10411.9149,334.0277,1488,0,2023-05-04,medido,incorporado_na_curva,2026-10-07
2022-07-01,S,11756.8573,11366.8877,389.9697,1488,0,2023-05-04,medido,incorporado_na_curva,2026-10-07
2022-07-01,SE,38845.4894,37835.2722,1010.2173,1488,0,2023-05-04,medido,incorporado_na_curva,2026-10-07
2022-08-01,N,6773.4468,6586.0122,187.4346,1488,0,2023-05-04,medido,incorporado_na_curva,2026-10-07
2022-08-01,NE,11342.0846,10911.7377,430.3469,1488,0,2023-05-04,medido,incorporado_na_curva,2026-10-07
2022-08-01,S,11823.7766,11361.6299,462.1467,1488,0,2023-05-04,medido,incorporado_na_curva,2026-10-07
2022-08-01,SE,39144.2919,38017.2247,1127.0672,1488,0,2023-05-04,medido,incorporado_na_curva,2026-10-07
2022-09-01,N,6849.0856,6640.0689,209.0167,1440,0,2023-05-04,medido,incorporado_na_curva,2026-10-07
2022-09-01,NE,11468.0861,10949.9915,518.0947,1440,0,2023-05-04,medido,incorporado_na_curva,2026-10-07
2022-09-01,S,11640.2607,11081.162,559.0987,1440,0,2023-05-04,medido,incorporado_na_curva,2026-10-07
2022-09-01,SE,39741.6436,38471.7664,1269.8772,1440,0,2023-05-04,medido,incorporado_na_curva,2026-10-07
2022-10-01,N,6954.2241,6739.8506,214.3735,1488,0,2023-05-04,medido,incorporado_na_curva,2026-10-07
2022-10-01,NE,12052.9424,11479.8057,573.1366,1488,0,2023-05-04,medido,incorporado_na_curva,2026-10-07
2022-10-01,S,11785.7233,11105.2229,680.5003,1488,0,2023-05-04,medido,incorporado_na_curva,2026-10-07
2022-10-01,SE,41142.9722,39651.8162,1491.156,1488,0,2023-05-04,medido,incorporado_na_curva,2026-10-07
2022-11-01,N,6738.6669,6546.9523,191.7145,1440,0,2023-05-04,medido,incorporado_na_curva,2026-10-07
2022-11-01,NE,11967.1374,11434.4187,532.7187,1440,0,2023-05-04,medido,incorporado_na_curva,2026-10-07
2022-11-01,S,12318.1818,11390.5589,927.6229,1440,0,2023-05-04,medido,incorporado_na_curva,2026-10-07
2022-11-01,SE,40332.3789,38740.8291,1591.5497,1440,0,2023-05-04,medido,incorporado_na_curva,2026-10-07
2022-12-01,N,6581.1358,6383.2793,197.8566,1488,0,2023-05-04,medido,incorporado_na_curva,2026-10-07
2022-12-01,NE,11784.5654,11199.1964,585.3691,1488,0,2023-05-04,medido,incorporado_na_curva,2026-10-07
2022-12-01,S,13177.1283,12211.6523,965.476,1488,0,2023-05-04,medido,incorporado_na_curva,2026-10-07
2022-12-01,SE,40016.9659,38607.7754,1409.1905,1488,0,2023-05-04,medido,incorporado_na_curva,2026-10-07
2023-01-01,N,6478.598,6230.269,248.3289,1488,0,2026-08-14,medido,incorporado_na_curva,2026-10-07
2023-01-01,NE,12087.0213,11418.9655,668.056,1488,0,2026-08-14,medido,incorporado_na_curva,2026-10-07
2023-01-01,S,14240.1227,13148.6335,1091.4893,1488,0,2026-08-14,medido,incorporado_na_curva,2026-10-07
2023-01-01,SE,41781.8268,40013.5377,1768.2893,1488,0,2026-08-14,medido,incorporado_na_curva,2026-10-07
2023-02-01,N,6673.0036,6410.0873,262.9162,1344,0,2026-08-14,medido,incorporado_na_curva,2026-10-07
2023-02-01,NE,12540.1297,11836.8534,703.2765,1344,0,2026-08-14,medido,incorporado_na_curva,2026-10-07
2023-02-01,S,14186.2031,13176.8113,1009.3917,1344,0,2026-08-14,medido,incorporado_na_curva,2026-10-07
2023-02-01,SE,44615.3871,42564.3698,2051.0174,1344,0,2026-08-14,medido,incorporado_na_curva,2026-10-07
2023-03-01,N,6830.6981,6581.9402,248.7577,1488,0,2026-08-14,medido,incorporado_na_curva,2026-10-07
2023-03-01,NE,12096.1274,11438.3971,657.7304,1488,0,2026-08-14,medido,incorporado_na_curva,2026-10-07
2023-03-01,S,14604.6692,13656.6587,948.0104,1488,0,2026-08-14,medido,incorporado_na_curva,2026-10-07
2023-03-01,SE,45160.2775,43116.7303,2043.5477,1488,0,2026-08-14,medido,incorporado_na_curva,2026-10-07
2023-04-01,N,6874.9817,6594.9485,280.0331,1440,0,2026-08-14,medido,incorporado_na_curva,2026-10-07
2023-04-01,NE,11741.1906,11075.3033,665.8875,1440,0,2026-08-14,medido,incorporado_na_curva,2026-10-07
2023-04-01,S,12454.7438,11668.8845,785.8594,1440,0,2026-08-14,medido,incorporado_na_curva,2026-10-07
2023-04-01,SE,41349.8516,39526.5486,1823.3026,1440,0,2026-08-14,medido,incorporado_na_curva,2026-10-07
2023-05-01,N,7239.4138,6953.1938,286.2199,1488,0,2026-08-14,incorporado_na_curva,incorporado_na_curva,2026-10-07
2023-05-01,NE,12029.8084,11407.6418,622.1667,1488,0,2026-08-14,incorporado_na_curva,incorporado_na_curva,2026-10-07
2023-05-01,S,12110.318,11434.4781,675.84,1488,0,2026-08-14,incorporado_na_curva,incorporado_na_curva,2026-10-07
2023-05-01,SE,40372.0873,38577.7938,1794.2931,1488,0,2026-08-14,incorporado_na_curva,incorporado_na_curva,2026-10-07
2023-06-01,N,7143.5987,6829.4605,314.1381,1440,0,2026-08-14,incorporado_na_curva,incorporado_na_curva,2026-10-07
2023-06-01,NE,11688.7583,11103.2739,585.4846,1440,0,2026-08-14,incorporado_na_curva,incorporado_na_curva,2026-10-07
2023-06-01,S,12004.38,11415.8029,588.5772,1440,0,2026-08-14,incorporado_na_curva,incorporado_na_curva,2026-10-07
2023-06-01,SE,38837.2562,37119.6082,1717.6481,1440,0,2026-08-14,incorporado_na_curva,incorporado_na_curva,2026-10-07
2023-07-01,N,7238.3021,6894.0196,344.2824,1488,0,2026-08-14,incorporado_na_curva,incorporado_na_curva,2026-10-07
2023-07-01,NE,11675.0217,10998.7897,676.232,1488,0,2026-08-14,incorporado_na_curva,incorporado_na_curva,2026-10-07
2023-07-01,S,11903.1427,11293.9226,609.2203,1488,0,2026-08-14,incorporado_na_curva,incorporado_na_curva,2026-10-07
2023-07-01,SE,38839.9921,37048.6956,1791.2968,1488,0,2026-08-14,incorporado_na_curva,incorporado_na_curva,2026-10-07
2023-08-01,N,7593.9364,7216.902,377.0344,1488,0,2026-08-14,incorporado_na_curva,incorporado_na_curva,2026-10-07
2023-08-01,NE,12021.3396,11243.4111,777.9285,1488,0,2026-08-14,incorporado_na_curva,incorporado_na_curva,2026-10-07
2023-08-01,S,12273.3767,11426.7759,846.6007,1488,0,2026-08-14,incorporado_na_curva,incorporado_na_curva,2026-10-07
2023-08-01,SE,41021.5611,38996.1064,2025.4546,1488,0,2026-08-14,incorporado_na_curva,incorporado_na_curva,2026-10-07
2023-09-01,N,7799.8987,7381.0766,418.822,1440,0,2026-08-14,incorporado_na_curva,incorporado_na_curva,2026-10-07
2023-09-01,NE,12470.6888,11566.0538,904.635,1440,0,2026-08-14,incorporado_na_curva,incorporado_na_curva,2026-10-07
2023-09-01,S,12616.5632,11701.4601,915.1033,1440,0,2026-08-14,incorporado_na_curva,incorporado_na_curva,2026-10-07
2023-09-01,SE,43748.0767,41277.7601,2470.3167,1440,0,2026-08-14,incorporado_na_curva,incorporado_na_curva,2026-10-07
2023-10-01,N,7836.2418,7396.6611,439.5807,1488,0,2026-08-14,incorporado_na_curva,incorporado_na_curva,2026-10-07
2023-10-01,NE,13380.3586,12375.117,1005.2417,1488,0,2026-08-14,incorporado_na_curva,incorporado_na_curva,2026-10-07
2023-10-01,S,12743.583,11748.2756,995.3073,1488,0,2026-08-14,incorporado_na_curva,incorporado_na_curva,2026-10-07
2023-10-01,SE,44438.7091,41901.4145,2537.2945,1488,0,2026-08-14,incorporado_na_curva,incorporado_na_curva,2026-10-07
2023-11-01,N,7744.1453,7315.3681,428.7771,1440,0,2026-08-14,incorporado_na_curva,incorporado_na_curva,2026-10-07
2023-11-01,NE,13713.0787,12691.4745,1021.6043,1440,0,2026-08-14,incorporado_na_curva,incorporado_na_curva,2026-10-07
2023-11-01,S,13437.6823,12260.0056,1177.6767,1440,0,2026-08-14,incorporado_na_curva,incorporado_na_curva,2026-10-07
2023-11-01,SE,46434.9428,43463.8088,2971.1343,1440,0,2026-08-14,incorporado_na_curva,incorporado_na_curva,2026-10-07
2023-12-01,N,7379.9259,6978.7405,401.1853,1488,0,2026-08-14,incorporado_na_curva,incorporado_na_curva,2026-10-07
2023-12-01,NE,13423.457,12432.0986,991.3586,1488,0,2026-08-14,incorporado_na_curva,incorporado_na_curva,2026-10-07
2023-12-01,S,14073.2182,12666.2612,1406.957,1488,0,2026-08-14,incorporado_na_curva,incorporado_na_curva,2026-10-07
2023-12-01,SE,46240.6782,43167.5488,3073.1289,1488,0,2026-08-14,incorporado_na_curva,incorporado_na_curva,2026-10-07
2024-01-01,N,7324.2643,6965.4413,358.8229,1488,0,2026-08-14,incorporado_na_curva,incorporado_na_curva,2026-10-07
2024-01-01,NE,13294.2498,12322.5241,971.7258,1488,0,2026-08-14,incorporado_na_curva,incorporado_na_curva,2026-10-07
2024-01-01,S,14375.4018,12966.2004,1409.2016,1488,0,2026-08-14,incorporado_na_curva,incorporado_na_curva,2026-10-07
2024-01-01,SE,45581.1196,42835.9737,2745.1461,1488,0,2026-08-14,incorporado_na_curva,incorporado_na_curva,2026-10-07
2024-02-01,N,7385.5671,7022.04,363.527,1392,0,2026-08-14,incorporado_na_curva,incorporado_na_curva,2026-10-07
2024-02-01,NE,13216.623,12277.0684,939.5548,1392,0,2026-08-14,incorporado_na_curva,incorporado_na_curva,2026-10-07
2024-02-01,S,15630.5293,14287.7278,1342.8015,1392,0,2026-08-14,incorporado_na_curva,incorporado_na_curva,2026-10-07
2024-02-01,SE,47015.4539,44175.2188,2840.2352,1392,0,2026-08-14,incorporado_na_curva,incorporado_na_curva,2026-10-07
2024-03-01,N,7411.3882,7028.177,383.2111,1488,0,2026-08-14,incorporado_na_curva,incorporado_na_curva,2026-10-07
2024-03-01,NE,13584.0156,12591.4679,992.5474,1488,0,2026-08-14,incorporado_na_curva,incorporado_na_curva,2026-10-07
2024-03-01,S,14769.7656,13532.2481,1237.5174,1488,0,2026-08-14,incorporado_na_curva,incorporado_na_curva,2026-10-07
2024-03-01,SE,47390.1795,44739.0073,2651.1722,1488,0,2026-08-14,incorporado_na_curva,incorporado_na_curva,2026-10-07
2024-04-01,N,7467.2438,7092.1893,375.0544,1440,0,2026-08-14,incorporado_na_curva,incorporado_na_curva,2026-10-07
2024-04-01,NE,13202.938,12309.8598,893.0784,1440,0,2026-08-14,incorporado_na_curva,incorporado_na_curva,2026-10-07
2024-04-01,S,13792.4268,12865.5742,926.8524,1440,0,2026-08-14,incorporado_na_curva,incorporado_na_curva,2026-10-07
2024-04-01,SE,46221.4436,43637.5182,2583.9257,1440,0,2026-08-14,incorporado_na_curva,incorporado_na_curva,2026-10-07
