mes,codigo_submercado,carga_mensal_ons_mwmed,consultado_em
2015-01-01,N,5126.1369,2026-10-08
2015-01-01,NE,10637.7149,2026-10-08
2015-01-01,S,12267.6974,2026-10-08
2015-01-01,SE,41386.7386,2026-10-08
2015-02-01,N,5141.5980,2026-10-08
2015-02-01,NE,10458.9061,2026-10-08
2015-02-01,S,12251.2290,2026-10-08
2015-02-01,SE,40056.0579,2026-10-08
2015-03-01,N,5255.2569,2026-10-08
2015-03-01,NE,10435.0369,2026-10-08
2015-03-01,S,11975.3489,2026-10-08
2015-03-01,SE,39364.2150,2026-10-08
2015-04-01,N,5304.7486,2026-10-08
2015-04-01,NE,10379.7408,2026-10-08
2015-04-01,S,10837.6767,2026-10-08
2015-04-01,SE,38008.0066,2026-10-08
2015-05-01,N,5308.0964,2026-10-08
2015-05-01,NE,10191.6279,2026-10-08
2015-05-01,S,10334.2984,2026-10-08
2015-05-01,SE,36216.2246,2026-10-08
2015-06-01,N,5241.1629,2026-10-08
2015-06-01,NE,9841.1413,2026-10-08
2015-06-01,S,10458.2914,2026-10-08
2015-06-01,SE,35762.2539,2026-10-08
2015-07-01,N,5152.2852,2026-10-08
2015-07-01,NE,9534.7080,2026-10-08
2015-07-01,S,10584.6278,2026-10-08
2015-07-01,SE,35804.6563,2026-10-08
2015-08-01,N,5438.1665,2026-10-08
2015-08-01,NE,9719.1244,2026-10-08
2015-08-01,S,10387.8475,2026-10-08
2015-08-01,SE,36645.6938,2026-10-08
2015-09-01,N,5656.1023,2026-10-08
2015-09-01,NE,10124.8515,2026-10-08
2015-09-01,S,10364.8753,2026-10-08
2015-09-01,SE,37944.8485,2026-10-08
2015-10-01,N,5650.9260,2026-10-08
2015-10-01,NE,10466.3619,2026-10-08
2015-10-01,S,10613.1809,2026-10-08
2015-10-01,SE,39159.2256,2026-10-08
2015-11-01,N,5589.0780,2026-10-08
2015-11-01,NE,10716.2839,2026-10-08
2015-11-01,S,10603.3167,2026-10-08
2015-11-01,SE,38433.0689,2026-10-08
2015-12-01,N,5481.3957,2026-10-08
2015-12-01,NE,10646.6641,2026-10-08
2015-12-01,S,10648.4215,2026-10-08
2015-12-01,SE,38110.3834,2026-10-08
2016-01-01,N,5315.4724,2026-10-08
2016-01-01,NE,9945.2313,2026-10-08
2016-01-01,S,11564.1556,2026-10-08
2016-01-01,SE,37362.5197,2026-10-08
2016-02-01,N,5392.3401,2026-10-08
2016-02-01,NE,10356.8941,2026-10-08
2016-02-01,S,12172.2454,2026-10-08
2016-02-01,SE,40324.1573,2026-10-08
2016-03-01,N,5385.6337,2026-10-08
2016-03-01,NE,10786.9130,2026-10-08
2016-03-01,S,11327.1484,2026-10-08
2016-03-01,SE,39743.0216,2026-10-08
2016-04-01,N,5559.5573,2026-10-08
2016-04-01,NE,10477.0666,2026-10-08
2016-04-01,S,11620.9917,2026-10-08
2016-04-01,SE,40562.7714,2026-10-08
2016-05-01,N,5431.8320,2026-10-08
2016-05-01,NE,10441.1671,2026-10-08
2016-05-01,S,10379.2892,2026-10-08
2016-05-01,SE,36489.8974,2026-10-08
2016-06-01,N,5284.6958,2026-10-08
2016-06-01,NE,10177.2651,2026-10-08
2016-06-01,S,10932.8521,2026-10-08
2016-06-01,SE,35668.3562,2026-10-08
2016-07-01,N,5314.2186,2026-10-08
2016-07-01,NE,9970.5395,2026-10-08
2016-07-01,S,10382.8998,2026-10-08
2016-07-01,SE,35943.3257,2026-10-08
2016-08-01,N,5586.1919,2026-10-08
2016-08-01,NE,10152.1928,2026-10-08
2016-08-01,S,10490.7871,2026-10-08
2016-08-01,SE,36964.0109,2026-10-08
2016-09-01,N,5575.3538,2026-10-08
2016-09-01,NE,10401.6421,2026-10-08
2016-09-01,S,10259.9303,2026-10-08
2016-09-01,SE,37414.5697,2026-10-08
2016-10-01,N,5598.9880,2026-10-08
2016-10-01,NE,10668.2062,2026-10-08
2016-10-01,S,10441.9784,2026-10-08
2016-10-01,SE,37703.1222,2026-10-08
2016-11-01,N,5715.7551,2026-10-08
2016-11-01,NE,10855.0655,2026-10-08
2016-11-01,S,10943.0875,2026-10-08
2016-11-01,SE,37402.3666,2026-10-08
2016-12-01,N,5370.9854,2026-10-08
2016-12-01,NE,10816.4921,2026-10-08
2016-12-01,S,11326.9881,2026-10-08
2016-12-01,SE,37599.0995,2026-10-08
2017-01-01,N,5212.6137,2026-10-08
2017-01-01,NE,10968.8666,2026-10-08
2017-01-01,S,12062.2030,2026-10-08
2017-01-01,SE,39881.9556,2026-10-08
2017-02-01,N,5343.3105,2026-10-08
2017-02-01,NE,10810.3835,2026-10-08
2017-02-01,S,12765.9124,2026-10-08
2017-02-01,SE,40979.0095,2026-10-08
2017-03-01,N,5575.4687,2026-10-08
2017-03-01,NE,10951.1241,2026-10-08
2017-03-01,S,12005.2237,2026-10-08
2017-03-01,SE,40491.7353,2026-10-08
2017-04-01,N,5472.5661,2026-10-08
2017-04-01,NE,10601.2745,2026-10-08
2017-04-01,S,10769.9507,2026-10-08
2017-04-01,SE,37739.5422,2026-10-08
2017-05-01,N,5766.2738,2026-10-08
2017-05-01,NE,10520.3842,2026-10-08
2017-05-01,S,10746.5375,2026-10-08
2017-05-01,SE,36876.0192,2026-10-08
2017-06-01,N,5619.4176,2026-10-08
2017-06-01,NE,10146.7288,2026-10-08
2017-06-01,S,10715.2736,2026-10-08
2017-06-01,SE,36520.6318,2026-10-08
2017-07-01,N,5432.0954,2026-10-08
2017-07-01,NE,9692.2344,2026-10-08
2017-07-01,S,10696.0970,2026-10-08
2017-07-01,SE,35370.7626,2026-10-08
2017-08-01,N,5702.8989,2026-10-08
2017-08-01,NE,10148.7460,2026-10-08
2017-08-01,S,10857.0115,2026-10-08
2017-08-01,SE,36550.3048,2026-10-08
2017-09-01,N,5751.9675,2026-10-08
2017-09-01,NE,10246.2167,2026-10-08
2017-09-01,S,11030.5500,2026-10-08
2017-09-01,SE,38238.8995,2026-10-08
2017-10-01,N,5736.0559,2026-10-08
2017-10-01,NE,10821.6362,2026-10-08
2017-10-01,S,10885.1779,2026-10-08
2017-10-01,SE,38998.0477,2026-10-08
2017-11-01,N,5691.1402,2026-10-08
2017-11-01,NE,10930.4168,2026-10-08
2017-11-01,S,11183.4769,2026-10-08
2017-11-01,SE,38197.4592,2026-10-08
2017-12-01,N,5501.6775,2026-10-08
2017-12-01,NE,11011.9240,2026-10-08
2017-12-01,S,11710.6852,2026-10-08
2017-12-01,SE,38397.2711,2026-10-08
2018-01-01,N,5336.8708,2026-10-08
2018-01-01,NE,11029.7448,2026-10-08
2018-01-01,S,12097.6181,2026-10-08
2018-01-01,SE,40095.3180,2026-10-08
2018-02-01,N,5453.0316,2026-10-08
2018-02-01,NE,10713.3303,2026-10-08
2018-02-01,S,12342.2927,2026-10-08
2018-02-01,SE,39962.4214,2026-10-08
2018-03-01,N,5627.9504,2026-10-08
2018-03-01,NE,10916.4379,2026-10-08
2018-03-01,S,12226.9093,2026-10-08
2018-03-01,SE,41890.3394,2026-10-08
2018-04-01,N,5392.5157,2026-10-08
2018-04-01,NE,10634.6143,2026-10-08
2018-04-01,S,11857.4573,2026-10-08
2018-04-01,SE,39591.2392,2026-10-08
2018-05-01,N,5279.2452,2026-10-08
2018-05-01,NE,10491.5684,2026-10-08
2018-05-01,S,10734.5045,2026-10-08
2018-05-01,SE,37337.9543,2026-10-08
2018-06-01,N,5298.8894,2026-10-08
2018-06-01,NE,10255.9994,2026-10-08
2018-06-01,S,10948.1589,2026-10-08
2018-06-01,SE,37073.7361,2026-10-08
2018-07-01,N,5180.2660,2026-10-08
2018-07-01,NE,10290.7228,2026-10-08
2018-07-01,S,11043.6654,2026-10-08
2018-07-01,SE,37060.4603,2026-10-08
2018-08-01,N,5358.8998,2026-10-08
2018-08-01,NE,10669.1023,2026-10-08
2018-08-01,S,11029.0756,2026-10-08
2018-08-01,SE,37393.4280,2026-10-08
2018-09-01,N,5469.9051,2026-10-08
2018-09-01,NE,10836.3081,2026-10-08
2018-09-01,S,10809.9016,2026-10-08
2018-09-01,SE,38124.4502,2026-10-08
2018-10-01,N,5507.6863,2026-10-08
2018-10-01,NE,11372.6402,2026-10-08
2018-10-01,S,11249.0577,2026-10-08
2018-10-01,SE,39316.5683,2026-10-08
2018-11-01,N,5404.2201,2026-10-08
2018-11-01,NE,11448.6935,2026-10-08
2018-11-01,S,11734.1052,2026-10-08
2018-11-01,SE,39103.2945,2026-10-08
2018-12-01,N,5222.7225,2026-10-08
2018-12-01,NE,10972.3416,2026-10-08
2018-12-01,S,11819.0637,2026-10-08
2018-12-01,SE,39815.5902,2026-10-08
