sens_id,ano,estrategia,v_mwm,razao_v_pontual,preco_contrato_rs_mwh,custo_rs,descoberto_mwh,sobrando_mwh,meses_fora_da_faixa,consumo_anual_mwh,teto_contratado_mwh,cobertura_abaixo_de_100,esperado_ex_ante_rs,cvar_ex_ante_rs,pit_custo_realizado
caso_base,2021,ingenua,0.127339,0.965554,198.026084,227692.522340,0.226632,0.000000,1,1149.909698,1227.039184,False,227591.211677,235044.544808,0.480000
caso_base,2021,pontual,0.131882,1.000000,198.026084,227712.114257,0.000000,0.000000,0,1149.909698,1270.813448,False,227676.162688,234811.418718,0.475500
caso_base,2021,otimizada,0.129784,0.984091,198.026084,227712.114257,0.000000,0.000000,0,1149.909698,1250.595961,False,227641.268586,234842.737916,0.476000
caso_base,2022,ingenua,0.131268,0.990433,300.497643,349774.306038,2.939722,0.000000,1,1166.378345,1264.900668,False,347414.733697,357976.592066,0.575000
caso_base,2022,pontual,0.132536,1.000000,300.497643,350028.331986,1.902025,0.000000,1,1166.378345,1277.118722,False,347485.009112,358029.445080,0.576000
caso_base,2022,otimizada,0.120487,0.909091,300.497643,344185.092869,25.901232,0.000000,5,1166.378345,1161.017020,True,344977.608819,359952.998517,0.425500
caso_base,2023,ingenua,0.133148,0.996007,79.047039,96245.219508,7.946927,0.000000,3,1217.315937,1283.016179,False,92275.313999,96024.755103,0.988500
caso_base,2023,pontual,0.133682,1.000000,79.047039,96246.805318,6.650387,0.000000,3,1217.315937,1288.160061,False,92245.790722,95885.841796,0.990500
caso_base,2023,otimizada,0.148536,1.111111,79.047039,96362.946027,0.000000,13.762903,4,1217.315937,1431.288957,False,88658.472219,94703.485281,1.000000
caso_base,2024,ingenua,0.138963,0.943362,92.156061,117826.089230,1.217427,0.000000,1,1278.960207,1342.716154,False,119723.116899,128543.363464,0.241500
caso_base,2024,pontual,0.147306,1.000000,92.156061,117863.934239,0.000000,0.000000,0,1278.960207,1423.331327,False,118873.864511,123538.719542,0.293500
caso_base,2024,otimizada,0.163674,1.111111,92.156061,117930.218684,0.000000,29.246710,6,1278.960207,1581.479253,False,115908.551210,122443.503142,0.509500
caso_base,2025,ingenua,0.145601,0.997073,148.164976,187747.531056,4.771870,0.000000,1,1268.889508,1403.012358,False,190195.901692,204146.321902,0.296500
caso_base,2025,pontual,0.146029,1.000000,148.164976,187764.578877,4.455889,0.000000,1,1268.889508,1407.131391,False,190188.302184,204071.769532,0.296500
caso_base,2025,otimizada,0.162254,1.111111,148.164976,184405.198315,0.000000,42.311557,8,1268.889508,1563.479323,False,189321.463008,203427.595675,0.173000
f00,2021,ingenua,0.127339,0.965554,198.026084,225539.524042,43.072778,8.653247,12,1149.909698,1115.490168,True,227085.357434,246736.948912,0.536500
f00,2021,pontual,0.131882,1.000000,198.026084,222123.031737,19.702858,25.078112,12,1149.909698,1155.284953,False,227837.002635,238457.083942,0.102500
f00,2021,otimizada,0.131882,1.000000,198.026084,222123.031737,19.702858,25.078112,12,1149.909698,1155.284953,False,227837.002635,238457.083942,0.102500
f00,2022,ingenua,0.131268,0.990433,300.497643,346405.959471,30.901858,14.433211,12,1166.378345,1149.909698,True,346489.012551,359941.590269,0.473000
f00,2022,pontual,0.132536,1.000000,300.497643,349085.477567,25.901232,20.539906,12,1166.378345,1161.017020,True,347657.655418,359067.295402,0.558000
f00,2022,otimizada,0.132536,1.000000,300.497643,349085.477567,25.901232,20.539906,12,1166.378345,1161.017020,True,347657.655418,359067.295402,0.558000
f00,2023,ingenua,0.133148,0.996007,79.047039,96238.118491,63.354791,12.417199,12,1217.315937,1166.378345,True,92047.980367,104969.278528,0.830000
f00,2023,pontual,0.133682,1.000000,79.047039,96265.609958,60.024239,13.762903,12,1217.315937,1171.054601,True,91444.826142,103510.127136,0.863500
f00,2023,otimizada,0.133682,1.000000,79.047039,96265.609958,60.024239,13.762903,12,1217.315937,1171.054601,True,91444.826142,103510.127136,0.863500
f00,2024,ingenua,0.138963,0.943362,92.156061,121053.947737,64.991283,6.682125,12,1278.960207,1220.651049,True,125724.652679,159828.082472,0.472000
f00,2024,pontual,0.147306,1.000000,92.156061,118287.345430,14.269347,29.246710,12,1278.960207,1293.937570,False,118498.628796,131582.148706,0.386500
f00,2024,otimizada,0.147306,1.000000,92.156061,118287.345430,14.269347,29.246710,12,1278.960207,1293.937570,False,118498.628796,131582.148706,0.386500
f00,2025,ingenua,0.145601,0.997073,148.164976,185398.366355,33.232062,39.808335,12,1268.889508,1275.465780,False,190462.661492,214159.617284,0.153500
f00,2025,pontual,0.146029,1.000000,148.164976,185133.940831,31.990710,42.311557,12,1268.889508,1279.210355,False,190333.911829,213360.793159,0.147000
f00,2025,otimizada,0.146029,1.000000,148.164976,185133.940831,31.990710,42.311557,12,1268.889508,1279.210355,False,190333.911829,213360.793159,0.147000
f05,2021,ingenua,0.127339,0.965554,198.026084,227538.853575,13.343777,0.000000,4,1149.909698,1171.264676,False,227369.481380,238470.046568,0.513000
f05,2021,pontual,0.131882,1.000000,198.026084,226286.777492,2.539355,3.684878,5,1149.909698,1213.049200,False,227743.613526,235267.457799,0.355000
f05,2021,otimizada,0.132526,1.004881,198.026084,226062.185995,1.226503,4.999370,5,1149.909698,1218.970036,False,227796.298147,235089.035500,0.326500
f05,2022,ingenua,0.131268,0.990433,300.497643,347945.723550,10.409494,0.000000,2,1166.378345,1207.405183,False,347167.407715,357879.134600,0.503500
f05,2022,pontual,0.132536,1.000000,300.497643,348549.446475,8.524292,0.581056,3,1166.378345,1219.067871,False,347584.007464,357798.265069,0.506500
f05,2022,otimizada,0.126225,0.952381,300.497643,344185.092869,25.901232,0.000000,5,1166.378345,1161.017020,True,345040.721731,359936.733578,0.425500
f05,2023,ingenua,0.133148,0.996007,79.047039,96201.129665,31.211323,0.635095,8,1217.315937,1224.697262,False,92254.542599,99038.742369,0.940500
f05,2023,pontual,0.133682,1.000000,79.047039,96212.655738,28.776467,1.377531,8,1217.315937,1229.607331,False,92038.413409,98523.143044,0.950000
f05,2023,otimizada,0.140718,1.052632,79.047039,96382.660458,5.473685,13.762903,6,1217.315937,1294.323506,False,88726.099081,94844.050008,1.000000
f05,2024,ingenua,0.138963,0.943362,92.156061,118710.239267,20.803403,0.000000,7,1278.960207,1281.683602,False,122052.365468,140849.161250,0.305500
f05,2024,pontual,0.147306,1.000000,92.156061,117908.959952,0.000000,8.841270,3,1278.960207,1358.634449,False,118647.128214,126207.904982,0.340000
f05,2024,otimizada,0.155059,1.052632,92.156061,117930.218684,0.000000,29.246710,6,1278.960207,1430.141525,False,115976.565317,122601.662454,0.504500
f05,2025,ingenua,0.145601,0.997073,148.164976,187386.614842,14.498895,10.825853,7,1268.889508,1339.239069,False,190249.924800,207288.085421,0.260000
f05,2025,pontual,0.146029,1.000000,148.164976,187264.151147,13.678985,12.024630,6,1268.889508,1343.170873,False,190206.948902,206917.544405,0.253500
f05,2025,otimizada,0.153714,1.052632,148.164976,184192.658835,3.939409,42.311557,9,1268.889508,1413.864077,False,189358.159221,203906.178078,0.172000
f15,2021,ingenua,0.127339,0.965554,198.026084,227712.114257,0.000000,0.000000,0,1149.909698,1282.813693,False,227662.632031,234788.669697,0.480500
f15,2021,pontual,0.131882,1.000000,198.026084,227712.114257,0.000000,0.000000,0,1149.909698,1328.577696,False,227677.795047,234786.524877,0.480500
f15,2021,otimizada,0.124571,0.944565,198.026084,227712.114257,0.000000,0.000000,0,1149.909698,1254.928280,False,227640.814050,234829.482297,0.475000
f15,2022,ingenua,0.131268,0.990433,300.497643,350493.943110,0.000000,0.000000,0,1166.378345,1322.396153,False,347510.017623,358131.248716,0.599000
f15,2022,pontual,0.132536,1.000000,300.497643,350493.943110,0.000000,0.000000,0,1166.378345,1335.169573,False,347515.461040,358170.072768,0.599000
f15,2022,otimizada,0.115249,0.869565,300.497643,344185.092869,25.901232,0.000000,5,1166.378345,1161.017020,True,344977.608819,359952.998517,0.425500
f15,2023,ingenua,0.133148,0.996007,79.047039,96225.220126,0.000000,0.000000,0,1217.315937,1341.335097,False,92238.052563,95120.389536,0.997500
f15,2023,pontual,0.133682,1.000000,79.047039,96225.220126,0.000000,0.000000,0,1217.315937,1346.712791,False,92235.209413,95080.973362,0.997500
f15,2023,otimizada,0.157273,1.176471,79.047039,96362.946027,0.000000,13.762903,4,1217.315937,1584.367990,False,88658.472219,94703.485281,1.000000
f15,2024,ingenua,0.138963,0.943362,92.156061,117863.934239,0.000000,0.000000,0,1278.960207,1403.748707,False,119025.545206,124102.626281,0.279000
f15,2024,pontual,0.147306,1.000000,92.156061,117863.934239,0.000000,0.000000,0,1278.960207,1488.028206,False,118876.585107,122700.971945,0.288500
f15,2024,otimizada,0.173301,1.176471,92.156061,117930.218684,0.000000,29.246710,6,1278.960207,1750.621419,False,115908.551210,122443.503142,0.509500
f15,2025,ingenua,0.145601,0.997073,148.164976,188004.983548,0.000000,0.000000,0,1268.889508,1466.785648,False,190166.600122,203605.884448,0.304500
f15,2025,pontual,0.146029,1.000000,148.164976,188004.983548,0.000000,0.000000,0,1268.889508,1471.091909,False,190165.420694,203590.009814,0.304500
f15,2025,otimizada,0.171798,1.176471,148.164976,184405.198315,0.000000,42.311557,8,1268.889508,1730.696363,False,189321.463008,203427.595675,0.173000
spread00,2021,ingenua,0.127339,0.965554,178.026084,204698.861019,0.226632,0.000000,1,1149.909698,1227.039184,False,204652.966794,211554.249625,0.479500
spread00,2021,pontual,0.131882,1.000000,178.026084,204713.920292,0.000000,0.000000,0,1149.909698,1270.813448,False,204681.142549,211156.316083,0.475000
spread00,2021,otimizada,0.134070,1.016591,178.026084,204713.920292,0.000000,0.000000,0,1149.909698,1291.897398,False,204697.303728,211092.211088,0.485000
spread00,2022,ingenua,0.131268,0.990433,280.497643,326505.533586,2.939722,0.000000,1,1166.378345,1264.900668,False,324300.861176,334228.428846,0.575000
spread00,2022,pontual,0.132536,1.000000,280.497643,326738.805580,1.902025,0.000000,1,1166.378345,1277.118722,False,324358.764263,334255.368227,0.577000
spread00,2022,otimizada,0.121481,0.916591,280.497643,322259.554391,21.938665,0.000000,5,1166.378345,1170.595410,False,322687.063068,336163.746279,0.440500
spread00,2023,ingenua,0.133148,0.996007,59.047039,72057.839309,7.946927,0.000000,3,1217.315937,1283.016179,False,68949.283732,72149.693914,0.983500
spread00,2023,pontual,0.133682,1.000000,59.047039,72033.494318,6.650387,0.000000,3,1217.315937,1288.160061,False,68914.579300,71990.479171,0.985000
spread00,2023,otimizada,0.148536,1.111111,59.047039,71741.369232,0.000000,13.762903,4,1217.315937,1431.288957,False,64775.886091,70505.855150,1.000000
spread00,2024,ingenua,0.138963,0.943362,72.156061,92271.233625,1.217427,0.000000,1,1278.960207,1342.716154,False,94110.985109,102613.917313,0.220500
spread00,2024,pontual,0.147306,1.000000,72.156061,92284.730094,0.000000,0.000000,0,1278.960207,1423.331327,False,93077.077082,97098.763376,0.296500
spread00,2024,otimizada,0.163674,1.111111,72.156061,91766.080344,0.000000,29.246710,6,1278.960207,1581.479253,False,89484.845126,95600.492199,0.533500
spread00,2025,ingenua,0.145601,0.997073,128.164976,162465.178305,4.771870,0.000000,1,1268.889508,1403.012358,False,164551.064827,176982.395532,0.296500
spread00,2025,pontual,0.146029,1.000000,128.164976,162475.906514,4.455889,0.000000,1,1268.889508,1407.131391,False,164537.422561,176874.050189,0.297000
spread00,2025,otimizada,0.162254,1.111111,128.164976,158181.177016,0.000000,42.311557,8,1268.889508,1563.479323,False,163106.472376,175923.650977,0.169000
spread40,2021,ingenua,0.127339,0.965554,218.026084,250686.183660,0.226632,0.000000,1,1149.909698,1227.039184,False,250529.456561,258557.128761,0.480500
spread40,2021,pontual,0.131882,1.000000,218.026084,250710.308222,0.000000,0.000000,0,1149.909698,1270.813448,False,250671.182827,258467.239682,0.477500
spread40,2021,otimizada,0.127476,0.966591,218.026084,250698.095282,0.114731,0.000000,1,1149.909698,1228.356726,False,250535.517142,258545.195999,0.480500
spread40,2022,ingenua,0.131268,0.990433,320.497643,373043.078490,2.939722,0.000000,1,1166.378345,1264.900668,False,370528.606219,381727.339562,0.575000
spread40,2022,pontual,0.132536,1.000000,320.497643,373317.858392,1.902025,0.000000,1,1166.378345,1277.118722,False,370611.253962,381808.628513,0.576000
spread40,2022,otimizada,0.120487,0.909091,320.497643,366994.635130,25.901232,0.000000,5,1166.378345,1161.017020,True,367664.659947,382889.293033,0.426500
spread40,2023,ingenua,0.133148,0.996007,99.047039,120432.599707,7.946927,0.000000,3,1217.315937,1283.016179,False,115601.344267,119929.738344,0.991500
spread40,2023,pontual,0.133682,1.000000,99.047039,120460.116318,6.650387,0.000000,3,1217.315937,1288.160061,False,115577.002144,119814.799936,0.991500
spread40,2023,otimizada,0.148536,1.111111,99.047039,120984.522822,0.000000,13.762903,4,1217.315937,1431.288957,False,112541.058348,118919.565790,1.000000
spread40,2024,ingenua,0.138963,0.943362,112.156061,143380.944836,1.217427,0.000000,1,1278.960207,1342.716154,False,145335.248689,154476.284664,0.250500
spread40,2024,pontual,0.147306,1.000000,112.156061,143443.138384,0.000000,0.000000,0,1278.960207,1423.331327,False,144670.651939,150002.134417,0.293000
spread40,2024,otimizada,0.163674,1.111111,112.156061,144094.357023,0.000000,29.246710,6,1278.960207,1581.479253,False,142332.257294,149290.906686,0.487500
spread40,2025,ingenua,0.145601,0.997073,168.164976,213029.883808,4.771870,0.000000,1,1268.889508,1403.012358,False,215840.738558,231325.801249,0.296000
spread40,2025,pontual,0.146029,1.000000,168.164976,213053.251240,4.455889,0.000000,1,1268.889508,1407.131391,False,215839.181807,231283.817165,0.296000
spread40,2025,otimizada,0.162254,1.111111,168.164976,210629.219613,0.000000,42.311557,8,1268.889508,1563.479323,False,215536.453640,230931.540373,0.181500
lam00,2021,ingenua,0.127339,0.965554,198.026084,227692.522340,0.226632,0.000000,1,1149.909698,1227.039184,False,227591.211677,235044.544808,0.480000
lam00,2021,pontual,0.131882,1.000000,198.026084,227712.114257,0.000000,0.000000,0,1149.909698,1270.813448,False,227676.162688,234811.418718,0.475500
lam00,2021,otimizada,0.119893,0.909091,198.026084,227814.672553,19.702858,0.000000,6,1149.909698,1155.284953,False,227178.143032,240744.677300,0.592500
lam00,2022,ingenua,0.131268,0.990433,300.497643,349774.306038,2.939722,0.000000,1,1166.378345,1264.900668,False,347414.733697,357976.592066,0.575000
lam00,2022,pontual,0.132536,1.000000,300.497643,350028.331986,1.902025,0.000000,1,1166.378345,1277.118722,False,347485.009112,358029.445080,0.576000
lam00,2022,otimizada,0.120487,0.909091,300.497643,344185.092869,25.901232,0.000000,5,1166.378345,1161.017020,True,344977.608819,359952.998517,0.425500
lam00,2023,ingenua,0.133148,0.996007,79.047039,96245.219508,7.946927,0.000000,3,1217.315937,1283.016179,False,92275.313999,96024.755103,0.988500
lam00,2023,pontual,0.133682,1.000000,79.047039,96246.805318,6.650387,0.000000,3,1217.315937,1288.160061,False,92245.790722,95885.841796,0.990500
lam00,2023,otimizada,0.148536,1.111111,79.047039,96362.946027,0.000000,13.762903,4,1217.315937,1431.288957,False,88658.472219,94703.485281,1.000000
lam00,2024,ingenua,0.138963,0.943362,92.156061,117826.089230,1.217427,0.000000,1,1278.960207,1342.716154,False,119723.116899,128543.363464,0.241500
lam00,2024,pontual,0.147306,1.000000,92.156061,117863.934239,0.000000,0.000000,0,1278.960207,1423.331327,False,118873.864511,123538.719542,0.293500
lam00,2024,otimizada,0.163674,1.111111,92.156061,117930.218684,0.000000,29.246710,6,1278.960207,1581.479253,False,115908.551210,122443.503142,0.509500
lam00,2025,ingenua,0.145601,0.997073,148.164976,187747.531056,4.771870,0.000000,1,1268.889508,1403.012358,False,190195.901692,204146.321902,0.296500
lam00,2025,pontual,0.146029,1.000000,148.164976,187764.578877,4.455889,0.000000,1,1268.889508,1407.131391,False,190188.302184,204071.769532,0.296500
lam00,2025,otimizada,0.162254,1.111111,148.164976,184405.198315,0.000000,42.311557,8,1268.889508,1563.479323,False,189321.463008,203427.595675,0.173000
lam10,2021,ingenua,0.127339,0.965554,198.026084,227692.522340,0.226632,0.000000,1,1149.909698,1227.039184,False,227591.211677,235044.544808,0.480000
lam10,2021,pontual,0.131882,1.000000,198.026084,227712.114257,0.000000,0.000000,0,1149.909698,1270.813448,False,227676.162688,234811.418718,0.475500
lam10,2021,otimizada,0.130113,0.986591,198.026084,227712.114257,0.000000,0.000000,0,1149.909698,1253.772995,False,227647.042591,234831.256153,0.477000
lam10,2022,ingenua,0.131268,0.990433,300.497643,349774.306038,2.939722,0.000000,1,1166.378345,1264.900668,False,347414.733697,357976.592066,0.575000
lam10,2022,pontual,0.132536,1.000000,300.497643,350028.331986,1.902025,0.000000,1,1166.378345,1277.118722,False,347485.009112,358029.445080,0.576000
lam10,2022,otimizada,0.123138,0.929091,300.497643,346492.181824,16.402989,0.000000,4,1166.378345,1186.559394,False,346132.069847,358422.426444,0.489000
lam10,2023,ingenua,0.133148,0.996007,79.047039,96245.219508,7.946927,0.000000,3,1217.315937,1283.016179,False,92275.313999,96024.755103,0.988500
lam10,2023,pontual,0.133682,1.000000,79.047039,96246.805318,6.650387,0.000000,3,1217.315937,1288.160061,False,92245.790722,95885.841796,0.990500
lam10,2023,otimizada,0.148536,1.111111,79.047039,96362.946027,0.000000,13.762903,4,1217.315937,1431.288957,False,88658.472219,94703.485281,1.000000
lam10,2024,ingenua,0.138963,0.943362,92.156061,117826.089230,1.217427,0.000000,1,1278.960207,1342.716154,False,119723.116899,128543.363464,0.241500
lam10,2024,pontual,0.147306,1.000000,92.156061,117863.934239,0.000000,0.000000,0,1278.960207,1423.331327,False,118873.864511,123538.719542,0.293500
lam10,2024,otimizada,0.163674,1.111111,92.156061,117930.218684,0.000000,29.246710,6,1278.960207,1581.479253,False,115908.551210,122443.503142,0.509500
lam10,2025,ingenua,0.145601,0.997073,148.164976,187747.531056,4.771870,0.000000,1,1268.889508,1403.012358,False,190195.901692,204146.321902,0.296500
lam10,2025,pontual,0.146029,1.000000,148.164976,187764.578877,4.455889,0.000000,1,1268.889508,1407.131391,False,190188.302184,204071.769532,0.296500
lam10,2025,otimizada,0.162254,1.111111,148.164976,184405.198315,0.000000,42.311557,8,1268.889508,1563.479323,False,189321.463008,203427.595675,0.173000
alfa90,2021,ingenua,0.127339,0.965554,198.026084,227692.522340,0.226632,0.000000,1,1149.909698,1227.039184,False,227591.211677,234341.246370,0.480000
alfa90,2021,pontual,0.131882,1.000000,198.026084,227712.114257,0.000000,0.000000,0,1149.909698,1270.813448,False,227676.162688,234276.367342,0.475500
alfa90,2021,otimizada,0.126487,0.959091,198.026084,227622.641059,1.249846,0.000000,2,1149.909698,1218.825625,False,227566.434044,234389.700635,0.479000
alfa90,2022,ingenua,0.131268,0.990433,300.497643,349774.306038,2.939722,0.000000,1,1166.378345,1264.900668,False,347414.733697,357225.727616,0.575000
alfa90,2022,pontual,0.132536,1.000000,300.497643,350028.331986,1.902025,0.000000,1,1166.378345,1277.118722,False,347485.009112,357281.030577,0.576000
alfa90,2022,otimizada,0.120487,0.909091,300.497643,344185.092869,25.901232,0.000000,5,1166.378345,1161.017020,True,344977.608819,357235.452300,0.425500
alfa90,2023,ingenua,0.133148,0.996007,79.047039,96245.219508,7.946927,0.000000,3,1217.315937,1283.016179,False,92275.313999,95414.406915,0.988500
alfa90,2023,pontual,0.133682,1.000000,79.047039,96246.805318,6.650387,0.000000,3,1217.315937,1288.160061,False,92245.790722,95333.763674,0.990500
alfa90,2023,otimizada,0.148536,1.111111,79.047039,96362.946027,0.000000,13.762903,4,1217.315937,1431.288957,False,88658.472219,94371.052657,1.000000
alfa90,2024,ingenua,0.138963,0.943362,92.156061,117826.089230,1.217427,0.000000,1,1278.960207,1342.716154,False,119723.116899,126330.507408,0.241500
alfa90,2024,pontual,0.147306,1.000000,92.156061,117863.934239,0.000000,0.000000,0,1278.960207,1423.331327,False,118873.864511,122770.424882,0.293500
alfa90,2024,otimizada,0.163674,1.111111,92.156061,117930.218684,0.000000,29.246710,6,1278.960207,1581.479253,False,115908.551210,121923.581837,0.509500
alfa90,2025,ingenua,0.145601,0.997073,148.164976,187747.531056,4.771870,0.000000,1,1268.889508,1403.012358,False,190195.901692,201686.641743,0.296500
alfa90,2025,pontual,0.146029,1.000000,148.164976,187764.578877,4.455889,0.000000,1,1268.889508,1407.131391,False,190188.302184,201644.156207,0.296500
alfa90,2025,otimizada,0.162254,1.111111,148.164976,184405.198315,0.000000,42.311557,8,1268.889508,1563.479323,False,189321.463008,201186.812333,0.173000
rmax120,2021,ingenua,0.127339,0.965554,198.026084,227692.522340,0.226632,0.000000,1,1149.909698,1227.039184,False,227591.211677,235044.544808,0.480000
rmax120,2021,pontual,0.131882,1.000000,198.026084,227712.114257,0.000000,0.000000,0,1149.909698,1270.813448,False,227676.162688,234811.418718,0.475500
rmax120,2021,otimizada,0.129784,0.984091,198.026084,227712.114257,0.000000,0.000000,0,1149.909698,1250.595961,False,227641.268586,234842.737916,0.476000
rmax120,2022,ingenua,0.131268,0.990433,300.497643,349774.306038,2.939722,0.000000,1,1166.378345,1264.900668,False,347414.733697,357976.592066,0.575000
rmax120,2022,pontual,0.132536,1.000000,300.497643,350028.331986,1.902025,0.000000,1,1166.378345,1277.118722,False,347485.009112,358029.445080,0.576000
rmax120,2022,otimizada,0.120487,0.909091,300.497643,344185.092869,25.901232,0.000000,5,1166.378345,1161.017020,True,344977.608819,359952.998517,0.425500
rmax120,2023,ingenua,0.133148,0.996007,79.047039,96245.219508,7.946927,0.000000,3,1217.315937,1283.016179,False,92275.313999,96024.755103,0.988500
rmax120,2023,pontual,0.133682,1.000000,79.047039,96246.805318,6.650387,0.000000,3,1217.315937,1288.160061,False,92245.790722,95885.841796,0.990500
rmax120,2023,otimizada,0.160418,1.200000,79.047039,96805.480139,0.000000,60.348038,7,1217.315937,1545.792073,False,79172.998185,94676.118723,1.000000
rmax120,2024,ingenua,0.138963,0.943362,92.156061,117826.089230,1.217427,0.000000,1,1278.960207,1342.716154,False,119723.116899,128543.363464,0.241500
rmax120,2024,pontual,0.147306,1.000000,92.156061,117863.934239,0.000000,0.000000,0,1278.960207,1423.331327,False,118873.864511,123538.719542,0.293500
rmax120,2024,otimizada,0.176767,1.200000,92.156061,114379.602928,0.000000,118.492369,12,1278.960207,1707.997593,False,108098.029878,123799.684211,0.505000
rmax120,2025,ingenua,0.145601,0.997073,148.164976,187747.531056,4.771870,0.000000,1,1268.889508,1403.012358,False,190195.901692,204146.321902,0.296500
rmax120,2025,pontual,0.146029,1.000000,148.164976,187764.578877,4.455889,0.000000,1,1268.889508,1407.131391,False,190188.302184,204071.769532,0.296500
rmax120,2025,otimizada,0.175234,1.200000,148.164976,178073.846273,0.000000,120.133367,10,1268.889508,1688.557669,False,186720.910181,204498.617794,0.220500
pldsimples,2021,ingenua,0.127339,0.965554,198.026084,227692.522340,0.226632,0.000000,1,1149.909698,1227.039184,False,227621.284952,235065.526991,0.473500
pldsimples,2021,pontual,0.131882,1.000000,198.026084,227712.114257,0.000000,0.000000,0,1149.909698,1270.813448,False,227676.135237,234859.614823,0.479000
pldsimples,2021,otimizada,0.133081,1.009091,198.026084,227712.114257,0.000000,0.000000,0,1149.909698,1282.366297,False,227687.661563,234828.353949,0.480500
pldsimples,2022,ingenua,0.131268,0.990433,300.497643,349774.306038,2.939722,0.000000,1,1166.378345,1264.900668,False,347427.491220,357918.716269,0.576000
pldsimples,2022,pontual,0.132536,1.000000,300.497643,350028.331986,1.902025,0.000000,1,1166.378345,1277.118722,False,347493.849863,357997.645228,0.576000
pldsimples,2022,otimizada,0.120487,0.909091,300.497643,344185.092869,25.901232,0.000000,5,1166.378345,1161.017020,True,345184.024449,356222.501722,0.403500
pldsimples,2023,ingenua,0.133148,0.996007,79.047039,96245.219508,7.946927,0.000000,3,1217.315937,1283.016179,False,92278.320216,95932.152277,0.987500
pldsimples,2023,pontual,0.133682,1.000000,79.047039,96246.805318,6.650387,0.000000,3,1217.315937,1288.160061,False,92245.878672,95783.653972,0.989500
pldsimples,2023,otimizada,0.148536,1.111111,79.047039,96362.946027,0.000000,13.762903,4,1217.315937,1431.288957,False,88808.475111,94371.536691,1.000000
pldsimples,2024,ingenua,0.138963,0.943362,92.156061,117826.089230,1.217427,0.000000,1,1278.960207,1342.716154,False,119777.463920,126882.480908,0.231000
pldsimples,2024,pontual,0.147306,1.000000,92.156061,117863.934239,0.000000,0.000000,0,1278.960207,1423.331327,False,118860.733780,123545.793120,0.293500
pldsimples,2024,otimizada,0.163674,1.111111,92.156061,117930.218684,0.000000,29.246710,6,1278.960207,1581.479253,False,115796.006875,122135.863340,0.645500
pldsimples,2025,ingenua,0.145601,0.997073,148.164976,187747.531056,4.771870,0.000000,1,1268.889508,1403.012358,False,190200.709470,203877.124349,0.296000
pldsimples,2025,pontual,0.146029,1.000000,148.164976,187764.578877,4.455889,0.000000,1,1268.889508,1407.131391,False,190187.774727,203812.927304,0.296500
pldsimples,2025,otimizada,0.162254,1.111111,148.164976,184405.198315,0.000000,42.311557,8,1268.889508,1563.479323,False,189107.918487,203385.927943,0.186000
disp125,2021,ingenua,0.127339,0.965554,198.026084,227692.522340,0.226632,0.000000,1,1149.909698,1227.039184,False,227604.963854,237190.647873,0.479500
disp125,2021,pontual,0.131882,1.000000,198.026084,227712.114257,0.000000,0.000000,0,1149.909698,1270.813448,False,227726.246194,236694.235716,0.476500
disp125,2021,otimizada,0.131103,0.994091,198.026084,227712.114257,0.000000,0.000000,0,1149.909698,1263.304096,False,227708.255210,236718.965340,0.474500
disp125,2022,ingenua,0.131268,0.990433,300.497643,349774.306038,2.939722,0.000000,1,1166.378345,1264.900668,False,347491.239478,360644.271424,0.538500
disp125,2022,pontual,0.132536,1.000000,300.497643,350028.331986,1.902025,0.000000,1,1166.378345,1277.118722,False,347592.669377,360719.969284,0.536500
disp125,2022,otimizada,0.120487,0.909091,300.497643,344185.092869,25.901232,0.000000,5,1166.378345,1161.017020,True,344841.299723,362910.404158,0.435000
disp125,2023,ingenua,0.133148,0.996007,79.047039,96245.219508,7.946927,0.000000,3,1217.315937,1283.016179,False,92360.797023,97637.429608,0.960000
disp125,2023,pontual,0.133682,1.000000,79.047039,96246.805318,6.650387,0.000000,3,1217.315937,1288.160061,False,92311.408858,97435.543694,0.962500
disp125,2023,otimizada,0.148536,1.111111,79.047039,96362.946027,0.000000,13.762903,4,1217.315937,1431.288957,False,88395.192782,95397.146865,1.000000
disp125,2024,ingenua,0.138963,0.943362,92.156061,117826.089230,1.217427,0.000000,1,1278.960207,1342.716154,False,120018.704187,131289.597526,0.270500
disp125,2024,pontual,0.147306,1.000000,92.156061,117863.934239,0.000000,0.000000,0,1278.960207,1423.331327,False,118940.957060,125370.082107,0.314500
disp125,2024,otimizada,0.163674,1.111111,92.156061,117930.218684,0.000000,29.246710,6,1278.960207,1581.479253,False,115694.438341,123299.831125,0.508500
disp125,2025,ingenua,0.145601,0.997073,148.164976,187747.531056,4.771870,0.000000,1,1268.889508,1403.012358,False,190353.079118,208465.882757,0.318500
disp125,2025,pontual,0.146029,1.000000,148.164976,187764.578877,4.455889,0.000000,1,1268.889508,1407.131391,False,190339.039718,208339.406844,0.320500
disp125,2025,otimizada,0.162254,1.111111,148.164976,184405.198315,0.000000,42.311557,8,1268.889508,1563.479323,False,189331.392414,207011.719892,0.198500
disp150,2021,ingenua,0.127339,0.965554,198.026084,227692.522340,0.226632,0.000000,1,1149.909698,1227.039184,False,227635.093695,239530.059941,0.480000
disp150,2021,pontual,0.131882,1.000000,198.026084,227712.114257,0.000000,0.000000,0,1149.909698,1270.813448,False,227788.288552,238670.496227,0.475000
disp150,2021,otimizada,0.132421,1.004091,198.026084,227712.114257,0.000000,0.000000,0,1149.909698,1276.012230,False,227805.174516,238634.062554,0.474500
disp150,2022,ingenua,0.131268,0.990433,300.497643,349774.306038,2.939722,0.000000,1,1166.378345,1264.900668,False,347567.204940,363374.765959,0.519500
disp150,2022,pontual,0.132536,1.000000,300.497643,350028.331986,1.902025,0.000000,1,1166.378345,1277.118722,False,347707.102334,363433.502738,0.531500
disp150,2022,otimizada,0.120487,0.909091,300.497643,344185.092869,25.901232,0.000000,5,1166.378345,1161.017020,True,344695.799377,365963.797092,0.451500
disp150,2023,ingenua,0.133148,0.996007,79.047039,96245.219508,7.946927,0.000000,3,1217.315937,1283.016179,False,92469.931345,99406.682561,0.913500
disp150,2023,pontual,0.133682,1.000000,79.047039,96246.805318,6.650387,0.000000,3,1217.315937,1288.160061,False,92400.010887,99177.933414,0.920500
disp150,2023,otimizada,0.148536,1.111111,79.047039,96362.946027,0.000000,13.762903,4,1217.315937,1431.288957,False,88119.805052,96152.844525,0.987500
disp150,2024,ingenua,0.138963,0.943362,92.156061,117826.089230,1.217427,0.000000,1,1278.960207,1342.716154,False,120349.987196,134233.269431,0.273000
disp150,2024,pontual,0.147306,1.000000,92.156061,117863.934239,0.000000,0.000000,0,1278.960207,1423.331327,False,119041.612711,127472.294110,0.326500
disp150,2024,otimizada,0.163674,1.111111,92.156061,117930.218684,0.000000,29.246710,6,1278.960207,1581.479253,False,115475.135959,124272.815736,0.510500
disp150,2025,ingenua,0.145601,0.997073,148.164976,187747.531056,4.771870,0.000000,1,1268.889508,1403.012358,False,190545.238843,213229.442372,0.370000
disp150,2025,pontual,0.146029,1.000000,148.164976,187764.578877,4.455889,0.000000,1,1268.889508,1407.131391,False,190525.397515,213036.990890,0.370000
disp150,2025,otimizada,0.162254,1.111111,148.164976,184405.198315,0.000000,42.311557,8,1268.889508,1563.479323,False,189357.516555,210769.486298,0.219500
clip,2021,ingenua,0.127339,0.965554,198.026084,227692.522340,0.226632,0.000000,1,1149.909698,1227.039184,False,227545.185580,234898.542096,0.483000
clip,2021,pontual,0.131882,1.000000,198.026084,227712.114257,0.000000,0.000000,0,1149.909698,1270.813448,False,227678.426768,234761.509411,0.477000
clip,2021,otimizada,0.128465,0.974091,198.026084,227712.114257,0.000000,0.000000,0,1149.909698,1237.887827,False,227586.422891,234803.025535,0.477500
clip,2022,ingenua,0.131268,0.990433,300.497643,349774.306038,2.939722,0.000000,1,1166.378345,1264.900668,False,347402.680047,357884.027549,0.575000
clip,2022,pontual,0.132536,1.000000,300.497643,350028.331986,1.902025,0.000000,1,1166.378345,1277.118722,False,347485.011401,357967.711745,0.576000
clip,2022,otimizada,0.120487,0.909091,300.497643,344185.092869,25.901232,0.000000,5,1166.378345,1161.017020,True,344571.285288,359274.679019,0.447500
clip,2023,ingenua,0.133148,0.996007,79.047039,96245.219508,7.946927,0.000000,3,1217.315937,1283.016179,False,92269.127307,95888.573559,0.990000
clip,2023,pontual,0.133682,1.000000,79.047039,96246.805318,6.650387,0.000000,3,1217.315937,1288.160061,False,92246.397050,95769.068913,0.991500
clip,2023,otimizada,0.148536,1.111111,79.047039,96362.946027,0.000000,13.762903,4,1217.315937,1431.288957,False,89454.133494,94884.909323,1.000000
clip,2024,ingenua,0.138963,0.943362,92.156061,117826.089230,1.217427,0.000000,1,1278.960207,1342.716154,False,119543.060256,128014.295862,0.248000
clip,2024,pontual,0.147306,1.000000,92.156061,117863.934239,0.000000,0.000000,0,1278.960207,1423.331327,False,118878.129567,123397.645642,0.293000
clip,2024,otimizada,0.163674,1.111111,92.156061,117930.218684,0.000000,29.246710,6,1278.960207,1581.479253,False,116621.597764,122635.156064,0.425500
clip,2025,ingenua,0.145601,0.997073,148.164976,187747.531056,4.771870,0.000000,1,1268.889508,1403.012358,False,190176.320297,203897.856762,0.296000
clip,2025,pontual,0.146029,1.000000,148.164976,187764.578877,4.455889,0.000000,1,1268.889508,1407.131391,False,190174.531556,203852.507811,0.296000
clip,2025,otimizada,0.162254,1.111111,148.164976,184405.198315,0.000000,42.311557,8,1268.889508,1563.479323,False,189882.390240,203474.684696,0.153500
