sens_id,recorte,custo_ingenua_rs,custo_pontual_rs,custo_otimizada_rs,valor_previsao_rs,valor_previsao_pct,valor_otimizacao_rs,valor_otimizacao_pct,economia_total_rs,economia_total_pct,descoberto_ingenua_mwh,sobrando_ingenua_mwh,descoberto_pontual_mwh,sobrando_pontual_mwh,descoberto_otimizada_mwh,sobrando_otimizada_mwh,pior_ano_pontual,pior_economia_pontual_pct,pior_ano_otimizada,pior_economia_otimizada_pct
caso_base,2021,227692.522340,227712.114257,227712.114257,-19.591918,-0.008605,0.000000,0.000000,-19.591918,-0.008605,0.226632,0.000000,0.000000,0.000000,0.000000,0.000000,2021,-0.008605,2021,-0.008605
caso_base,2022,349774.306038,350028.331986,344185.092869,-254.025948,-0.072626,5843.239117,1.670574,5589.213169,1.597948,2.939722,0.000000,1.902025,0.000000,25.901232,0.000000,2022,-0.072626,2022,1.597948
caso_base,2023,96245.219508,96246.805318,96362.946027,-1.585810,-0.001648,-116.140709,-0.120672,-117.726519,-0.122319,7.946927,0.000000,6.650387,0.000000,0.000000,13.762903,2023,-0.001648,2023,-0.122319
caso_base,2024,117826.089230,117863.934239,117930.218684,-37.845008,-0.032119,-66.284445,-0.056256,-104.129453,-0.088376,1.217427,0.000000,0.000000,0.000000,0.000000,29.246710,2024,-0.032119,2024,-0.088376
caso_base,2025,187747.531056,187764.578877,184405.198315,-17.047821,-0.009080,3359.380563,1.789307,3342.332742,1.780227,4.771870,0.000000,4.455889,0.000000,0.000000,42.311557,2025,-0.009080,2025,1.780227
caso_base,2021-2025,979285.668172,979615.764677,970595.570151,-330.096505,-0.033708,9020.194526,0.921099,8690.098021,0.887392,17.102579,0.000000,13.008301,0.000000,25.901232,85.321170,2022,-0.072626,2023,-0.122319
caso_base,2022-2025,751593.145832,751903.650420,742883.455894,-310.504587,-0.041313,9020.194526,1.200143,8709.689938,1.158830,16.875946,0.000000,13.008301,0.000000,25.901232,85.321170,2022,-0.072626,2023,-0.122319
f00,2021,225539.524042,222123.031737,222123.031737,3416.492305,1.514809,0.000000,0.000000,3416.492305,1.514809,43.072778,8.653247,19.702858,25.078112,19.702858,25.078112,2021,1.514809,2021,1.514809
f00,2022,346405.959471,349085.477567,349085.477567,-2679.518096,-0.773520,0.000000,0.000000,-2679.518096,-0.773520,30.901858,14.433211,25.901232,20.539906,25.901232,20.539906,2022,-0.773520,2022,-0.773520
f00,2023,96238.118491,96265.609958,96265.609958,-27.491467,-0.028566,0.000000,0.000000,-27.491467,-0.028566,63.354791,12.417199,60.024239,13.762903,60.024239,13.762903,2023,-0.028566,2023,-0.028566
f00,2024,121053.947737,118287.345430,118287.345430,2766.602307,2.285429,0.000000,0.000000,2766.602307,2.285429,64.991283,6.682125,14.269347,29.246710,14.269347,29.246710,2024,2.285429,2024,2.285429
f00,2025,185398.366355,185133.940831,185133.940831,264.425524,0.142626,0.000000,0.000000,264.425524,0.142626,33.232062,39.808335,31.990710,42.311557,31.990710,42.311557,2025,0.142626,2025,0.142626
f00,2021-2025,974635.916097,970895.405523,970895.405523,3740.510573,0.383785,0.000000,0.000000,3740.510573,0.383785,235.552772,81.994117,151.888384,130.939188,151.888384,130.939188,2022,-0.773520,2022,-0.773520
f00,2022-2025,749096.392054,748772.373786,748772.373786,324.018268,0.043255,0.000000,0.000000,324.018268,0.043255,192.479994,73.340870,132.185527,105.861076,132.185527,105.861076,2022,-0.773520,2022,-0.773520
f05,2021,227538.853575,226286.777492,226062.185995,1252.076083,0.550269,224.591497,0.098705,1476.667580,0.648974,13.343777,0.000000,2.539355,3.684878,1.226503,4.999370,2021,0.550269,2021,0.648974
f05,2022,347945.723550,348549.446475,344185.092869,-603.722926,-0.173511,4364.353606,1.254320,3760.630681,1.080810,10.409494,0.000000,8.524292,0.581056,25.901232,0.000000,2022,-0.173511,2022,1.080810
f05,2023,96201.129665,96212.655738,96382.660458,-11.526073,-0.011981,-170.004720,-0.176718,-181.530793,-0.188699,31.211323,0.635095,28.776467,1.377531,5.473685,13.762903,2023,-0.011981,2023,-0.188699
f05,2024,118710.239267,117908.959952,117930.218684,801.279315,0.674988,-21.258732,-0.017908,780.020583,0.657079,20.803403,0.000000,0.000000,8.841270,0.000000,29.246710,2024,0.674988,2024,0.657079
f05,2025,187386.614842,187264.151147,184192.658835,122.463695,0.065353,3071.492312,1.639120,3193.956007,1.704474,14.498895,10.825853,13.678985,12.024630,3.939409,42.311557,2025,0.065353,2025,1.704474
f05,2021-2025,977782.560898,976221.990804,968752.816841,1560.570094,0.159603,7469.173963,0.763889,9029.744058,0.923492,90.266892,11.460948,53.519100,26.509364,36.540829,90.320540,2022,-0.173511,2023,-0.188699
f05,2022-2025,750243.707323,749935.213312,742690.630846,308.494012,0.041119,7244.582466,0.965631,7553.076478,1.006750,76.923115,11.460948,50.979744,22.824486,35.314326,85.321170,2022,-0.173511,2023,-0.188699
f15,2021,227712.114257,227712.114257,227712.114257,0.000000,0.000000,0.000000,0.000000,0.000000,0.000000,0.000000,0.000000,0.000000,0.000000,0.000000,0.000000,2021,0.000000,2021,0.000000
f15,2022,350493.943110,350493.943110,344185.092869,0.000000,0.000000,6308.850241,1.799988,6308.850241,1.799988,0.000000,0.000000,0.000000,0.000000,25.901232,0.000000,2022,0.000000,2022,1.799988
f15,2023,96225.220126,96225.220126,96362.946027,0.000000,0.000000,-137.725901,-0.143129,-137.725901,-0.143129,0.000000,0.000000,0.000000,0.000000,0.000000,13.762903,2023,0.000000,2023,-0.143129
f15,2024,117863.934239,117863.934239,117930.218684,0.000000,0.000000,-66.284445,-0.056238,-66.284445,-0.056238,0.000000,0.000000,0.000000,0.000000,0.000000,29.246710,2024,0.000000,2024,-0.056238
f15,2025,188004.983548,188004.983548,184405.198315,0.000000,0.000000,3599.785234,1.914729,3599.785234,1.914729,0.000000,0.000000,0.000000,0.000000,0.000000,42.311557,2025,0.000000,2025,1.914729
f15,2021-2025,980300.195280,980300.195280,970595.570151,0.000000,0.000000,9704.625129,0.989965,9704.625129,0.989965,0.000000,0.000000,0.000000,0.000000,25.901232,85.321170,2021,0.000000,2023,-0.143129
f15,2022-2025,752588.081023,752588.081023,742883.455894,0.000000,0.000000,9704.625129,1.289500,9704.625129,1.289500,0.000000,0.000000,0.000000,0.000000,25.901232,85.321170,2022,0.000000,2023,-0.143129
spread00,2021,204698.861019,204713.920292,204713.920292,-15.059272,-0.007357,0.000000,0.000000,-15.059272,-0.007357,0.226632,0.000000,0.000000,0.000000,0.000000,0.000000,2021,-0.007357,2021,-0.007357
spread00,2022,326505.533586,326738.805580,322259.554391,-233.271994,-0.071445,4479.251189,1.371876,4245.979195,1.300431,2.939722,0.000000,1.902025,0.000000,21.938665,0.000000,2022,-0.071445,2022,1.300431
spread00,2023,72057.839309,72033.494318,71741.369232,24.344991,0.033785,292.125086,0.405404,316.470077,0.439189,7.946927,0.000000,6.650387,0.000000,0.000000,13.762903,2023,0.033785,2023,0.439189
spread00,2024,92271.233625,92284.730094,91766.080344,-13.496469,-0.014627,518.649750,0.562093,505.153281,0.547466,1.217427,0.000000,0.000000,0.000000,0.000000,29.246710,2024,-0.014627,2024,0.547466
spread00,2025,162465.178305,162475.906514,158181.177016,-10.728209,-0.006603,4294.729498,2.643477,4284.001288,2.636874,4.771870,0.000000,4.455889,0.000000,0.000000,42.311557,2025,-0.006603,2025,2.636874
spread00,2021-2025,857998.645844,858246.856798,848662.101276,-248.210954,-0.028929,9584.755523,1.117106,9336.544568,1.088177,17.102579,0.000000,13.008301,0.000000,21.938665,85.321170,2022,-0.071445,2021,-0.007357
spread00,2022-2025,653299.784825,653532.936506,643948.180984,-233.151682,-0.035688,9584.755523,1.467130,9351.603841,1.431441,16.875946,0.000000,13.008301,0.000000,21.938665,85.321170,2022,-0.071445,2023,0.439189
spread40,2021,250686.183660,250710.308222,250698.095282,-24.124563,-0.009623,12.212941,0.004872,-11.911622,-0.004752,0.226632,0.000000,0.000000,0.000000,0.114731,0.000000,2021,-0.009623,2021,-0.004752
spread40,2022,373043.078490,373317.858392,366994.635130,-274.779902,-0.073659,6323.223261,1.695038,6048.443359,1.621379,2.939722,0.000000,1.902025,0.000000,25.901232,0.000000,2022,-0.073659,2022,1.621379
spread40,2023,120432.599707,120460.116318,120984.522822,-27.516611,-0.022848,-524.406503,-0.435436,-551.923115,-0.458284,7.946927,0.000000,6.650387,0.000000,0.000000,13.762903,2023,-0.022848,2023,-0.458284
spread40,2024,143380.944836,143443.138384,144094.357023,-62.193548,-0.043376,-651.218639,-0.454188,-713.412187,-0.497564,1.217427,0.000000,0.000000,0.000000,0.000000,29.246710,2024,-0.043376,2024,-0.497564
spread40,2025,213029.883808,213053.251240,210629.219613,-23.367432,-0.010969,2424.031627,1.137883,2400.664195,1.126914,4.771870,0.000000,4.455889,0.000000,0.000000,42.311557,2025,-0.010969,2025,1.126914
spread40,2021-2025,1100572.690500,1100984.672556,1093400.829870,-411.982056,-0.037433,7583.842686,0.689081,7171.860631,0.651648,17.102579,0.000000,13.008301,0.000000,26.015963,85.321170,2022,-0.073659,2024,-0.497564
spread40,2022-2025,849886.506840,850274.364334,842702.734588,-387.857493,-0.045636,7571.629746,0.890899,7183.772252,0.845263,16.875946,0.000000,13.008301,0.000000,25.901232,85.321170,2022,-0.073659,2024,-0.497564
lam00,2021,227692.522340,227712.114257,227814.672553,-19.591918,-0.008605,-102.558296,-0.045042,-122.150214,-0.053647,0.226632,0.000000,0.000000,0.000000,19.702858,0.000000,2021,-0.008605,2021,-0.053647
lam00,2022,349774.306038,350028.331986,344185.092869,-254.025948,-0.072626,5843.239117,1.670574,5589.213169,1.597948,2.939722,0.000000,1.902025,0.000000,25.901232,0.000000,2022,-0.072626,2022,1.597948
lam00,2023,96245.219508,96246.805318,96362.946027,-1.585810,-0.001648,-116.140709,-0.120672,-117.726519,-0.122319,7.946927,0.000000,6.650387,0.000000,0.000000,13.762903,2023,-0.001648,2023,-0.122319
lam00,2024,117826.089230,117863.934239,117930.218684,-37.845008,-0.032119,-66.284445,-0.056256,-104.129453,-0.088376,1.217427,0.000000,0.000000,0.000000,0.000000,29.246710,2024,-0.032119,2024,-0.088376
lam00,2025,187747.531056,187764.578877,184405.198315,-17.047821,-0.009080,3359.380563,1.789307,3342.332742,1.780227,4.771870,0.000000,4.455889,0.000000,0.000000,42.311557,2025,-0.009080,2025,1.780227
lam00,2021-2025,979285.668172,979615.764677,970698.128447,-330.096505,-0.033708,8917.636230,0.910627,8587.539725,0.876919,17.102579,0.000000,13.008301,0.000000,45.604089,85.321170,2022,-0.072626,2023,-0.122319
lam00,2022-2025,751593.145832,751903.650420,742883.455894,-310.504587,-0.041313,9020.194526,1.200143,8709.689938,1.158830,16.875946,0.000000,13.008301,0.000000,25.901232,85.321170,2022,-0.072626,2023,-0.122319
lam10,2021,227692.522340,227712.114257,227712.114257,-19.591918,-0.008605,0.000000,0.000000,-19.591918,-0.008605,0.226632,0.000000,0.000000,0.000000,0.000000,0.000000,2021,-0.008605,2021,-0.008605
lam10,2022,349774.306038,350028.331986,346492.181824,-254.025948,-0.072626,3536.150162,1.010981,3282.124214,0.938355,2.939722,0.000000,1.902025,0.000000,16.402989,0.000000,2022,-0.072626,2022,0.938355
lam10,2023,96245.219508,96246.805318,96362.946027,-1.585810,-0.001648,-116.140709,-0.120672,-117.726519,-0.122319,7.946927,0.000000,6.650387,0.000000,0.000000,13.762903,2023,-0.001648,2023,-0.122319
lam10,2024,117826.089230,117863.934239,117930.218684,-37.845008,-0.032119,-66.284445,-0.056256,-104.129453,-0.088376,1.217427,0.000000,0.000000,0.000000,0.000000,29.246710,2024,-0.032119,2024,-0.088376
lam10,2025,187747.531056,187764.578877,184405.198315,-17.047821,-0.009080,3359.380563,1.789307,3342.332742,1.780227,4.771870,0.000000,4.455889,0.000000,0.000000,42.311557,2025,-0.009080,2025,1.780227
lam10,2021-2025,979285.668172,979615.764677,972902.659106,-330.096505,-0.033708,6713.105571,0.685510,6383.009066,0.651803,17.102579,0.000000,13.008301,0.000000,16.402989,85.321170,2022,-0.072626,2023,-0.122319
lam10,2022-2025,751593.145832,751903.650420,745190.544849,-310.504587,-0.041313,6713.105571,0.893183,6402.600983,0.851871,16.875946,0.000000,13.008301,0.000000,16.402989,85.321170,2022,-0.072626,2023,-0.122319
alfa90,2021,227692.522340,227712.114257,227622.641059,-19.591918,-0.008605,89.473198,0.039296,69.881280,0.030691,0.226632,0.000000,0.000000,0.000000,1.249846,0.000000,2021,-0.008605,2021,0.030691
alfa90,2022,349774.306038,350028.331986,344185.092869,-254.025948,-0.072626,5843.239117,1.670574,5589.213169,1.597948,2.939722,0.000000,1.902025,0.000000,25.901232,0.000000,2022,-0.072626,2022,1.597948
alfa90,2023,96245.219508,96246.805318,96362.946027,-1.585810,-0.001648,-116.140709,-0.120672,-117.726519,-0.122319,7.946927,0.000000,6.650387,0.000000,0.000000,13.762903,2023,-0.001648,2023,-0.122319
alfa90,2024,117826.089230,117863.934239,117930.218684,-37.845008,-0.032119,-66.284445,-0.056256,-104.129453,-0.088376,1.217427,0.000000,0.000000,0.000000,0.000000,29.246710,2024,-0.032119,2024,-0.088376
alfa90,2025,187747.531056,187764.578877,184405.198315,-17.047821,-0.009080,3359.380563,1.789307,3342.332742,1.780227,4.771870,0.000000,4.455889,0.000000,0.000000,42.311557,2025,-0.009080,2025,1.780227
alfa90,2021-2025,979285.668172,979615.764677,970506.096953,-330.096505,-0.033708,9109.667724,0.930236,8779.571219,0.896528,17.102579,0.000000,13.008301,0.000000,27.151078,85.321170,2022,-0.072626,2023,-0.122319
alfa90,2022-2025,751593.145832,751903.650420,742883.455894,-310.504587,-0.041313,9020.194526,1.200143,8709.689938,1.158830,16.875946,0.000000,13.008301,0.000000,25.901232,85.321170,2022,-0.072626,2023,-0.122319
rmax120,2021,227692.522340,227712.114257,227712.114257,-19.591918,-0.008605,0.000000,0.000000,-19.591918,-0.008605,0.226632,0.000000,0.000000,0.000000,0.000000,0.000000,2021,-0.008605,2021,-0.008605
rmax120,2022,349774.306038,350028.331986,344185.092869,-254.025948,-0.072626,5843.239117,1.670574,5589.213169,1.597948,2.939722,0.000000,1.902025,0.000000,25.901232,0.000000,2022,-0.072626,2022,1.597948
rmax120,2023,96245.219508,96246.805318,96805.480139,-1.585810,-0.001648,-558.674821,-0.580470,-560.260631,-0.582118,7.946927,0.000000,6.650387,0.000000,0.000000,60.348038,2023,-0.001648,2023,-0.582118
rmax120,2024,117826.089230,117863.934239,114379.602928,-37.845008,-0.032119,3484.331310,2.957181,3446.486302,2.925062,1.217427,0.000000,0.000000,0.000000,0.000000,118.492369,2024,-0.032119,2024,2.925062
rmax120,2025,187747.531056,187764.578877,178073.846273,-17.047821,-0.009080,9690.732604,5.161577,9673.684783,5.152496,4.771870,0.000000,4.455889,0.000000,0.000000,120.133367,2025,-0.009080,2025,5.152496
rmax120,2021-2025,979285.668172,979615.764677,961156.136467,-330.096505,-0.033708,18459.628211,1.885010,18129.531706,1.851302,17.102579,0.000000,13.008301,0.000000,25.901232,298.973774,2022,-0.072626,2023,-0.582118
rmax120,2022-2025,751593.145832,751903.650420,733444.022209,-310.504587,-0.041313,18459.628211,2.456067,18149.123623,2.414754,16.875946,0.000000,13.008301,0.000000,25.901232,298.973774,2022,-0.072626,2023,-0.582118
pldsimples,2021,227692.522340,227712.114257,227712.114257,-19.591918,-0.008605,0.000000,0.000000,-19.591918,-0.008605,0.226632,0.000000,0.000000,0.000000,0.000000,0.000000,2021,-0.008605,2021,-0.008605
pldsimples,2022,349774.306038,350028.331986,344185.092869,-254.025948,-0.072626,5843.239117,1.670574,5589.213169,1.597948,2.939722,0.000000,1.902025,0.000000,25.901232,0.000000,2022,-0.072626,2022,1.597948
pldsimples,2023,96245.219508,96246.805318,96362.946027,-1.585810,-0.001648,-116.140709,-0.120672,-117.726519,-0.122319,7.946927,0.000000,6.650387,0.000000,0.000000,13.762903,2023,-0.001648,2023,-0.122319
pldsimples,2024,117826.089230,117863.934239,117930.218684,-37.845008,-0.032119,-66.284445,-0.056256,-104.129453,-0.088376,1.217427,0.000000,0.000000,0.000000,0.000000,29.246710,2024,-0.032119,2024,-0.088376
pldsimples,2025,187747.531056,187764.578877,184405.198315,-17.047821,-0.009080,3359.380563,1.789307,3342.332742,1.780227,4.771870,0.000000,4.455889,0.000000,0.000000,42.311557,2025,-0.009080,2025,1.780227
pldsimples,2021-2025,979285.668172,979615.764677,970595.570151,-330.096505,-0.033708,9020.194526,0.921099,8690.098021,0.887392,17.102579,0.000000,13.008301,0.000000,25.901232,85.321170,2022,-0.072626,2023,-0.122319
pldsimples,2022-2025,751593.145832,751903.650420,742883.455894,-310.504587,-0.041313,9020.194526,1.200143,8709.689938,1.158830,16.875946,0.000000,13.008301,0.000000,25.901232,85.321170,2022,-0.072626,2023,-0.122319
disp125,2021,227692.522340,227712.114257,227712.114257,-19.591918,-0.008605,0.000000,0.000000,-19.591918,-0.008605,0.226632,0.000000,0.000000,0.000000,0.000000,0.000000,2021,-0.008605,2021,-0.008605
disp125,2022,349774.306038,350028.331986,344185.092869,-254.025948,-0.072626,5843.239117,1.670574,5589.213169,1.597948,2.939722,0.000000,1.902025,0.000000,25.901232,0.000000,2022,-0.072626,2022,1.597948
disp125,2023,96245.219508,96246.805318,96362.946027,-1.585810,-0.001648,-116.140709,-0.120672,-117.726519,-0.122319,7.946927,0.000000,6.650387,0.000000,0.000000,13.762903,2023,-0.001648,2023,-0.122319
disp125,2024,117826.089230,117863.934239,117930.218684,-37.845008,-0.032119,-66.284445,-0.056256,-104.129453,-0.088376,1.217427,0.000000,0.000000,0.000000,0.000000,29.246710,2024,-0.032119,2024,-0.088376
disp125,2025,187747.531056,187764.578877,184405.198315,-17.047821,-0.009080,3359.380563,1.789307,3342.332742,1.780227,4.771870,0.000000,4.455889,0.000000,0.000000,42.311557,2025,-0.009080,2025,1.780227
disp125,2021-2025,979285.668172,979615.764677,970595.570151,-330.096505,-0.033708,9020.194526,0.921099,8690.098021,0.887392,17.102579,0.000000,13.008301,0.000000,25.901232,85.321170,2022,-0.072626,2023,-0.122319
disp125,2022-2025,751593.145832,751903.650420,742883.455894,-310.504587,-0.041313,9020.194526,1.200143,8709.689938,1.158830,16.875946,0.000000,13.008301,0.000000,25.901232,85.321170,2022,-0.072626,2023,-0.122319
disp150,2021,227692.522340,227712.114257,227712.114257,-19.591918,-0.008605,0.000000,0.000000,-19.591918,-0.008605,0.226632,0.000000,0.000000,0.000000,0.000000,0.000000,2021,-0.008605,2021,-0.008605
disp150,2022,349774.306038,350028.331986,344185.092869,-254.025948,-0.072626,5843.239117,1.670574,5589.213169,1.597948,2.939722,0.000000,1.902025,0.000000,25.901232,0.000000,2022,-0.072626,2022,1.597948
disp150,2023,96245.219508,96246.805318,96362.946027,-1.585810,-0.001648,-116.140709,-0.120672,-117.726519,-0.122319,7.946927,0.000000,6.650387,0.000000,0.000000,13.762903,2023,-0.001648,2023,-0.122319
disp150,2024,117826.089230,117863.934239,117930.218684,-37.845008,-0.032119,-66.284445,-0.056256,-104.129453,-0.088376,1.217427,0.000000,0.000000,0.000000,0.000000,29.246710,2024,-0.032119,2024,-0.088376
disp150,2025,187747.531056,187764.578877,184405.198315,-17.047821,-0.009080,3359.380563,1.789307,3342.332742,1.780227,4.771870,0.000000,4.455889,0.000000,0.000000,42.311557,2025,-0.009080,2025,1.780227
disp150,2021-2025,979285.668172,979615.764677,970595.570151,-330.096505,-0.033708,9020.194526,0.921099,8690.098021,0.887392,17.102579,0.000000,13.008301,0.000000,25.901232,85.321170,2022,-0.072626,2023,-0.122319
disp150,2022-2025,751593.145832,751903.650420,742883.455894,-310.504587,-0.041313,9020.194526,1.200143,8709.689938,1.158830,16.875946,0.000000,13.008301,0.000000,25.901232,85.321170,2022,-0.072626,2023,-0.122319
clip,2021,227692.522340,227712.114257,227712.114257,-19.591918,-0.008605,0.000000,0.000000,-19.591918,-0.008605,0.226632,0.000000,0.000000,0.000000,0.000000,0.000000,2021,-0.008605,2021,-0.008605
clip,2022,349774.306038,350028.331986,344185.092869,-254.025948,-0.072626,5843.239117,1.670574,5589.213169,1.597948,2.939722,0.000000,1.902025,0.000000,25.901232,0.000000,2022,-0.072626,2022,1.597948
clip,2023,96245.219508,96246.805318,96362.946027,-1.585810,-0.001648,-116.140709,-0.120672,-117.726519,-0.122319,7.946927,0.000000,6.650387,0.000000,0.000000,13.762903,2023,-0.001648,2023,-0.122319
clip,2024,117826.089230,117863.934239,117930.218684,-37.845008,-0.032119,-66.284445,-0.056256,-104.129453,-0.088376,1.217427,0.000000,0.000000,0.000000,0.000000,29.246710,2024,-0.032119,2024,-0.088376
clip,2025,187747.531056,187764.578877,184405.198315,-17.047821,-0.009080,3359.380563,1.789307,3342.332742,1.780227,4.771870,0.000000,4.455889,0.000000,0.000000,42.311557,2025,-0.009080,2025,1.780227
clip,2021-2025,979285.668172,979615.764677,970595.570151,-330.096505,-0.033708,9020.194526,0.921099,8690.098021,0.887392,17.102579,0.000000,13.008301,0.000000,25.901232,85.321170,2022,-0.072626,2023,-0.122319
clip,2022-2025,751593.145832,751903.650420,742883.455894,-310.504587,-0.041313,9020.194526,1.200143,8709.689938,1.158830,16.875946,0.000000,13.008301,0.000000,25.901232,85.321170,2022,-0.072626,2023,-0.122319
