mes,carga_original_mwmed,carga_ajustada_reconstruida_mwmed,cobertura,mes_utilizavel
2000-01-01,24463.186,,1.0,True
2000-02-01,25588.789,,1.0,True
2000-03-01,25470.855,,1.0,True
2000-04-01,25352.026,,1.0,True
2000-05-01,25457.516,,1.0,True
2000-06-01,25655.761,,1.0,True
2000-07-01,25299.997,,1.0,True
2000-08-01,26006.388,,1.0,True
2000-09-01,26045.448,,1.0,True
2000-10-01,27083.636,,1.0,True
2000-11-01,26253.363,,1.0,True
2000-12-01,26041.556,,1.0,True
2001-01-01,26625.976,,1.0,True
2001-02-01,27539.328,,1.0,True
2001-03-01,27824.663,,1.0,True
2001-04-01,27213.965,,1.0,True
2001-05-01,25055.139,,1.0,True
2001-06-01,20512.824,,1.0,True
2001-07-01,19852.428,,1.0,True
2001-08-01,20395.285,,1.0,True
2001-09-01,20646.84,,1.0,True
2001-10-01,20980.517,,1.0,True
2001-11-01,21504.025,,1.0,True
2001-12-01,21349.008,,1.0,True
2002-01-01,22719.879,,1.0,True
2002-02-01,23452.702,,1.0,True
2002-03-01,25133.201,,1.0,True
2002-04-01,25772.85,,1.0,True
2002-05-01,24774.471,,1.0,True
2002-06-01,24626.898,,1.0,True
2002-07-01,24237.847,,1.0,True
2002-08-01,25149.892,,1.0,True
2002-09-01,24970.468,,1.0,True
2002-10-01,27126.008,,1.0,True
2002-11-01,26420.592,,1.0,True
2002-12-01,25636.161,,1.0,True
2003-01-01,25693.744,,1.0,True
2003-02-01,27507.625,,1.0,True
2003-03-01,26389.861,,1.0,True
2003-04-01,26235.746,,1.0,True
2003-05-01,25354.75,,1.0,True
2003-06-01,25326.087,,1.0,True
2003-07-01,25308.79,,1.0,True
2003-08-01,25465.214,,1.0,True
2003-09-01,26242.626,,1.0,True
2003-10-01,26865.871,,1.0,True
2003-11-01,26804.535,,1.0,True
2003-12-01,26662.937,,1.0,True
2004-01-01,26275.932,,1.0,True
2004-02-01,26801.951,,1.0,True
2004-03-01,27520.843,,1.0,True
2004-04-01,27323.337,,1.0,True
2004-05-01,26606.296,,1.0,True
2004-06-01,26579.448,,1.0,True
2004-07-01,26657.822,,1.0,True
2004-08-01,27178.629,,1.0,True
2004-09-01,28426.388,,1.0,True
2004-10-01,27771.496,,1.0,True
2004-11-01,28195.268,,1.0,True
2004-12-01,27695.443,,1.0,True
2005-01-01,27829.383,,1.0,True
2005-02-01,28324.552,,1.0,True
2005-03-01,29329.889,,1.0,True
2005-04-01,29611.055,,1.0,True
2005-05-01,27852.867,,1.0,True
2005-06-01,27921.1,,1.0,True
2005-07-01,27217.235,,1.0,True
2005-08-01,28499.198,,1.0,True
2005-09-01,28242.867,,1.0,True
2005-10-01,29030.821,,1.0,True
2005-11-01,28312.462,,1.0,True
2005-12-01,28163.798,,1.0,True
2006-01-01,29410.097,,1.0,True
2006-02-01,30149.908,,1.0,True
2006-03-01,30646.28,,1.0,True
2006-04-01,28994.795,,1.0,True
2006-05-01,28369.734,,1.0,True
2006-06-01,28456.182,,1.0,True
2006-07-01,28707.099,,1.0,True
2006-08-01,29679.788,,1.0,True
2006-09-01,29081.099,,1.0,True
2006-10-01,29255.4,,1.0,True
2006-11-01,29837.74,,1.0,True
2006-12-01,29725.437,,1.0,True
2007-01-01,29960.041,,1.0,True
2007-02-01,30970.751,,1.0,True
2007-03-01,32676.089,,1.0,True
2007-04-01,31350.06,,1.0,True
2007-05-01,29881.488,,1.0,True
2007-06-01,29542.485,,1.0,True
2007-07-01,29573.757,,1.0,True
2007-08-01,30566.277,,1.0,True
2007-09-01,31166.0,,1.0,True
2007-10-01,32010.172,,1.0,True
2007-11-01,31251.06,,1.0,True
2007-12-01,31206.316,,1.0,True
2008-01-01,31190.806,,1.0,True
2008-02-01,31503.222,,1.0,True
2008-03-01,32245.936,,1.0,True
2008-04-01,32252.528,,1.0,True
2008-05-01,30832.634,,1.0,True
2008-06-01,31221.211,,1.0,True
2008-07-01,31335.82,,1.0,True
2008-08-01,32320.352,,1.0,True
2008-09-01,32087.306,,1.0,True
2008-10-01,32958.744,,1.0,True
2008-11-01,30936.545,,1.0,True
2008-12-01,28845.634,,1.0,True
2009-01-01,29582.489,,1.0,True
2009-02-01,31328.5,,1.0,True
2009-03-01,32278.248,,1.0,True
2009-04-01,30176.04,,1.0,True
2009-05-01,29781.371,,1.0,True
2009-06-01,29069.176,,1.0,True
2009-07-01,30106.696,,1.0,True
2009-08-01,30694.909,,1.0,True
2009-09-01,31984.11,,1.0,True
2009-10-01,31971.318,,1.0,True
2009-11-01,33636.323,,1.0,True
2009-12-01,32458.137,,1.0,True
2010-01-01,33450.035,,1.0,True
2010-02-01,34947.738,,1.0,True
2010-03-01,34749.566,,1.0,True
2010-04-01,32848.229,,1.0,True
2010-05-01,32201.115,,1.0,True
2010-06-01,31855.411,,1.0,True
2010-07-01,32437.61,,1.0,True
2010-08-01,32644.578,,1.0,True
2010-09-01,33859.609,,1.0,True
2010-10-01,33043.936,,1.0,True
2010-11-01,33024.021,,1.0,True
2010-12-01,34271.994,,1.0,True
2011-01-01,34806.307,,1.0,True
2011-02-01,37069.757,,1.0,True
2011-03-01,34865.861,,1.0,True
2011-04-01,34864.428,,1.0,True
2011-05-01,33298.777,,1.0,True
2011-06-01,32560.923,,1.0,True
2011-07-01,33046.842,,1.0,True
2011-08-01,34700.306,,1.0,True
2011-09-01,34834.436,,1.0,True
2011-10-01,34428.004,,1.0,True
2011-11-01,34742.622,,1.0,True
2011-12-01,35081.435,,1.0,True
2012-01-01,35138.747,,1.0,True
2012-02-01,37785.027,,1.0,True
2012-03-01,38142.092,,1.0,True
2012-04-01,36429.942,,1.0,True
2012-05-01,34040.257,,1.0,True
2012-06-01,32396.575,,1.0,True
2012-07-01,32553.345,,1.0,True
2012-08-01,34867.926,,1.0,True
2012-09-01,35552.699,,1.0,True
2012-10-01,36868.81,,1.0,True
2012-11-01,34588.822,,1.0,True
2012-12-01,36179.257,,1.0,True
2013-01-01,34415.279,,1.0,True
2013-02-01,36703.991,,1.0,True
2013-03-01,36142.047,,1.0,True
2013-04-01,34505.938,,1.0,True
2013-05-01,33046.062,,1.0,True
2013-06-01,32968.852,,1.0,True
2013-07-01,32891.397,,1.0,True
2013-08-01,33964.246,,1.0,True
2013-09-01,34766.624,,1.0,True
2013-10-01,35404.563,,1.0,True
2013-11-01,35381.616,,1.0,True
2013-12-01,35314.992,,0.967741935483871,True
2014-01-01,38704.861,,1.0,True
2014-02-01,39855.282,,0.9642857142857143,True
2014-03-01,37542.745,,1.0,True
2014-04-01,35486.966,,1.0,True
2014-05-01,35309.271,,1.0,True
2014-06-01,34120.949,,1.0,True
2014-07-01,34146.181,,1.0,True
2014-08-01,34537.104,,1.0,True
2014-09-01,36110.882,,1.0,True
2014-10-01,37058.036,,1.0,True
2014-11-01,36280.763,,1.0,True
2014-12-01,36171.191,,1.0,True
2015-01-01,40467.714,41386.739,1.0,True
2015-02-01,39133.783,40056.058,1.0,True
2015-03-01,38210.432,39364.215,1.0,True
2015-04-01,35760.806,38008.007,0.9666666666666667,True
2015-05-01,33218.031,36216.225,1.0,True
2015-06-01,32475.565,35762.254,1.0,True
2015-07-01,33015.547,35804.656,1.0,True
2015-08-01,33889.707,36645.694,1.0,True
2015-09-01,35495.766,37944.849,1.0,True
2015-10-01,36637.637,39159.226,1.0,True
2015-11-01,36322.045,38433.069,1.0,True
2015-12-01,36608.281,38110.383,1.0,True
2016-01-01,36556.051,37362.52,1.0,True
2016-02-01,39524.438,40324.157,1.0,True
2016-03-01,38455.003,39743.022,1.0,True
2016-04-01,37695.703,40562.771,1.0,True
2016-05-01,33979.381,36489.897,1.0,True
2016-06-01,33271.711,35668.356,1.0,True
2016-07-01,33182.598,35943.326,1.0,True
2016-08-01,34310.109,36964.011,1.0,True
2016-09-01,34770.657,37414.57,1.0,True
2016-10-01,35154.594,37703.122,1.0,True
2016-11-01,34743.507,37402.367,1.0,True
2016-12-01,35760.879,37599.099,1.0,True
2017-01-01,38977.416,39881.956,1.0,True
2017-02-01,40063.099,40979.01,1.0,True
2017-03-01,39435.952,40491.735,1.0,True
2017-04-01,35806.006,37739.542,1.0,True
2017-05-01,34414.136,36876.019,1.0,True
2017-06-01,33858.783,36520.632,1.0,True
2017-07-01,32552.038,35370.763,1.0,True
2017-08-01,33822.722,36550.305,1.0,True
2017-09-01,35533.975,38238.899,1.0,True
2017-10-01,36565.834,38998.048,1.0,True
2017-11-01,35790.635,38197.459,1.0,True
2017-12-01,36736.475,38397.271,1.0,True
2018-01-01,39014.78,40035.811,1.0,True
2018-02-01,38534.214,39913.717,1.0,True
2018-03-01,40027.981,41832.215,1.0,True
2018-04-01,36668.699,39516.868,1.0,True
2018-05-01,34197.825,37260.594,1.0,True
2018-06-01,33858.135,36999.397,1.0,True
2018-07-01,33919.256,37000.24,1.0,True
2018-08-01,34465.463,37366.218,1.0,True
2018-09-01,35488.204,38086.25,1.0,True
2018-10-01,36868.928,39271.384,1.0,True
2018-11-01,36725.611,39058.427,1.0,True
2018-12-01,38158.381,39798.204,1.0,True
2019-01-01,42133.928,43206.627,1.0,True
2019-02-01,40667.004,42072.432,1.0,True
2019-03-01,38892.683,40668.499,1.0,True
2019-04-01,37888.032,40513.74,1.0,True
2019-05-01,35795.57,39142.855,1.0,True
2019-06-01,34226.921,37263.887,1.0,True
2019-07-01,33569.622,36571.154,1.0,True
2019-08-01,34180.652,37186.055,1.0,True
2019-09-01,36699.723,39522.892,1.0,True
2019-10-01,37918.254,40890.061,1.0,True
2019-11-01,37089.426,39825.436,1.0,True
2019-12-01,36887.268,38952.464,1.0,True
2020-01-01,39577.568,40972.831,1.0,True
2020-02-01,39505.452,41274.116,1.0,True
2020-03-01,37954.853,40023.25,1.0,True
2020-04-01,32396.517,35323.623,1.0,True
2020-05-01,31278.08,34785.381,1.0,True
2020-06-01,32643.979,35956.662,1.0,True
2020-07-01,33652.791,36886.1,1.0,True
2020-08-01,34682.814,37705.484,1.0,True
2020-09-01,38260.486,41175.869,1.0,True
2020-10-01,38984.221,41854.348,1.0,True
2020-11-01,37609.395,39631.311,1.0,True
2020-12-01,39185.011,41006.782,1.0,True
2021-01-01,40893.728,42425.656,1.0,True
2021-02-01,40791.126,42628.927,1.0,True
2021-03-01,41979.2,42860.262,1.0,True
2021-04-01,38720.879,39961.218,1.0,True
2021-05-01,38155.861,39324.494,1.0,True
2021-06-01,37596.181,38002.481,1.0,True
2021-07-01,36489.125,36983.277,1.0,True
2021-08-01,38117.235,38684.464,1.0,True
2021-09-01,40340.28,41035.908,1.0,True
2021-10-01,37630.335,38267.688,1.0,True
2021-11-01,39761.942,40478.162,1.0,True
2021-12-01,39777.992,40514.999,1.0,True
2022-01-01,41225.271,42029.382,1.0,True
2022-02-01,42446.904,43258.144,1.0,True
2022-03-01,44403.234,45293.279,1.0,True
2022-04-01,40913.244,41773.615,1.0,True
2022-05-01,38288.298,39065.346,1.0,True
2022-06-01,37455.669,38196.412,1.0,True
2022-07-01,37825.3,38701.705,1.0,True
2022-08-01,38015.061,38992.838,1.0,True
2022-09-01,38464.872,39566.542,1.0,True
2022-10-01,39624.203,40917.842,1.0,True
2022-11-01,38870.223,40250.957,1.0,True
2022-12-01,38728.196,39950.726,1.0,True
2023-01-01,39957.99,41492.053,1.0,True
2023-02-01,42456.559,44235.9,1.0,True
2023-03-01,43184.885,44957.746,1.0,True
2023-04-01,39473.589,41055.378,1.0,True
2023-05-01,39817.594,39817.594,1.0,True
2023-06-01,38619.006,38619.006,1.0,True
2023-07-01,38360.988,38360.988,1.0,True
2023-08-01,40747.423,40747.423,1.0,True
2023-09-01,43415.484,43415.484,1.0,True
2023-10-01,44093.9,44093.9,1.0,True
2023-11-01,46313.889,46313.889,1.0,True
2023-12-01,46195.923,46195.923,1.0,True
2024-01-01,45239.246,45239.246,1.0,True
2024-02-01,46597.778,46597.778,1.0,True
2024-03-01,47170.804,47170.804,1.0,True
2024-04-01,45701.518,45701.518,1.0,True
2024-05-01,44316.927,44316.927,1.0,True
2024-06-01,41439.089,41439.089,1.0,True
2024-07-01,41012.287,41012.287,1.0,True
2024-08-01,42059.602,42059.602,1.0,True
2024-09-01,45974.778,45974.778,1.0,True
2024-10-01,45186.275,45186.275,1.0,True
2024-11-01,44152.972,44152.972,1.0,True
2024-12-01,44730.574,44730.574,1.0,True
2025-01-01,46753.532,46753.532,1.0,True
2025-02-01,51068.716,51068.716,1.0,True
2025-03-01,48586.325,48586.325,1.0,True
2025-04-01,44297.41,44297.41,1.0,True
2025-05-01,41856.359,41856.359,1.0,True
2025-06-01,41058.53,41058.53,1.0,True
2025-07-01,40356.675,40356.675,1.0,True
2025-08-01,41177.329,41177.329,1.0,True
2025-09-01,42854.221,42854.221,1.0,True
2025-10-01,43616.252,43616.252,1.0,True
2025-11-01,43903.62,43903.62,1.0,True
2025-12-01,45689.637,45689.637,1.0,True
2026-01-01,46075.135,46075.135,1.0,True
2026-02-01,47952.29,47952.29,1.0,True
2026-03-01,46615.171,46615.171,1.0,True
2026-04-01,44861.736,44861.736,1.0,True
2026-05-01,42420.961,42420.961,1.0,True
2026-06-01,40668.041,40668.041,1.0,True
2026-07-01,40910.796,40910.796,1.0,True
2026-08-01,43681.658,43681.658,1.0,True
2026-09-01,44517.185,44517.185,1.0,True
2026-10-01,45885.192,45885.192,0.25806451612903225,False
