recorte,valor,n,cobertura80_pct,cobertura95_pct,largura80_pct,largura95_pct,abaixo_do_piso95,acima_do_teto95
geral,geral,654,70.1835,87.7676,8.0744,13.5009,24,56
horizonte,1,60,71.6667,88.3333,6.1953,10.6124,2,5
horizonte,2,59,76.2712,89.8305,7.312,13.0003,3,3
horizonte,3,58,82.7586,89.6552,8.518,13.9398,2,4
horizonte,4,57,71.9298,94.7368,8.0299,15.1722,1,2
horizonte,5,56,76.7857,91.0714,8.6753,14.2487,3,2
horizonte,6,55,72.7273,89.0909,9.0133,14.1529,3,3
horizonte,7,54,66.6667,88.8889,8.672,14.0683,2,4
horizonte,8,53,66.0377,84.9057,8.2277,13.0413,3,5
horizonte,9,52,63.4615,88.4615,7.7988,14.2482,2,4
horizonte,10,51,64.7059,90.1961,8.0772,14.1031,1,4
horizonte,11,50,64.0,80.0,8.5253,12.7477,1,9
horizonte,12,49,61.2245,75.5102,8.0848,12.8109,1,11
ano,2021,78,85.8974,87.1795,7.9289,13.4178,10,0
ano,2022,144,89.5833,97.9167,8.0941,13.5122,0,3
ano,2023,144,61.1111,79.8611,8.0941,13.5122,0,29
ano,2024,144,56.9444,87.5,8.0941,13.5122,0,18
ano,2025,144,64.5833,86.1111,8.0941,13.5122,14,6
