mes,consumo_mwh,horas,mes_completo
2020-01-01,99.84166942187827,744,True
2020-02-01,94.08707259451842,696,True
2020-03-01,97.5277536075902,744,True
2020-04-01,83.29916782841288,720,True
2020-05-01,84.76423225997739,744,True
2020-06-01,84.79198244858202,720,True
2020-07-01,89.88321572000785,744,True
2020-08-01,91.87987358654729,744,True
2020-09-01,97.09976936222344,720,True
2020-10-01,101.98973081348822,744,True
2020-11-01,93.4574364572139,720,True
2020-12-01,99.92440095245475,744,True
2021-01-01,103.38188235383716,744,True
2021-02-01,93.82457595167021,672,True
2021-03-01,104.44091914287503,744,True
2021-04-01,94.2354131378302,720,True
2021-05-01,95.82503913113857,744,True
2021-06-01,89.61637668734517,720,True
2021-07-01,90.1200142683896,744,True
2021-08-01,94.2654286909986,744,True
2021-09-01,96.76971724058725,720,True
2021-10-01,93.24983873125431,744,True
2021-11-01,95.45445802916534,720,True
2021-12-01,98.7260348951607,744,True
2022-01-01,102.41624991366444,744,True
2022-02-01,95.20945683264118,672,True
2022-03-01,110.36964198646625,744,True
2022-04-01,98.50935878985567,720,True
2022-05-01,95.19355437061732,744,True
2022-06-01,90.07369787611222,720,True
2022-07-01,94.3074428937373,744,True
2022-08-01,95.0168692877207,744,True
2022-09-01,93.30470068794253,720,True
2022-10-01,99.70767479495497,744,True
2022-11-01,94.91866855513352,720,True
2022-12-01,97.35102883862821,744,True
2023-01-01,101.10689858400617,744,True
2023-02-01,97.36145901250907,672,True
2023-03-01,109.55202168143838,744,True
2023-04-01,96.81563058856239,720,True
2023-05-01,97.02661587526153,744,True
2023-06-01,91.0702487806559,720,True
2023-07-01,93.47719087811296,744,True
2023-08-01,99.29240049253167,744,True
2023-09-01,102.38116641037044,720,True
2023-10-01,107.44701988155512,744,True
2023-11-01,109.21610250388422,720,True
2023-12-01,112.56918239261219,744,True
2024-01-01,110.23797522384399,744,True
2024-02-01,106.22271006397767,696,True
2024-03-01,114.94475150147784,744,True
2024-04-01,107.77202861735827,720,True
2024-05-01,107.99048755944312,744,True
2024-06-01,97.72048794542476,720,True
2024-07-01,99.93781618525912,744,True
2024-08-01,102.48988924950748,744,True
2024-09-01,108.41642221623121,720,True
2024-10-01,110.108895617974,744,True
2024-11-01,104.12028990206453,720,True
2024-12-01,108.998453161456,744,True
2025-01-01,113.927951199065,744,True
2025-02-01,112.40021526213911,672,True
2025-03-01,118.39406112383516,744,True
2025-04-01,104.46090029543629,720,True
2025-05-01,101.994632401151,744,True
2025-06-01,96.82306346067769,720,True
2025-07-01,98.34023478828644,744,True
2025-08-01,100.33998737528334,744,True
2025-09-01,101.05761198273984,720,True
2025-10-01,106.2830987346522,744,True
2025-11-01,103.53227439846586,720,True
2025-12-01,111.33547651213219,744,True
2026-01-01,112.27485062829903,744,True
2026-02-01,105.54108580061266,672,True
2026-03-01,113.59079685047332,744,True
2026-04-01,105.7916781076591,720,True
2026-05-01,103.37044005266351,744,True
2026-06-01,95.90222405678061,720,True
2026-07-01,99.6905048975203,744,True
2026-08-01,106.44247853812895,744,True
2026-09-01,104.97916591045544,720,True
2026-10-01,28.85470974665123,192,False
