mes,pld_rs_mwh,fonte,piso_rs_mwh,teto_estrutural_rs_mwh,limites_assumidos
2002-01-01,297.050322580647,semanal,,,
2002-02-01,43.857444279345515,semanal,,,
2002-03-01,9.765806451612963,semanal,,,
2002-04-01,14.5936666666666,semanal,,,
2002-05-01,19.78817204301061,semanal,,,
2002-06-01,13.48255555555557,semanal,,,
2002-07-01,16.69376344086019,semanal,,,
2002-08-01,11.364086021505305,semanal,,,
2002-09-01,5.8556666666665835,semanal,,,
2002-10-01,4.869247311827952,semanal,,,
2002-11-01,6.487334260547043,semanal,,,
2002-12-01,5.057311827957024,semanal,,,
2003-01-01,4.055698924731162,semanal,,,
2003-02-01,4.0,semanal,,,
2003-03-01,4.0,semanal,,,
2003-04-01,5.480000000000016,semanal,,,
2003-05-01,7.329677419354886,semanal,,,
2003-06-01,11.27622222222233,semanal,,,
2003-07-01,13.24204301075281,semanal,,,
2003-08-01,17.14655913978506,semanal,,,
2003-09-01,18.397444444444304,semanal,,,
2003-10-01,25.922646926873288,semanal,,,
2003-11-01,28.163777777777888,semanal,,,
2003-12-01,20.20505376344092,semanal,,,
2004-01-01,23.68430107526887,semanal,,,
2004-02-01,18.590000000000117,semanal,,,
2004-03-01,18.590000000000117,semanal,,,
2004-04-01,18.590000000000117,semanal,,,
2004-05-01,18.590000000000117,semanal,,,
2004-06-01,18.590000000000117,semanal,,,
2004-07-01,18.590000000000117,semanal,,,
2004-08-01,18.590000000000117,semanal,,,
2004-09-01,18.590000000000117,semanal,,,
2004-10-01,18.764623655914125,semanal,,,
2004-11-01,18.590000000000117,semanal,,,
2004-12-01,18.590000000000117,semanal,,,
2005-01-01,18.329999999999934,semanal,,,
2005-02-01,18.329999999999934,semanal,,,
2005-03-01,18.329999999999934,semanal,,,
2005-04-01,25.013444444444367,semanal,,,
2005-05-01,44.03301075268789,semanal,,,
2005-06-01,26.533888888888907,semanal,,,
2005-07-01,31.907096774193086,semanal,,,
2005-08-01,34.68451612903193,semanal,,,
2005-09-01,32.1982222222221,semanal,,,
2005-10-01,43.69522207267839,semanal,,,
2005-11-01,36.03555555555553,semanal,,,
2005-12-01,19.205161290322515,semanal,,,
2006-01-01,28.680967741935323,semanal,,,
2006-02-01,58.2899653293715,semanal,,,
2006-03-01,28.709032258064326,semanal,,,
2006-04-01,21.00822222222217,semanal,,,
2006-05-01,52.092688172043296,semanal,,,
2006-06-01,68.16566666666614,semanal,,,
2006-07-01,91.19677419354947,semanal,,,
2006-08-01,105.69677419354832,semanal,,,
2006-09-01,124.72422222222197,semanal,,,
2006-10-01,92.72182795699028,semanal,,,
2006-11-01,80.88020862308767,semanal,,,
2006-12-01,58.93064516129107,semanal,,,
2007-01-01,22.68193548387098,semanal,,,
2007-02-01,17.590000000000114,semanal,,,
2007-03-01,17.590000000000117,semanal,,,
2007-04-01,49.52444444444414,semanal,,,
2007-05-01,60.15311827956984,semanal,,,
2007-06-01,97.55711111111093,semanal,,,
2007-07-01,123.02365591397817,semanal,,,
2007-08-01,39.56720430107579,semanal,,,
2007-09-01,150.04677777777644,semanal,,,
2007-10-01,198.4077433826837,semanal,,,
2007-11-01,185.23544444444363,semanal,,,
2007-12-01,204.930967741934,semanal,,,
2008-01-01,502.57225806452146,semanal,,,
2008-02-01,200.74334768053524,semanal,,,
2008-03-01,125.72978494623817,semanal,,,
2008-04-01,70.22888888888943,semanal,,,
2008-05-01,34.339139784946006,semanal,,,
2008-06-01,76.42388888888772,semanal,,,
2008-07-01,108.64462365591436,semanal,,,
2008-08-01,103.32548387096845,semanal,,,
2008-09-01,110.71833333333403,semanal,,,
2008-10-01,92.6629609690442,semanal,,,
2008-11-01,106.35822222222299,semanal,,,
2008-12-01,97.0362365591395,semanal,,,
2009-01-01,83.69322580645091,semanal,,,
2009-02-01,52.47823675086703,semanal,,,
2009-03-01,91.33537634408651,semanal,,,
2009-04-01,48.14299999999998,semanal,,,
2009-05-01,39.238172043010486,semanal,,,
2009-06-01,40.956111111111184,semanal,,,
2009-07-01,30.516021505376806,semanal,,,
2009-08-01,16.309999999999953,semanal,,,
2009-09-01,16.309999999999967,semanal,,,
2009-10-01,16.309999999999953,semanal,,,
2009-11-01,16.309999999999967,semanal,,,
2009-12-01,16.309999999999953,semanal,,,
2010-01-01,12.913225806451614,semanal,,,
2010-02-01,13.977057949480056,semanal,,,
2010-03-01,27.461290322580645,semanal,,,
2010-04-01,21.69766666666691,semanal,,,
2010-05-01,32.63096774193554,semanal,,,
2010-06-01,67.95522222222235,semanal,,,
2010-07-01,90.55247311827823,semanal,,,
2010-08-01,117.35655913978533,semanal,,,
2010-09-01,133.67222222222247,semanal,,,
2010-10-01,138.91108120233133,semanal,,,
2010-11-01,116.9492222222235,semanal,,,
2010-12-01,71.96795698924865,semanal,,,
2011-01-01,28.42720430107548,semanal,,,
2011-02-01,49.81515106488362,semanal,,,
2011-03-01,23.516881720430437,semanal,,,
2011-04-01,12.198111111111043,semanal,,,
2011-05-01,17.43978494623647,semanal,,,
2011-06-01,31.96444444444432,semanal,,,
2011-07-01,23.2444086021505,semanal,,,
2011-08-01,19.767204301075306,semanal,,,
2011-09-01,21.386777777777784,semanal,,,
2011-10-01,37.30052041274062,semanal,,,
2011-11-01,45.69688888888865,semanal,,,
2011-12-01,44.52569892473116,semanal,,,
2012-01-01,23.230860215054193,semanal,,,
2012-02-01,50.76693448110903,semanal,,,
2012-03-01,125.22225806451428,semanal,,,
2012-04-01,194.06144444444124,semanal,,,
2012-05-01,181.17376344086034,semanal,,,
2012-06-01,119.05366666666669,semanal,,,
2012-07-01,91.72677419354913,semanal,,,
2012-08-01,119.64516129032437,semanal,,,
2012-09-01,183.69722222222376,semanal,,,
2012-10-01,281.0452714221656,semanal,,,
2012-11-01,375.74877777777994,semanal,,,
2012-12-01,260.36430107527127,semanal,,,
2013-01-01,414.32258064517043,semanal,,,
2013-02-01,214.8941010401209,semanal,,,
2013-03-01,340.0507526881728,semanal,,,
2013-04-01,196.5957777777779,semanal,,,
2013-05-01,345.79967741935883,semanal,,,
2013-06-01,208.31022222222157,semanal,,,
2013-07-01,121.72989247311698,semanal,,,
2013-08-01,164.0719354838683,semanal,,,
2013-09-01,267.42011111111515,semanal,,,
2013-10-01,262.3357469717377,semanal,,,
2013-11-01,331.8153333333312,semanal,,,
2013-12-01,290.96526881720877,semanal,,,
2014-01-01,378.366236559137,semanal,,,
2014-02-01,822.8300000000029,semanal,,,
2014-03-01,822.8299999999986,semanal,,,
2014-04-01,822.8299999999999,semanal,,,
2014-05-01,807.7619354838777,semanal,,,
2014-06-01,419.33844444444605,semanal,,,
2014-07-01,594.7201075268856,semanal,,,
2014-08-01,710.6021505376395,semanal,,,
2014-09-01,729.9157777777812,semanal,,,
2014-10-01,777.9666890982535,semanal,,,
2014-11-01,804.5602222222244,semanal,,,
2014-12-01,601.3783870967692,semanal,,,
2015-01-01,388.4800000000024,semanal,,,
2015-02-01,388.48000000000457,semanal,,,
2015-03-01,388.4800000000024,semanal,,,
2015-04-01,388.48000000000314,semanal,,,
2015-05-01,387.4653763440911,semanal,,,
2015-06-01,373.93444444443963,semanal,,,
2015-07-01,242.03784946236473,semanal,,,
2015-08-01,145.40913978494632,semanal,,,
2015-09-01,227.81288888889023,semanal,,,
2015-10-01,213.5164019739822,semanal,,,
2015-11-01,204.73466666666872,semanal,,,
2015-12-01,116.80645161290232,semanal,,,
2016-01-01,35.80247311827972,semanal,,,
2016-02-01,30.456599713055954,semanal,,,
2016-03-01,37.8292473118276,semanal,,,
2016-04-01,49.9246666666668,semanal,,,
2016-05-01,76.77860215053771,semanal,,,
2016-06-01,62.1675555555559,semanal,,,
2016-07-01,84.32505376344014,semanal,,,
2016-08-01,116.67419354838728,semanal,,,
2016-09-01,150.40944444444307,semanal,,,
2016-10-01,200.6853611484958,semanal,,,
2016-11-01,166.32766666666672,semanal,,,
2016-12-01,122.2375268817188,semanal,,,
2017-01-01,121.55333333333355,semanal,,,
2017-02-01,128.5954432887559,semanal,,,
2017-03-01,216.42322580645092,semanal,,,
2017-04-01,372.46922222222355,semanal,,,
2017-05-01,413.5607526881708,semanal,,,
2017-06-01,129.3218888888885,semanal,,,
2017-07-01,281.13365591397553,semanal,,,
2017-08-01,506.23322580644515,semanal,,,
2017-09-01,522.087111111116,semanal,,,
2017-10-01,533.8200000000057,semanal,,,
2017-11-01,425.68722222221663,semanal,,,
2017-12-01,235.20731182795797,semanal,,,
2018-01-01,180.4005376344085,semanal,,,
2018-02-01,189.12841505695886,semanal,,,
2018-03-01,219.57516129032163,semanal,,,
2018-04-01,110.15844444444485,semanal,,,
2018-05-01,326.93258064516436,semanal,,,
2018-06-01,473.55766666666113,semanal,,,
2018-07-01,505.17999999999427,semanal,,,
2018-08-01,505.17999999999427,semanal,,,
2018-09-01,473.6533333333316,semanal,,,
2018-10-01,272.0708602150523,semanal,,,
2018-11-01,124.09770978210355,semanal,,,
2018-12-01,79.24354838709624,semanal,,,
2019-01-01,193.13935483871077,semanal,,,
2019-02-01,445.64724616146066,semanal,,,
2019-03-01,236.3037634408615,semanal,,,
2019-04-01,181.5709999999988,semanal,,,
2019-05-01,136.1732258064525,semanal,,,
2019-06-01,78.78933333333353,semanal,,,
2019-07-01,186.08709677419364,semanal,,,
2019-08-01,238.2916129032285,semanal,,,
2019-09-01,220.71733333333364,semanal,,,
2019-10-01,275.0016129032253,semanal,,,
2019-11-01,318.4384444444461,semanal,,,
2019-12-01,227.8777419354825,semanal,,,
2020-01-01,328.77236559140215,semanal,,,
2020-02-01,155.4780459770109,semanal,,,
2020-03-01,82.55655913978437,semanal,,,
2020-04-01,39.680000000000234,semanal,,,
2020-05-01,75.05591397849528,semanal,,,
2020-06-01,115.47555555555616,semanal,,,
2020-07-01,89.20096774193658,semanal,,,
2020-08-01,85.42204301075147,semanal,,,
2020-09-01,101.39888888888801,semanal,,,
2020-10-01,290.8916129032257,semanal,,,
2020-11-01,503.8213333333305,semanal,,,
2020-12-01,268.6621505376315,semanal,,,
2021-01-01,244.59541583536566,ponderado,49.77,583.88,False
2021-02-01,168.61797119564525,ponderado,49.77,583.88,False
2021-03-01,111.5780279379776,ponderado,49.77,583.88,False
2021-04-01,137.00496114510085,ponderado,49.77,583.88,False
2021-05-01,229.54474959297565,ponderado,49.77,583.88,False
2021-06-01,340.62613026146204,ponderado,49.77,583.88,False
2021-07-01,589.9821400193836,ponderado,49.77,583.88,False
2021-08-01,584.7022594825298,ponderado,49.77,583.88,False
2021-09-01,578.7167178132703,ponderado,49.77,583.88,False
2021-10-01,254.64459881601644,ponderado,49.77,583.88,False
2021-11-01,88.63299341112803,ponderado,49.77,583.88,False
2021-12-01,67.05126906416474,ponderado,49.77,583.88,False
2022-01-01,64.02437128796424,ponderado,55.7,646.58,False
2022-02-01,55.700000000000095,ponderado,55.7,646.58,False
2022-03-01,55.6999999999999,ponderado,55.7,646.58,False
2022-04-01,55.70000000000027,ponderado,55.7,646.58,False
2022-05-01,55.70000000000008,ponderado,55.7,646.58,False
2022-06-01,55.71898255845775,ponderado,55.7,646.58,False
2022-07-01,66.56401758453723,ponderado,55.7,646.58,False
2022-08-01,78.00133589541996,ponderado,55.7,646.58,False
2022-09-01,56.10620591456978,ponderado,55.7,646.58,False
2022-10-01,55.70000000000058,ponderado,55.7,646.58,False
2022-11-01,55.699999999999704,ponderado,55.7,646.58,False
2022-12-01,55.699999999999726,ponderado,55.7,646.58,False
2023-01-01,69.04000000000028,ponderado,69.04,684.73,False
2023-02-01,69.04000000000013,ponderado,69.04,684.73,False
2023-03-01,69.04000000000008,ponderado,69.04,684.73,False
2023-04-01,69.04000000000003,ponderado,69.04,684.73,False
2023-05-01,69.03999999999999,ponderado,69.04,684.73,False
2023-06-01,69.03999999999986,ponderado,69.04,684.73,False
2023-07-01,69.04000000000029,ponderado,69.04,684.73,False
2023-08-01,69.04000000000056,ponderado,69.04,684.73,False
2023-09-01,84.10078028411881,ponderado,69.04,684.73,False
2023-10-01,77.00155456857446,ponderado,69.04,684.73,False
2023-11-01,89.38754724811358,ponderado,69.04,684.73,False
2023-12-01,75.41726163214248,ponderado,69.04,684.73,False
2024-01-01,61.09888249569787,ponderado,61.07,716.8,False
2024-02-01,61.266580020216914,ponderado,61.07,716.8,False
2024-03-01,61.070000000000285,ponderado,61.07,716.8,False
2024-04-01,61.07000000000016,ponderado,61.07,716.8,False
2024-05-01,61.06999999999985,ponderado,61.07,716.8,False
2024-06-01,67.10835472203068,ponderado,61.07,716.8,False
2024-07-01,88.33104744714183,ponderado,61.07,716.8,False
2024-08-01,121.07416845712156,ponderado,61.07,716.8,False
2024-09-01,307.83644942375196,ponderado,61.07,716.8,False
2024-10-01,487.0880843996702,ponderado,61.07,716.8,False
2024-11-01,112.64695926162484,ponderado,61.07,716.8,False
2024-12-01,65.72636176347109,ponderado,61.07,716.8,False
2025-01-01,59.358971687075886,ponderado,58.6,751.73,False
2025-02-01,94.21285785258118,ponderado,58.6,751.73,False
2025-03-01,318.24723985665366,ponderado,58.6,751.73,False
2025-04-01,200.62089056353136,ponderado,58.6,751.73,False
2025-05-01,211.37419924449932,ponderado,58.6,751.73,False
2025-06-01,226.88786507749197,ponderado,58.6,751.73,False
2025-07-01,206.9414448120303,ponderado,58.6,751.73,False
2025-08-01,275.39318696565294,ponderado,58.6,751.73,False
2025-09-01,249.20120893851342,ponderado,58.6,751.73,False
2025-10-01,241.42649224253492,ponderado,58.6,751.73,False
2025-11-01,268.6567655965308,ponderado,58.6,751.73,False
2025-12-01,263.25718495335815,ponderado,58.6,751.73,False
2026-01-01,243.58617734692618,ponderado,57.31,785.27,False
2026-02-01,370.97497932791623,ponderado,57.31,785.27,False
2026-03-01,280.95352034591195,ponderado,57.31,785.27,False
2026-04-01,203.3164283188333,ponderado,57.31,785.27,False
2026-05-01,208.84924439208677,ponderado,57.31,785.27,False
2026-06-01,179.97506702014132,ponderado,57.31,785.27,False
2026-07-01,133.325135508701,ponderado,57.31,785.27,False
2026-08-01,127.49992566376797,ponderado,57.31,785.27,False
2026-09-01,131.91332367113446,ponderado,57.31,785.27,False
