sens_id,quando_utc,head,preregistro,config_hash,execucao_id,muda
caso_base,2026-10-10T04:02:41Z,463d4317b7758572cd06b4bc2487d3bbc64bf56e,02990fdf26529b59bd0aec5883f7ca7e9e2443d0,66b79bc5f5a8e996,51cf99b073fe,{}
f00,2026-10-10T04:51:05Z,67a879d332c533ba540a3540d67de66e4ab75ff0,4c02987d0270dd91639cdc410d801fe550710af9,ddefad3f21496073,51cf99b073fe,"{""f"": [0.1, 0.0]}"
f05,2026-10-10T04:51:06Z,67a879d332c533ba540a3540d67de66e4ab75ff0,4c02987d0270dd91639cdc410d801fe550710af9,9ceee549c90520d5,51cf99b073fe,"{""f"": [0.1, 0.05]}"
f15,2026-10-10T04:51:06Z,67a879d332c533ba540a3540d67de66e4ab75ff0,4c02987d0270dd91639cdc410d801fe550710af9,835bb093d47f1496,51cf99b073fe,"{""f"": [0.1, 0.15]}"
spread00,2026-10-10T04:51:07Z,67a879d332c533ba540a3540d67de66e4ab75ff0,4c02987d0270dd91639cdc410d801fe550710af9,d4798d06008b82ba,51cf99b073fe,"{""spread"": [20.0, 0.0]}"
spread40,2026-10-10T04:51:07Z,67a879d332c533ba540a3540d67de66e4ab75ff0,4c02987d0270dd91639cdc410d801fe550710af9,66d16fcc1d588567,51cf99b073fe,"{""spread"": [20.0, 40.0]}"
lam00,2026-10-10T04:51:08Z,67a879d332c533ba540a3540d67de66e4ab75ff0,4c02987d0270dd91639cdc410d801fe550710af9,8f71a75c6e2f7ce8,51cf99b073fe,"{""lambda"": [0.5, 0.0]}"
lam10,2026-10-10T04:51:08Z,67a879d332c533ba540a3540d67de66e4ab75ff0,4c02987d0270dd91639cdc410d801fe550710af9,2401460842fc930c,51cf99b073fe,"{""lambda"": [0.5, 1.0]}"
alfa90,2026-10-10T04:51:09Z,67a879d332c533ba540a3540d67de66e4ab75ff0,4c02987d0270dd91639cdc410d801fe550710af9,af3cfb4cb8c181c0,51cf99b073fe,"{""alfa"": [0.95, 0.9]}"
rmax120,2026-10-10T04:51:10Z,67a879d332c533ba540a3540d67de66e4ab75ff0,4c02987d0270dd91639cdc410d801fe550710af9,bbf0d691259035a9,51cf99b073fe,"{""r_max"": [null, 1.2]}"
pldsimples,2026-10-10T04:51:10Z,67a879d332c533ba540a3540d67de66e4ab75ff0,4c02987d0270dd91639cdc410d801fe550710af9,091d7cab3e17cc7f,51cf99b073fe,"{""metodo_pld"": [""blocos"", ""simples""]}"
disp125,2026-10-10T04:51:10Z,67a879d332c533ba540a3540d67de66e4ab75ff0,4c02987d0270dd91639cdc410d801fe550710af9,9824a61bec264157,ca6a9e9ea675,"{""dispersao"": [1.0, 1.25]}"
disp150,2026-10-10T04:51:11Z,67a879d332c533ba540a3540d67de66e4ab75ff0,4c02987d0270dd91639cdc410d801fe550710af9,964bcaf83f6af31f,2029324f71e0,"{""dispersao"": [1.0, 1.5]}"
clip,2026-10-10T04:51:11Z,67a879d332c533ba540a3540d67de66e4ab75ff0,4c02987d0270dd91639cdc410d801fe550710af9,57347d2b6a2cf902,940fe0ee07da,"{""transformacao_pld"": [""deslocamento"", ""clip""]}"
