origem,horizonte,mes_alvo,previsao_mwmed,p025_mwmed,p10_mwmed,p50_mwmed,p90_mwmed,p975_mwmed,calibracao,n_erros_calibracao,serie,gerado_em
2026-09-01,1,2026-10-01,44921.39739436149,42805.30104087224,43430.43036533179,44820.05110510402,46543.51494105075,48297.68719941935,desenvolvimento+teste_final,1806,carga_ajustada_reconstruida_mwmed,2026-10-08T03:59:21Z
2026-09-01,2,2026-11-01,44874.79290013476,42258.90134996162,43271.25158294555,44856.823472129705,46600.80922461827,48552.80107090158,desenvolvimento+teste_final,1806,carga_ajustada_reconstruida_mwmed,2026-10-08T03:59:21Z
2026-09-01,3,2026-12-01,45630.285787199675,42643.96530272335,43852.106010555886,45547.71893896233,47766.936741388985,49407.03493836566,desenvolvimento+teste_final,1806,carga_ajustada_reconstruida_mwmed,2026-10-08T03:59:21Z
2026-09-01,4,2027-01-01,46656.692167586734,43643.01383500144,44728.17985330143,46591.23965088595,48968.56805398789,50913.44610002603,desenvolvimento+teste_final,1806,carga_ajustada_reconstruida_mwmed,2026-10-08T03:59:21Z
2026-09-01,5,2027-02-01,49160.38621847163,46055.34778787119,47062.526597007854,49122.88574987645,51758.7444891622,53392.98838735231,desenvolvimento+teste_final,1806,carga_ajustada_reconstruida_mwmed,2026-10-08T03:59:21Z
2026-09-01,6,2027-03-01,48478.36238124344,45139.445153614935,46374.43651659207,48500.49860986536,50817.859227155364,52374.93911067896,desenvolvimento+teste_final,1806,carga_ajustada_reconstruida_mwmed,2026-10-08T03:59:21Z
2026-09-01,7,2027-04-01,45306.74701844587,42183.300008158556,43142.75155916795,45330.93933569942,47917.13635184792,49218.76486032084,desenvolvimento+teste_final,1806,carga_ajustada_reconstruida_mwmed,2026-10-08T03:59:21Z
2026-09-01,8,2027-05-01,43186.05479054392,40580.64292084471,41155.7910053237,43127.931725918446,45714.097757990916,47063.738238452155,desenvolvimento+teste_final,1806,carga_ajustada_reconstruida_mwmed,2026-10-08T03:59:21Z
2026-09-01,9,2027-06-01,41738.204551431336,39108.565223073754,39933.34555317645,41664.3524795436,44237.85075372976,45584.26001108793,desenvolvimento+teste_final,1806,carga_ajustada_reconstruida_mwmed,2026-10-08T03:59:21Z
2026-09-01,10,2027-07-01,41418.849802282966,38745.5504327199,39665.9328630372,41279.08880767044,43808.060648544524,45158.46246283549,desenvolvimento+teste_final,1806,carga_ajustada_reconstruida_mwmed,2026-10-08T03:59:21Z
2026-09-01,11,2027-08-01,43006.74403317413,40318.030972957116,40997.61104286741,42969.69106424203,45589.31945707999,47094.92912033312,desenvolvimento+teste_final,1806,carga_ajustada_reconstruida_mwmed,2026-10-08T03:59:21Z
2026-09-01,12,2027-09-01,44835.645135192346,41815.65344736142,42961.33804036058,44835.1174394318,47460.847680990824,48824.520423713046,desenvolvimento+teste_final,1806,carga_ajustada_reconstruida_mwmed,2026-10-08T03:59:21Z
