sens_id,origem,estrategia,tipo,ano_contrato,janela_inicio,janela_fim,v_mwm,razao_v_pontual,preco_contrato_rs_mwh,banda_f,spread_rs_mwh,lambda,alfa,custo_esperado_rs,cvar_rs,objetivo_j_rs,custo_realizado_rs,descoberto_mwh,sobrando_mwh,meses_fora_da_faixa,pit_custo_realizado,execucao_id,limites_assumidos,config_hash,preregistro,commit,codigo_hash,gerado_em
alfa90,2020-12-01,ingenua,backtest,2021.0,2021-01-01,2021-12-01,0.127339,0.965554,198.026084,0.1,20.0,0.5,0.9,227591.211677,234341.24637,344761.834862,227692.52234,0.226632,0.0,1.0,0.48,51cf99b073fe,False,af3cfb4cb8c181c0,4c02987d0270dd91639cdc410d801fe550710af9,ced97055ae21d929689dbdfc98ccb246bbc40805,7e5738fdbe68,2026-10-10T05:10:34Z
alfa90,2020-12-01,otimizada,backtest,2021.0,2021-01-01,2021-12-01,0.126487,0.959091,198.026084,0.1,20.0,0.5,0.9,227566.434044,234389.700635,344761.2843615,227622.641059,1.249846,0.0,2.0,0.479,51cf99b073fe,False,af3cfb4cb8c181c0,4c02987d0270dd91639cdc410d801fe550710af9,ced97055ae21d929689dbdfc98ccb246bbc40805,7e5738fdbe68,2026-10-10T05:10:34Z
alfa90,2020-12-01,pontual,backtest,2021.0,2021-01-01,2021-12-01,0.131882,1.0,198.026084,0.1,20.0,0.5,0.9,227676.162688,234276.367342,344814.346359,227712.114257,0.0,0.0,0.0,0.4755,51cf99b073fe,False,af3cfb4cb8c181c0,4c02987d0270dd91639cdc410d801fe550710af9,ced97055ae21d929689dbdfc98ccb246bbc40805,7e5738fdbe68,2026-10-10T05:10:34Z
alfa90,2021-12-01,ingenua,backtest,2022.0,2022-01-01,2022-12-01,0.131268,0.990433,300.497643,0.1,20.0,0.5,0.9,347414.733697,357225.727616,526027.597505,349774.306038,2.939722,0.0,1.0,0.575,51cf99b073fe,False,af3cfb4cb8c181c0,4c02987d0270dd91639cdc410d801fe550710af9,ced97055ae21d929689dbdfc98ccb246bbc40805,7e5738fdbe68,2026-10-10T05:10:34Z
alfa90,2021-12-01,otimizada,backtest,2022.0,2022-01-01,2022-12-01,0.120487,0.909091,300.497643,0.1,20.0,0.5,0.9,344977.608819,357235.4523,523595.334969,344185.092869,25.901232,0.0,5.0,0.4255,51cf99b073fe,False,af3cfb4cb8c181c0,4c02987d0270dd91639cdc410d801fe550710af9,ced97055ae21d929689dbdfc98ccb246bbc40805,7e5738fdbe68,2026-10-10T05:10:34Z
alfa90,2021-12-01,pontual,backtest,2022.0,2022-01-01,2022-12-01,0.132536,1.0,300.497643,0.1,20.0,0.5,0.9,347485.009112,357281.030577,526125.5244005,350028.331986,1.902025,0.0,1.0,0.576,51cf99b073fe,False,af3cfb4cb8c181c0,4c02987d0270dd91639cdc410d801fe550710af9,ced97055ae21d929689dbdfc98ccb246bbc40805,7e5738fdbe68,2026-10-10T05:10:34Z
alfa90,2022-12-01,ingenua,backtest,2023.0,2023-01-01,2023-12-01,0.133148,0.996007,79.047039,0.1,20.0,0.5,0.9,92275.313999,95414.406915,139982.5174565,96245.219508,7.946927,0.0,3.0,0.9885,51cf99b073fe,False,af3cfb4cb8c181c0,4c02987d0270dd91639cdc410d801fe550710af9,ced97055ae21d929689dbdfc98ccb246bbc40805,7e5738fdbe68,2026-10-10T05:10:34Z
alfa90,2022-12-01,otimizada,backtest,2023.0,2023-01-01,2023-12-01,0.148536,1.111111,79.047039,0.1,20.0,0.5,0.9,88658.472219,94371.052657,135843.9985475,96362.946027,0.0,13.762903,4.0,1.0,51cf99b073fe,False,af3cfb4cb8c181c0,4c02987d0270dd91639cdc410d801fe550710af9,ced97055ae21d929689dbdfc98ccb246bbc40805,7e5738fdbe68,2026-10-10T05:10:34Z
alfa90,2022-12-01,pontual,backtest,2023.0,2023-01-01,2023-12-01,0.133682,1.0,79.047039,0.1,20.0,0.5,0.9,92245.790722,95333.763674,139912.672559,96246.805318,6.650387,0.0,3.0,0.9905,51cf99b073fe,False,af3cfb4cb8c181c0,4c02987d0270dd91639cdc410d801fe550710af9,ced97055ae21d929689dbdfc98ccb246bbc40805,7e5738fdbe68,2026-10-10T05:10:34Z
alfa90,2023-12-01,ingenua,backtest,2024.0,2024-01-01,2024-12-01,0.138963,0.943362,92.156061,0.1,20.0,0.5,0.9,119723.116899,126330.507408,182888.370603,117826.08923,1.217427,0.0,1.0,0.2415,51cf99b073fe,False,af3cfb4cb8c181c0,4c02987d0270dd91639cdc410d801fe550710af9,ced97055ae21d929689dbdfc98ccb246bbc40805,7e5738fdbe68,2026-10-10T05:10:34Z
alfa90,2023-12-01,otimizada,backtest,2024.0,2024-01-01,2024-12-01,0.163674,1.111111,92.156061,0.1,20.0,0.5,0.9,115908.55121,121923.581837,176870.3421285,117930.218684,0.0,29.24671,6.0,0.5095,51cf99b073fe,False,af3cfb4cb8c181c0,4c02987d0270dd91639cdc410d801fe550710af9,ced97055ae21d929689dbdfc98ccb246bbc40805,7e5738fdbe68,2026-10-10T05:10:34Z
alfa90,2023-12-01,pontual,backtest,2024.0,2024-01-01,2024-12-01,0.147306,1.0,92.156061,0.1,20.0,0.5,0.9,118873.864511,122770.424882,180259.076952,117863.934239,0.0,0.0,0.0,0.2935,51cf99b073fe,False,af3cfb4cb8c181c0,4c02987d0270dd91639cdc410d801fe550710af9,ced97055ae21d929689dbdfc98ccb246bbc40805,7e5738fdbe68,2026-10-10T05:10:34Z
alfa90,2024-12-01,ingenua,backtest,2025.0,2025-01-01,2025-12-01,0.145601,0.997073,148.164976,0.1,20.0,0.5,0.9,190195.901692,201686.641743,291039.2225635,187747.531056,4.77187,0.0,1.0,0.2965,51cf99b073fe,False,af3cfb4cb8c181c0,4c02987d0270dd91639cdc410d801fe550710af9,ced97055ae21d929689dbdfc98ccb246bbc40805,7e5738fdbe68,2026-10-10T05:10:34Z
alfa90,2024-12-01,otimizada,backtest,2025.0,2025-01-01,2025-12-01,0.162254,1.111111,148.164976,0.1,20.0,0.5,0.9,189321.463008,201186.812333,289914.8691745,184405.198315,0.0,42.311557,8.0,0.173,51cf99b073fe,False,af3cfb4cb8c181c0,4c02987d0270dd91639cdc410d801fe550710af9,ced97055ae21d929689dbdfc98ccb246bbc40805,7e5738fdbe68,2026-10-10T05:10:34Z
alfa90,2024-12-01,pontual,backtest,2025.0,2025-01-01,2025-12-01,0.146029,1.0,148.164976,0.1,20.0,0.5,0.9,190188.302184,201644.156207,291010.3802875,187764.578877,4.455889,0.0,1.0,0.2965,51cf99b073fe,False,af3cfb4cb8c181c0,4c02987d0270dd91639cdc410d801fe550710af9,ced97055ae21d929689dbdfc98ccb246bbc40805,7e5738fdbe68,2026-10-10T05:10:34Z
caso_base,2020-12-01,ingenua,backtest,2021.0,2021-01-01,2021-12-01,0.127339,0.965554,198.026084,0.1,20.0,0.5,0.95,227591.211677,235044.544808,345113.48408100003,227692.52234,0.226632,0.0,1.0,0.48,51cf99b073fe,False,66b79bc5f5a8e996,02990fdf26529b59bd0aec5883f7ca7e9e2443d0,ced97055ae21d929689dbdfc98ccb246bbc40805,7e5738fdbe68,2026-10-10T05:10:34Z
caso_base,2020-12-01,otimizada,backtest,2021.0,2021-01-01,2021-12-01,0.129784,0.984091,198.026084,0.1,20.0,0.5,0.95,227641.268586,234842.737916,345062.637544,227712.114257,0.0,0.0,0.0,0.476,51cf99b073fe,False,66b79bc5f5a8e996,02990fdf26529b59bd0aec5883f7ca7e9e2443d0,ced97055ae21d929689dbdfc98ccb246bbc40805,7e5738fdbe68,2026-10-10T05:10:34Z
caso_base,2020-12-01,pontual,backtest,2021.0,2021-01-01,2021-12-01,0.131882,1.0,198.026084,0.1,20.0,0.5,0.95,227676.162688,234811.418718,345081.872047,227712.114257,0.0,0.0,0.0,0.4755,51cf99b073fe,False,66b79bc5f5a8e996,02990fdf26529b59bd0aec5883f7ca7e9e2443d0,ced97055ae21d929689dbdfc98ccb246bbc40805,7e5738fdbe68,2026-10-10T05:10:34Z
caso_base,2021-12-01,ingenua,backtest,2022.0,2022-01-01,2022-12-01,0.131268,0.990433,300.497643,0.1,20.0,0.5,0.95,347414.733697,357976.592066,526403.0297300001,349774.306038,2.939722,0.0,1.0,0.575,51cf99b073fe,False,66b79bc5f5a8e996,02990fdf26529b59bd0aec5883f7ca7e9e2443d0,ced97055ae21d929689dbdfc98ccb246bbc40805,7e5738fdbe68,2026-10-10T05:10:34Z
caso_base,2021-12-01,otimizada,backtest,2022.0,2022-01-01,2022-12-01,0.120487,0.909091,300.497643,0.1,20.0,0.5,0.95,344977.608819,359952.998517,524954.1080775,344185.092869,25.901232,0.0,5.0,0.4255,51cf99b073fe,False,66b79bc5f5a8e996,02990fdf26529b59bd0aec5883f7ca7e9e2443d0,ced97055ae21d929689dbdfc98ccb246bbc40805,7e5738fdbe68,2026-10-10T05:10:34Z
caso_base,2021-12-01,pontual,backtest,2022.0,2022-01-01,2022-12-01,0.132536,1.0,300.497643,0.1,20.0,0.5,0.95,347485.009112,358029.44508,526499.731652,350028.331986,1.902025,0.0,1.0,0.576,51cf99b073fe,False,66b79bc5f5a8e996,02990fdf26529b59bd0aec5883f7ca7e9e2443d0,ced97055ae21d929689dbdfc98ccb246bbc40805,7e5738fdbe68,2026-10-10T05:10:34Z
caso_base,2022-12-01,ingenua,backtest,2023.0,2023-01-01,2023-12-01,0.133148,0.996007,79.047039,0.1,20.0,0.5,0.95,92275.313999,96024.755103,140287.6915505,96245.219508,7.946927,0.0,3.0,0.9885,51cf99b073fe,False,66b79bc5f5a8e996,02990fdf26529b59bd0aec5883f7ca7e9e2443d0,ced97055ae21d929689dbdfc98ccb246bbc40805,7e5738fdbe68,2026-10-10T05:10:34Z
caso_base,2022-12-01,otimizada,backtest,2023.0,2023-01-01,2023-12-01,0.148536,1.111111,79.047039,0.1,20.0,0.5,0.95,88658.472219,94703.485281,136010.2148595,96362.946027,0.0,13.762903,4.0,1.0,51cf99b073fe,False,66b79bc5f5a8e996,02990fdf26529b59bd0aec5883f7ca7e9e2443d0,ced97055ae21d929689dbdfc98ccb246bbc40805,7e5738fdbe68,2026-10-10T05:10:34Z
caso_base,2022-12-01,pontual,backtest,2023.0,2023-01-01,2023-12-01,0.133682,1.0,79.047039,0.1,20.0,0.5,0.95,92245.790722,95885.841796,140188.71162000002,96246.805318,6.650387,0.0,3.0,0.9905,51cf99b073fe,False,66b79bc5f5a8e996,02990fdf26529b59bd0aec5883f7ca7e9e2443d0,ced97055ae21d929689dbdfc98ccb246bbc40805,7e5738fdbe68,2026-10-10T05:10:34Z
caso_base,2023-12-01,ingenua,backtest,2024.0,2024-01-01,2024-12-01,0.138963,0.943362,92.156061,0.1,20.0,0.5,0.95,119723.116899,128543.363464,183994.79863099998,117826.08923,1.217427,0.0,1.0,0.2415,51cf99b073fe,False,66b79bc5f5a8e996,02990fdf26529b59bd0aec5883f7ca7e9e2443d0,ced97055ae21d929689dbdfc98ccb246bbc40805,7e5738fdbe68,2026-10-10T05:10:34Z
caso_base,2023-12-01,otimizada,backtest,2024.0,2024-01-01,2024-12-01,0.163674,1.111111,92.156061,0.1,20.0,0.5,0.95,115908.55121,122443.503142,177130.302781,117930.218684,0.0,29.24671,6.0,0.5095,51cf99b073fe,False,66b79bc5f5a8e996,02990fdf26529b59bd0aec5883f7ca7e9e2443d0,ced97055ae21d929689dbdfc98ccb246bbc40805,7e5738fdbe68,2026-10-10T05:10:34Z
caso_base,2023-12-01,pontual,backtest,2024.0,2024-01-01,2024-12-01,0.147306,1.0,92.156061,0.1,20.0,0.5,0.95,118873.864511,123538.719542,180643.224282,117863.934239,0.0,0.0,0.0,0.2935,51cf99b073fe,False,66b79bc5f5a8e996,02990fdf26529b59bd0aec5883f7ca7e9e2443d0,ced97055ae21d929689dbdfc98ccb246bbc40805,7e5738fdbe68,2026-10-10T05:10:34Z
caso_base,2024-12-01,ingenua,backtest,2025.0,2025-01-01,2025-12-01,0.145601,0.997073,148.164976,0.1,20.0,0.5,0.95,190195.901692,204146.321902,292269.06264300004,187747.531056,4.77187,0.0,1.0,0.2965,51cf99b073fe,False,66b79bc5f5a8e996,02990fdf26529b59bd0aec5883f7ca7e9e2443d0,ced97055ae21d929689dbdfc98ccb246bbc40805,7e5738fdbe68,2026-10-10T05:10:34Z
caso_base,2024-12-01,otimizada,backtest,2025.0,2025-01-01,2025-12-01,0.162254,1.111111,148.164976,0.1,20.0,0.5,0.95,189321.463008,203427.595675,291035.2608455,184405.198315,0.0,42.311557,8.0,0.173,51cf99b073fe,False,66b79bc5f5a8e996,02990fdf26529b59bd0aec5883f7ca7e9e2443d0,ced97055ae21d929689dbdfc98ccb246bbc40805,7e5738fdbe68,2026-10-10T05:10:34Z
caso_base,2024-12-01,pontual,backtest,2025.0,2025-01-01,2025-12-01,0.146029,1.0,148.164976,0.1,20.0,0.5,0.95,190188.302184,204071.769532,292224.18695,187764.578877,4.455889,0.0,1.0,0.2965,51cf99b073fe,False,66b79bc5f5a8e996,02990fdf26529b59bd0aec5883f7ca7e9e2443d0,ced97055ae21d929689dbdfc98ccb246bbc40805,7e5738fdbe68,2026-10-10T05:10:34Z
caso_base,2026-09-01,ingenua,previa,,2026-10-01,2027-09-01,0.14483255553599933,0.9846911009716818,246.89387899543377,0.1,20.0,0.5,0.95,318358.6918519449,339145.8048728074,487931.59428834857,,,,,,51cf99b073fe,True,66b79bc5f5a8e996,02990fdf26529b59bd0aec5883f7ca7e9e2443d0,f2f4f8a00b0f19f1fd699a910d955e5193f623c0,d5685d250b1b,2026-10-10T06:54:57Z
caso_base,2026-09-01,otimizada,previa,,2026-10-01,2027-09-01,0.1366546428175593,0.9290909090910001,246.89387899543377,0.1,20.0,0.5,0.95,317211.053341888,339010.8539329621,486716.48030836903,,,,,,51cf99b073fe,True,66b79bc5f5a8e996,02990fdf26529b59bd0aec5883f7ca7e9e2443d0,f2f4f8a00b0f19f1fd699a910d955e5193f623c0,d5685d250b1b,2026-10-10T06:54:57Z
caso_base,2026-09-01,pontual,previa,,2026-10-01,2027-09-01,0.14708425352182045,1.0,246.89387899543377,0.1,20.0,0.5,0.95,318528.92011651874,339640.93490179145,488349.38756741444,,,,,,51cf99b073fe,True,66b79bc5f5a8e996,02990fdf26529b59bd0aec5883f7ca7e9e2443d0,f2f4f8a00b0f19f1fd699a910d955e5193f623c0,d5685d250b1b,2026-10-10T06:54:57Z
clip,2020-12-01,ingenua,backtest,2021.0,2021-01-01,2021-12-01,0.127339,0.965554,198.026084,0.1,20.0,0.5,0.95,227545.18558,234898.542096,344994.456628,227692.52234,0.226632,0.0,1.0,0.483,940fe0ee07da,False,57347d2b6a2cf902,4c02987d0270dd91639cdc410d801fe550710af9,ced97055ae21d929689dbdfc98ccb246bbc40805,7e5738fdbe68,2026-10-10T05:10:34Z
clip,2020-12-01,otimizada,backtest,2021.0,2021-01-01,2021-12-01,0.128465,0.974091,198.026084,0.1,20.0,0.5,0.95,227586.422891,234803.025535,344987.9356585,227712.114257,0.0,0.0,0.0,0.4775,940fe0ee07da,False,57347d2b6a2cf902,4c02987d0270dd91639cdc410d801fe550710af9,ced97055ae21d929689dbdfc98ccb246bbc40805,7e5738fdbe68,2026-10-10T05:10:34Z
clip,2020-12-01,pontual,backtest,2021.0,2021-01-01,2021-12-01,0.131882,1.0,198.026084,0.1,20.0,0.5,0.95,227678.426768,234761.509411,345059.1814735,227712.114257,0.0,0.0,0.0,0.477,940fe0ee07da,False,57347d2b6a2cf902,4c02987d0270dd91639cdc410d801fe550710af9,ced97055ae21d929689dbdfc98ccb246bbc40805,7e5738fdbe68,2026-10-10T05:10:34Z
clip,2021-12-01,ingenua,backtest,2022.0,2022-01-01,2022-12-01,0.131268,0.990433,300.497643,0.1,20.0,0.5,0.95,347402.680047,357884.027549,526344.6938215,349774.306038,2.939722,0.0,1.0,0.575,940fe0ee07da,False,57347d2b6a2cf902,4c02987d0270dd91639cdc410d801fe550710af9,ced97055ae21d929689dbdfc98ccb246bbc40805,7e5738fdbe68,2026-10-10T05:10:34Z
clip,2021-12-01,otimizada,backtest,2022.0,2022-01-01,2022-12-01,0.120487,0.909091,300.497643,0.1,20.0,0.5,0.95,344571.285288,359274.679019,524208.6247975,344185.092869,25.901232,0.0,5.0,0.4475,940fe0ee07da,False,57347d2b6a2cf902,4c02987d0270dd91639cdc410d801fe550710af9,ced97055ae21d929689dbdfc98ccb246bbc40805,7e5738fdbe68,2026-10-10T05:10:34Z
clip,2021-12-01,pontual,backtest,2022.0,2022-01-01,2022-12-01,0.132536,1.0,300.497643,0.1,20.0,0.5,0.95,347485.011401,357967.711745,526468.8672735,350028.331986,1.902025,0.0,1.0,0.576,940fe0ee07da,False,57347d2b6a2cf902,4c02987d0270dd91639cdc410d801fe550710af9,ced97055ae21d929689dbdfc98ccb246bbc40805,7e5738fdbe68,2026-10-10T05:10:34Z
clip,2022-12-01,ingenua,backtest,2023.0,2023-01-01,2023-12-01,0.133148,0.996007,79.047039,0.1,20.0,0.5,0.95,92269.127307,95888.573559,140213.4140865,96245.219508,7.946927,0.0,3.0,0.99,940fe0ee07da,False,57347d2b6a2cf902,4c02987d0270dd91639cdc410d801fe550710af9,ced97055ae21d929689dbdfc98ccb246bbc40805,7e5738fdbe68,2026-10-10T05:10:34Z
clip,2022-12-01,otimizada,backtest,2023.0,2023-01-01,2023-12-01,0.148536,1.111111,79.047039,0.1,20.0,0.5,0.95,89454.133494,94884.909323,136896.5881555,96362.946027,0.0,13.762903,4.0,1.0,940fe0ee07da,False,57347d2b6a2cf902,4c02987d0270dd91639cdc410d801fe550710af9,ced97055ae21d929689dbdfc98ccb246bbc40805,7e5738fdbe68,2026-10-10T05:10:34Z
clip,2022-12-01,pontual,backtest,2023.0,2023-01-01,2023-12-01,0.133682,1.0,79.047039,0.1,20.0,0.5,0.95,92246.39705,95769.068913,140130.9315065,96246.805318,6.650387,0.0,3.0,0.9915,940fe0ee07da,False,57347d2b6a2cf902,4c02987d0270dd91639cdc410d801fe550710af9,ced97055ae21d929689dbdfc98ccb246bbc40805,7e5738fdbe68,2026-10-10T05:10:34Z
clip,2023-12-01,ingenua,backtest,2024.0,2024-01-01,2024-12-01,0.138963,0.943362,92.156061,0.1,20.0,0.5,0.95,119543.060256,128014.295862,183550.208187,117826.08923,1.217427,0.0,1.0,0.248,940fe0ee07da,False,57347d2b6a2cf902,4c02987d0270dd91639cdc410d801fe550710af9,ced97055ae21d929689dbdfc98ccb246bbc40805,7e5738fdbe68,2026-10-10T05:10:34Z
clip,2023-12-01,otimizada,backtest,2024.0,2024-01-01,2024-12-01,0.163674,1.111111,92.156061,0.1,20.0,0.5,0.95,116621.597764,122635.156064,177939.175796,117930.218684,0.0,29.24671,6.0,0.4255,940fe0ee07da,False,57347d2b6a2cf902,4c02987d0270dd91639cdc410d801fe550710af9,ced97055ae21d929689dbdfc98ccb246bbc40805,7e5738fdbe68,2026-10-10T05:10:34Z
clip,2023-12-01,pontual,backtest,2024.0,2024-01-01,2024-12-01,0.147306,1.0,92.156061,0.1,20.0,0.5,0.95,118878.129567,123397.645642,180576.952388,117863.934239,0.0,0.0,0.0,0.293,940fe0ee07da,False,57347d2b6a2cf902,4c02987d0270dd91639cdc410d801fe550710af9,ced97055ae21d929689dbdfc98ccb246bbc40805,7e5738fdbe68,2026-10-10T05:10:34Z
clip,2024-12-01,ingenua,backtest,2025.0,2025-01-01,2025-12-01,0.145601,0.997073,148.164976,0.1,20.0,0.5,0.95,190176.320297,203897.856762,292125.248678,187747.531056,4.77187,0.0,1.0,0.296,940fe0ee07da,False,57347d2b6a2cf902,4c02987d0270dd91639cdc410d801fe550710af9,ced97055ae21d929689dbdfc98ccb246bbc40805,7e5738fdbe68,2026-10-10T05:10:34Z
clip,2024-12-01,otimizada,backtest,2025.0,2025-01-01,2025-12-01,0.162254,1.111111,148.164976,0.1,20.0,0.5,0.95,189882.39024,203474.684696,291619.732588,184405.198315,0.0,42.311557,8.0,0.1535,940fe0ee07da,False,57347d2b6a2cf902,4c02987d0270dd91639cdc410d801fe550710af9,ced97055ae21d929689dbdfc98ccb246bbc40805,7e5738fdbe68,2026-10-10T05:10:34Z
clip,2024-12-01,pontual,backtest,2025.0,2025-01-01,2025-12-01,0.146029,1.0,148.164976,0.1,20.0,0.5,0.95,190174.531556,203852.507811,292100.7854615,187764.578877,4.455889,0.0,1.0,0.296,940fe0ee07da,False,57347d2b6a2cf902,4c02987d0270dd91639cdc410d801fe550710af9,ced97055ae21d929689dbdfc98ccb246bbc40805,7e5738fdbe68,2026-10-10T05:10:34Z
disp125,2020-12-01,ingenua,backtest,2021.0,2021-01-01,2021-12-01,0.127339,0.965554,198.026084,0.1,20.0,0.5,0.95,227604.963854,237190.647873,346200.2877905,227692.52234,0.226632,0.0,1.0,0.4795,ca6a9e9ea675,False,9824a61bec264157,4c02987d0270dd91639cdc410d801fe550710af9,ced97055ae21d929689dbdfc98ccb246bbc40805,7e5738fdbe68,2026-10-10T05:10:34Z
disp125,2020-12-01,otimizada,backtest,2021.0,2021-01-01,2021-12-01,0.131103,0.994091,198.026084,0.1,20.0,0.5,0.95,227708.25521,236718.96534,346067.73788000003,227712.114257,0.0,0.0,0.0,0.4745,ca6a9e9ea675,False,9824a61bec264157,4c02987d0270dd91639cdc410d801fe550710af9,ced97055ae21d929689dbdfc98ccb246bbc40805,7e5738fdbe68,2026-10-10T05:10:34Z
disp125,2020-12-01,pontual,backtest,2021.0,2021-01-01,2021-12-01,0.131882,1.0,198.026084,0.1,20.0,0.5,0.95,227726.246194,236694.235716,346073.364052,227712.114257,0.0,0.0,0.0,0.4765,ca6a9e9ea675,False,9824a61bec264157,4c02987d0270dd91639cdc410d801fe550710af9,ced97055ae21d929689dbdfc98ccb246bbc40805,7e5738fdbe68,2026-10-10T05:10:34Z
disp125,2021-12-01,ingenua,backtest,2022.0,2022-01-01,2022-12-01,0.131268,0.990433,300.497643,0.1,20.0,0.5,0.95,347491.239478,360644.271424,527813.3751899999,349774.306038,2.939722,0.0,1.0,0.5385,ca6a9e9ea675,False,9824a61bec264157,4c02987d0270dd91639cdc410d801fe550710af9,ced97055ae21d929689dbdfc98ccb246bbc40805,7e5738fdbe68,2026-10-10T05:10:34Z
disp125,2021-12-01,otimizada,backtest,2022.0,2022-01-01,2022-12-01,0.120487,0.909091,300.497643,0.1,20.0,0.5,0.95,344841.299723,362910.404158,526296.501802,344185.092869,25.901232,0.0,5.0,0.435,ca6a9e9ea675,False,9824a61bec264157,4c02987d0270dd91639cdc410d801fe550710af9,ced97055ae21d929689dbdfc98ccb246bbc40805,7e5738fdbe68,2026-10-10T05:10:34Z
disp125,2021-12-01,pontual,backtest,2022.0,2022-01-01,2022-12-01,0.132536,1.0,300.497643,0.1,20.0,0.5,0.95,347592.669377,360719.969284,527952.654019,350028.331986,1.902025,0.0,1.0,0.5365,ca6a9e9ea675,False,9824a61bec264157,4c02987d0270dd91639cdc410d801fe550710af9,ced97055ae21d929689dbdfc98ccb246bbc40805,7e5738fdbe68,2026-10-10T05:10:34Z
disp125,2022-12-01,ingenua,backtest,2023.0,2023-01-01,2023-12-01,0.133148,0.996007,79.047039,0.1,20.0,0.5,0.95,92360.797023,97637.429608,141179.511827,96245.219508,7.946927,0.0,3.0,0.96,ca6a9e9ea675,False,9824a61bec264157,4c02987d0270dd91639cdc410d801fe550710af9,ced97055ae21d929689dbdfc98ccb246bbc40805,7e5738fdbe68,2026-10-10T05:10:34Z
disp125,2022-12-01,otimizada,backtest,2023.0,2023-01-01,2023-12-01,0.148536,1.111111,79.047039,0.1,20.0,0.5,0.95,88395.192782,95397.146865,136093.7662145,96362.946027,0.0,13.762903,4.0,1.0,ca6a9e9ea675,False,9824a61bec264157,4c02987d0270dd91639cdc410d801fe550710af9,ced97055ae21d929689dbdfc98ccb246bbc40805,7e5738fdbe68,2026-10-10T05:10:34Z
disp125,2022-12-01,pontual,backtest,2023.0,2023-01-01,2023-12-01,0.133682,1.0,79.047039,0.1,20.0,0.5,0.95,92311.408858,97435.543694,141029.180705,96246.805318,6.650387,0.0,3.0,0.9625,ca6a9e9ea675,False,9824a61bec264157,4c02987d0270dd91639cdc410d801fe550710af9,ced97055ae21d929689dbdfc98ccb246bbc40805,7e5738fdbe68,2026-10-10T05:10:34Z
disp125,2023-12-01,ingenua,backtest,2024.0,2024-01-01,2024-12-01,0.138963,0.943362,92.156061,0.1,20.0,0.5,0.95,120018.704187,131289.597526,185663.50295,117826.08923,1.217427,0.0,1.0,0.2705,ca6a9e9ea675,False,9824a61bec264157,4c02987d0270dd91639cdc410d801fe550710af9,ced97055ae21d929689dbdfc98ccb246bbc40805,7e5738fdbe68,2026-10-10T05:10:34Z
disp125,2023-12-01,otimizada,backtest,2024.0,2024-01-01,2024-12-01,0.163674,1.111111,92.156061,0.1,20.0,0.5,0.95,115694.438341,123299.831125,177344.3539035,117930.218684,0.0,29.24671,6.0,0.5085,ca6a9e9ea675,False,9824a61bec264157,4c02987d0270dd91639cdc410d801fe550710af9,ced97055ae21d929689dbdfc98ccb246bbc40805,7e5738fdbe68,2026-10-10T05:10:34Z
disp125,2023-12-01,pontual,backtest,2024.0,2024-01-01,2024-12-01,0.147306,1.0,92.156061,0.1,20.0,0.5,0.95,118940.95706,125370.082107,181625.9981135,117863.934239,0.0,0.0,0.0,0.3145,ca6a9e9ea675,False,9824a61bec264157,4c02987d0270dd91639cdc410d801fe550710af9,ced97055ae21d929689dbdfc98ccb246bbc40805,7e5738fdbe68,2026-10-10T05:10:34Z
disp125,2024-12-01,ingenua,backtest,2025.0,2025-01-01,2025-12-01,0.145601,0.997073,148.164976,0.1,20.0,0.5,0.95,190353.079118,208465.882757,294586.0204965,187747.531056,4.77187,0.0,1.0,0.3185,ca6a9e9ea675,False,9824a61bec264157,4c02987d0270dd91639cdc410d801fe550710af9,ced97055ae21d929689dbdfc98ccb246bbc40805,7e5738fdbe68,2026-10-10T05:10:34Z
disp125,2024-12-01,otimizada,backtest,2025.0,2025-01-01,2025-12-01,0.162254,1.111111,148.164976,0.1,20.0,0.5,0.95,189331.392414,207011.719892,292837.25236,184405.198315,0.0,42.311557,8.0,0.1985,ca6a9e9ea675,False,9824a61bec264157,4c02987d0270dd91639cdc410d801fe550710af9,ced97055ae21d929689dbdfc98ccb246bbc40805,7e5738fdbe68,2026-10-10T05:10:34Z
disp125,2024-12-01,pontual,backtest,2025.0,2025-01-01,2025-12-01,0.146029,1.0,148.164976,0.1,20.0,0.5,0.95,190339.039718,208339.406844,294508.74314000004,187764.578877,4.455889,0.0,1.0,0.3205,ca6a9e9ea675,False,9824a61bec264157,4c02987d0270dd91639cdc410d801fe550710af9,ced97055ae21d929689dbdfc98ccb246bbc40805,7e5738fdbe68,2026-10-10T05:10:34Z
disp150,2020-12-01,ingenua,backtest,2021.0,2021-01-01,2021-12-01,0.127339,0.965554,198.026084,0.1,20.0,0.5,0.95,227635.093695,239530.059941,347400.12366549997,227692.52234,0.226632,0.0,1.0,0.48,2029324f71e0,False,964bcaf83f6af31f,4c02987d0270dd91639cdc410d801fe550710af9,ced97055ae21d929689dbdfc98ccb246bbc40805,7e5738fdbe68,2026-10-10T05:10:34Z
disp150,2020-12-01,otimizada,backtest,2021.0,2021-01-01,2021-12-01,0.132421,1.004091,198.026084,0.1,20.0,0.5,0.95,227805.174516,238634.062554,347122.205793,227712.114257,0.0,0.0,0.0,0.4745,2029324f71e0,False,964bcaf83f6af31f,4c02987d0270dd91639cdc410d801fe550710af9,ced97055ae21d929689dbdfc98ccb246bbc40805,7e5738fdbe68,2026-10-10T05:10:34Z
disp150,2020-12-01,pontual,backtest,2021.0,2021-01-01,2021-12-01,0.131882,1.0,198.026084,0.1,20.0,0.5,0.95,227788.288552,238670.496227,347123.5366655,227712.114257,0.0,0.0,0.0,0.475,2029324f71e0,False,964bcaf83f6af31f,4c02987d0270dd91639cdc410d801fe550710af9,ced97055ae21d929689dbdfc98ccb246bbc40805,7e5738fdbe68,2026-10-10T05:10:34Z
disp150,2021-12-01,ingenua,backtest,2022.0,2022-01-01,2022-12-01,0.131268,0.990433,300.497643,0.1,20.0,0.5,0.95,347567.20494,363374.765959,529254.5879195,349774.306038,2.939722,0.0,1.0,0.5195,2029324f71e0,False,964bcaf83f6af31f,4c02987d0270dd91639cdc410d801fe550710af9,ced97055ae21d929689dbdfc98ccb246bbc40805,7e5738fdbe68,2026-10-10T05:10:34Z
disp150,2021-12-01,otimizada,backtest,2022.0,2022-01-01,2022-12-01,0.120487,0.909091,300.497643,0.1,20.0,0.5,0.95,344695.799377,365963.797092,527677.697923,344185.092869,25.901232,0.0,5.0,0.4515,2029324f71e0,False,964bcaf83f6af31f,4c02987d0270dd91639cdc410d801fe550710af9,ced97055ae21d929689dbdfc98ccb246bbc40805,7e5738fdbe68,2026-10-10T05:10:34Z
disp150,2021-12-01,pontual,backtest,2022.0,2022-01-01,2022-12-01,0.132536,1.0,300.497643,0.1,20.0,0.5,0.95,347707.102334,363433.502738,529423.853703,350028.331986,1.902025,0.0,1.0,0.5315,2029324f71e0,False,964bcaf83f6af31f,4c02987d0270dd91639cdc410d801fe550710af9,ced97055ae21d929689dbdfc98ccb246bbc40805,7e5738fdbe68,2026-10-10T05:10:34Z
disp150,2022-12-01,ingenua,backtest,2023.0,2023-01-01,2023-12-01,0.133148,0.996007,79.047039,0.1,20.0,0.5,0.95,92469.931345,99406.682561,142173.2726255,96245.219508,7.946927,0.0,3.0,0.9135,2029324f71e0,False,964bcaf83f6af31f,4c02987d0270dd91639cdc410d801fe550710af9,ced97055ae21d929689dbdfc98ccb246bbc40805,7e5738fdbe68,2026-10-10T05:10:34Z
disp150,2022-12-01,otimizada,backtest,2023.0,2023-01-01,2023-12-01,0.148536,1.111111,79.047039,0.1,20.0,0.5,0.95,88119.805052,96152.844525,136196.2273145,96362.946027,0.0,13.762903,4.0,0.9875,2029324f71e0,False,964bcaf83f6af31f,4c02987d0270dd91639cdc410d801fe550710af9,ced97055ae21d929689dbdfc98ccb246bbc40805,7e5738fdbe68,2026-10-10T05:10:34Z
disp150,2022-12-01,pontual,backtest,2023.0,2023-01-01,2023-12-01,0.133682,1.0,79.047039,0.1,20.0,0.5,0.95,92400.010887,99177.933414,141988.977594,96246.805318,6.650387,0.0,3.0,0.9205,2029324f71e0,False,964bcaf83f6af31f,4c02987d0270dd91639cdc410d801fe550710af9,ced97055ae21d929689dbdfc98ccb246bbc40805,7e5738fdbe68,2026-10-10T05:10:34Z
disp150,2023-12-01,ingenua,backtest,2024.0,2024-01-01,2024-12-01,0.138963,0.943362,92.156061,0.1,20.0,0.5,0.95,120349.987196,134233.269431,187466.6219115,117826.08923,1.217427,0.0,1.0,0.273,2029324f71e0,False,964bcaf83f6af31f,4c02987d0270dd91639cdc410d801fe550710af9,ced97055ae21d929689dbdfc98ccb246bbc40805,7e5738fdbe68,2026-10-10T05:10:34Z
disp150,2023-12-01,otimizada,backtest,2024.0,2024-01-01,2024-12-01,0.163674,1.111111,92.156061,0.1,20.0,0.5,0.95,115475.135959,124272.815736,177611.54382700002,117930.218684,0.0,29.24671,6.0,0.5105,2029324f71e0,False,964bcaf83f6af31f,4c02987d0270dd91639cdc410d801fe550710af9,ced97055ae21d929689dbdfc98ccb246bbc40805,7e5738fdbe68,2026-10-10T05:10:34Z
disp150,2023-12-01,pontual,backtest,2024.0,2024-01-01,2024-12-01,0.147306,1.0,92.156061,0.1,20.0,0.5,0.95,119041.612711,127472.29411,182777.759766,117863.934239,0.0,0.0,0.0,0.3265,2029324f71e0,False,964bcaf83f6af31f,4c02987d0270dd91639cdc410d801fe550710af9,ced97055ae21d929689dbdfc98ccb246bbc40805,7e5738fdbe68,2026-10-10T05:10:34Z
disp150,2024-12-01,ingenua,backtest,2025.0,2025-01-01,2025-12-01,0.145601,0.997073,148.164976,0.1,20.0,0.5,0.95,190545.238843,213229.442372,297159.960029,187747.531056,4.77187,0.0,1.0,0.37,2029324f71e0,False,964bcaf83f6af31f,4c02987d0270dd91639cdc410d801fe550710af9,ced97055ae21d929689dbdfc98ccb246bbc40805,7e5738fdbe68,2026-10-10T05:10:34Z
disp150,2024-12-01,otimizada,backtest,2025.0,2025-01-01,2025-12-01,0.162254,1.111111,148.164976,0.1,20.0,0.5,0.95,189357.516555,210769.486298,294742.259704,184405.198315,0.0,42.311557,8.0,0.2195,2029324f71e0,False,964bcaf83f6af31f,4c02987d0270dd91639cdc410d801fe550710af9,ced97055ae21d929689dbdfc98ccb246bbc40805,7e5738fdbe68,2026-10-10T05:10:34Z
disp150,2024-12-01,pontual,backtest,2025.0,2025-01-01,2025-12-01,0.146029,1.0,148.164976,0.1,20.0,0.5,0.95,190525.397515,213036.99089,297043.89295999997,187764.578877,4.455889,0.0,1.0,0.37,2029324f71e0,False,964bcaf83f6af31f,4c02987d0270dd91639cdc410d801fe550710af9,ced97055ae21d929689dbdfc98ccb246bbc40805,7e5738fdbe68,2026-10-10T05:10:34Z
f00,2020-12-01,ingenua,backtest,2021.0,2021-01-01,2021-12-01,0.127339,0.965554,198.026084,0.0,20.0,0.5,0.95,227085.357434,246736.948912,350453.83189000003,225539.524042,43.072778,8.653247,12.0,0.5365,51cf99b073fe,False,ddefad3f21496073,4c02987d0270dd91639cdc410d801fe550710af9,ced97055ae21d929689dbdfc98ccb246bbc40805,7e5738fdbe68,2026-10-10T05:10:34Z
f00,2020-12-01,otimizada,backtest,2021.0,2021-01-01,2021-12-01,0.131882,1.0,198.026084,0.0,20.0,0.5,0.95,227837.002635,238457.083942,347065.544606,222123.031737,19.702858,25.078112,12.0,0.1025,51cf99b073fe,False,ddefad3f21496073,4c02987d0270dd91639cdc410d801fe550710af9,ced97055ae21d929689dbdfc98ccb246bbc40805,7e5738fdbe68,2026-10-10T05:10:34Z
f00,2020-12-01,pontual,backtest,2021.0,2021-01-01,2021-12-01,0.131882,1.0,198.026084,0.0,20.0,0.5,0.95,227837.002635,238457.083942,347065.544606,222123.031737,19.702858,25.078112,12.0,0.1025,51cf99b073fe,False,ddefad3f21496073,4c02987d0270dd91639cdc410d801fe550710af9,ced97055ae21d929689dbdfc98ccb246bbc40805,7e5738fdbe68,2026-10-10T05:10:34Z
f00,2021-12-01,ingenua,backtest,2022.0,2022-01-01,2022-12-01,0.131268,0.990433,300.497643,0.0,20.0,0.5,0.95,346489.012551,359941.590269,526459.8076855,346405.959471,30.901858,14.433211,12.0,0.473,51cf99b073fe,False,ddefad3f21496073,4c02987d0270dd91639cdc410d801fe550710af9,ced97055ae21d929689dbdfc98ccb246bbc40805,7e5738fdbe68,2026-10-10T05:10:34Z
f00,2021-12-01,otimizada,backtest,2022.0,2022-01-01,2022-12-01,0.132536,1.0,300.497643,0.0,20.0,0.5,0.95,347657.655418,359067.295402,527191.303119,349085.477567,25.901232,20.539906,12.0,0.558,51cf99b073fe,False,ddefad3f21496073,4c02987d0270dd91639cdc410d801fe550710af9,ced97055ae21d929689dbdfc98ccb246bbc40805,7e5738fdbe68,2026-10-10T05:10:34Z
f00,2021-12-01,pontual,backtest,2022.0,2022-01-01,2022-12-01,0.132536,1.0,300.497643,0.0,20.0,0.5,0.95,347657.655418,359067.295402,527191.303119,349085.477567,25.901232,20.539906,12.0,0.558,51cf99b073fe,False,ddefad3f21496073,4c02987d0270dd91639cdc410d801fe550710af9,ced97055ae21d929689dbdfc98ccb246bbc40805,7e5738fdbe68,2026-10-10T05:10:34Z
f00,2022-12-01,ingenua,backtest,2023.0,2023-01-01,2023-12-01,0.133148,0.996007,79.047039,0.0,20.0,0.5,0.95,92047.980367,104969.278528,144532.61963099998,96238.118491,63.354791,12.417199,12.0,0.83,51cf99b073fe,False,ddefad3f21496073,4c02987d0270dd91639cdc410d801fe550710af9,ced97055ae21d929689dbdfc98ccb246bbc40805,7e5738fdbe68,2026-10-10T05:10:34Z
f00,2022-12-01,otimizada,backtest,2023.0,2023-01-01,2023-12-01,0.133682,1.0,79.047039,0.0,20.0,0.5,0.95,91444.826142,103510.127136,143199.88971000002,96265.609958,60.024239,13.762903,12.0,0.8635,51cf99b073fe,False,ddefad3f21496073,4c02987d0270dd91639cdc410d801fe550710af9,ced97055ae21d929689dbdfc98ccb246bbc40805,7e5738fdbe68,2026-10-10T05:10:34Z
f00,2022-12-01,pontual,backtest,2023.0,2023-01-01,2023-12-01,0.133682,1.0,79.047039,0.0,20.0,0.5,0.95,91444.826142,103510.127136,143199.88971000002,96265.609958,60.024239,13.762903,12.0,0.8635,51cf99b073fe,False,ddefad3f21496073,4c02987d0270dd91639cdc410d801fe550710af9,ced97055ae21d929689dbdfc98ccb246bbc40805,7e5738fdbe68,2026-10-10T05:10:34Z
f00,2023-12-01,ingenua,backtest,2024.0,2024-01-01,2024-12-01,0.138963,0.943362,92.156061,0.0,20.0,0.5,0.95,125724.652679,159828.082472,205638.693915,121053.947737,64.991283,6.682125,12.0,0.472,51cf99b073fe,False,ddefad3f21496073,4c02987d0270dd91639cdc410d801fe550710af9,ced97055ae21d929689dbdfc98ccb246bbc40805,7e5738fdbe68,2026-10-10T05:10:34Z
f00,2023-12-01,otimizada,backtest,2024.0,2024-01-01,2024-12-01,0.147306,1.0,92.156061,0.0,20.0,0.5,0.95,118498.628796,131582.148706,184289.703149,118287.34543,14.269347,29.24671,12.0,0.3865,51cf99b073fe,False,ddefad3f21496073,4c02987d0270dd91639cdc410d801fe550710af9,ced97055ae21d929689dbdfc98ccb246bbc40805,7e5738fdbe68,2026-10-10T05:10:34Z
f00,2023-12-01,pontual,backtest,2024.0,2024-01-01,2024-12-01,0.147306,1.0,92.156061,0.0,20.0,0.5,0.95,118498.628796,131582.148706,184289.703149,118287.34543,14.269347,29.24671,12.0,0.3865,51cf99b073fe,False,ddefad3f21496073,4c02987d0270dd91639cdc410d801fe550710af9,ced97055ae21d929689dbdfc98ccb246bbc40805,7e5738fdbe68,2026-10-10T05:10:34Z
f00,2024-12-01,ingenua,backtest,2025.0,2025-01-01,2025-12-01,0.145601,0.997073,148.164976,0.0,20.0,0.5,0.95,190462.661492,214159.617284,297542.470134,185398.366355,33.232062,39.808335,12.0,0.1535,51cf99b073fe,False,ddefad3f21496073,4c02987d0270dd91639cdc410d801fe550710af9,ced97055ae21d929689dbdfc98ccb246bbc40805,7e5738fdbe68,2026-10-10T05:10:34Z
f00,2024-12-01,otimizada,backtest,2025.0,2025-01-01,2025-12-01,0.146029,1.0,148.164976,0.0,20.0,0.5,0.95,190333.911829,213360.793159,297014.3084085,185133.940831,31.99071,42.311557,12.0,0.147,51cf99b073fe,False,ddefad3f21496073,4c02987d0270dd91639cdc410d801fe550710af9,ced97055ae21d929689dbdfc98ccb246bbc40805,7e5738fdbe68,2026-10-10T05:10:34Z
f00,2024-12-01,pontual,backtest,2025.0,2025-01-01,2025-12-01,0.146029,1.0,148.164976,0.0,20.0,0.5,0.95,190333.911829,213360.793159,297014.3084085,185133.940831,31.99071,42.311557,12.0,0.147,51cf99b073fe,False,ddefad3f21496073,4c02987d0270dd91639cdc410d801fe550710af9,ced97055ae21d929689dbdfc98ccb246bbc40805,7e5738fdbe68,2026-10-10T05:10:34Z
f05,2020-12-01,ingenua,backtest,2021.0,2021-01-01,2021-12-01,0.127339,0.965554,198.026084,0.05,20.0,0.5,0.95,227369.48138,238470.046568,346604.504664,227538.853575,13.343777,0.0,4.0,0.513,51cf99b073fe,False,9ceee549c90520d5,4c02987d0270dd91639cdc410d801fe550710af9,ced97055ae21d929689dbdfc98ccb246bbc40805,7e5738fdbe68,2026-10-10T05:10:34Z
f05,2020-12-01,otimizada,backtest,2021.0,2021-01-01,2021-12-01,0.132526,1.004881,198.026084,0.05,20.0,0.5,0.95,227796.298147,235089.0355,345340.815897,226062.185995,1.226503,4.99937,5.0,0.3265,51cf99b073fe,False,9ceee549c90520d5,4c02987d0270dd91639cdc410d801fe550710af9,ced97055ae21d929689dbdfc98ccb246bbc40805,7e5738fdbe68,2026-10-10T05:10:34Z
f05,2020-12-01,pontual,backtest,2021.0,2021-01-01,2021-12-01,0.131882,1.0,198.026084,0.05,20.0,0.5,0.95,227743.613526,235267.457799,345377.3424255,226286.777492,2.539355,3.684878,5.0,0.355,51cf99b073fe,False,9ceee549c90520d5,4c02987d0270dd91639cdc410d801fe550710af9,ced97055ae21d929689dbdfc98ccb246bbc40805,7e5738fdbe68,2026-10-10T05:10:34Z
f05,2021-12-01,ingenua,backtest,2022.0,2022-01-01,2022-12-01,0.131268,0.990433,300.497643,0.05,20.0,0.5,0.95,347167.407715,357879.1346,526106.975015,347945.72355,10.409494,0.0,2.0,0.5035,51cf99b073fe,False,9ceee549c90520d5,4c02987d0270dd91639cdc410d801fe550710af9,ced97055ae21d929689dbdfc98ccb246bbc40805,7e5738fdbe68,2026-10-10T05:10:34Z
f05,2021-12-01,otimizada,backtest,2022.0,2022-01-01,2022-12-01,0.126225,0.952381,300.497643,0.05,20.0,0.5,0.95,345040.721731,359936.733578,525009.08852,344185.092869,25.901232,0.0,5.0,0.4255,51cf99b073fe,False,9ceee549c90520d5,4c02987d0270dd91639cdc410d801fe550710af9,ced97055ae21d929689dbdfc98ccb246bbc40805,7e5738fdbe68,2026-10-10T05:10:34Z
f05,2021-12-01,pontual,backtest,2022.0,2022-01-01,2022-12-01,0.132536,1.0,300.497643,0.05,20.0,0.5,0.95,347584.007464,357798.265069,526483.1399985,348549.446475,8.524292,0.581056,3.0,0.5065,51cf99b073fe,False,9ceee549c90520d5,4c02987d0270dd91639cdc410d801fe550710af9,ced97055ae21d929689dbdfc98ccb246bbc40805,7e5738fdbe68,2026-10-10T05:10:34Z
f05,2022-12-01,ingenua,backtest,2023.0,2023-01-01,2023-12-01,0.133148,0.996007,79.047039,0.05,20.0,0.5,0.95,92254.542599,99038.742369,141773.9137835,96201.129665,31.211323,0.635095,8.0,0.9405,51cf99b073fe,False,9ceee549c90520d5,4c02987d0270dd91639cdc410d801fe550710af9,ced97055ae21d929689dbdfc98ccb246bbc40805,7e5738fdbe68,2026-10-10T05:10:34Z
f05,2022-12-01,otimizada,backtest,2023.0,2023-01-01,2023-12-01,0.140718,1.052632,79.047039,0.05,20.0,0.5,0.95,88726.099081,94844.050008,136148.124085,96382.660458,5.473685,13.762903,6.0,1.0,51cf99b073fe,False,9ceee549c90520d5,4c02987d0270dd91639cdc410d801fe550710af9,ced97055ae21d929689dbdfc98ccb246bbc40805,7e5738fdbe68,2026-10-10T05:10:34Z
f05,2022-12-01,pontual,backtest,2023.0,2023-01-01,2023-12-01,0.133682,1.0,79.047039,0.05,20.0,0.5,0.95,92038.413409,98523.143044,141299.98493099998,96212.655738,28.776467,1.377531,8.0,0.95,51cf99b073fe,False,9ceee549c90520d5,4c02987d0270dd91639cdc410d801fe550710af9,ced97055ae21d929689dbdfc98ccb246bbc40805,7e5738fdbe68,2026-10-10T05:10:34Z
f05,2023-12-01,ingenua,backtest,2024.0,2024-01-01,2024-12-01,0.138963,0.943362,92.156061,0.05,20.0,0.5,0.95,122052.365468,140849.16125,192476.946093,118710.239267,20.803403,0.0,7.0,0.3055,51cf99b073fe,False,9ceee549c90520d5,4c02987d0270dd91639cdc410d801fe550710af9,ced97055ae21d929689dbdfc98ccb246bbc40805,7e5738fdbe68,2026-10-10T05:10:34Z
f05,2023-12-01,otimizada,backtest,2024.0,2024-01-01,2024-12-01,0.155059,1.052632,92.156061,0.05,20.0,0.5,0.95,115976.565317,122601.662454,177277.39654400002,117930.218684,0.0,29.24671,6.0,0.5045,51cf99b073fe,False,9ceee549c90520d5,4c02987d0270dd91639cdc410d801fe550710af9,ced97055ae21d929689dbdfc98ccb246bbc40805,7e5738fdbe68,2026-10-10T05:10:34Z
f05,2023-12-01,pontual,backtest,2024.0,2024-01-01,2024-12-01,0.147306,1.0,92.156061,0.05,20.0,0.5,0.95,118647.128214,126207.904982,181751.080705,117908.959952,0.0,8.84127,3.0,0.34,51cf99b073fe,False,9ceee549c90520d5,4c02987d0270dd91639cdc410d801fe550710af9,ced97055ae21d929689dbdfc98ccb246bbc40805,7e5738fdbe68,2026-10-10T05:10:34Z
f05,2024-12-01,ingenua,backtest,2025.0,2025-01-01,2025-12-01,0.145601,0.997073,148.164976,0.05,20.0,0.5,0.95,190249.9248,207288.085421,293893.9675105,187386.614842,14.498895,10.825853,7.0,0.26,51cf99b073fe,False,9ceee549c90520d5,4c02987d0270dd91639cdc410d801fe550710af9,ced97055ae21d929689dbdfc98ccb246bbc40805,7e5738fdbe68,2026-10-10T05:10:34Z
f05,2024-12-01,otimizada,backtest,2025.0,2025-01-01,2025-12-01,0.153714,1.052632,148.164976,0.05,20.0,0.5,0.95,189358.159221,203906.178078,291311.24826,184192.658835,3.939409,42.311557,9.0,0.172,51cf99b073fe,False,9ceee549c90520d5,4c02987d0270dd91639cdc410d801fe550710af9,ced97055ae21d929689dbdfc98ccb246bbc40805,7e5738fdbe68,2026-10-10T05:10:34Z
f05,2024-12-01,pontual,backtest,2025.0,2025-01-01,2025-12-01,0.146029,1.0,148.164976,0.05,20.0,0.5,0.95,190206.948902,206917.544405,293665.7211045,187264.151147,13.678985,12.02463,6.0,0.2535,51cf99b073fe,False,9ceee549c90520d5,4c02987d0270dd91639cdc410d801fe550710af9,ced97055ae21d929689dbdfc98ccb246bbc40805,7e5738fdbe68,2026-10-10T05:10:34Z
f15,2020-12-01,ingenua,backtest,2021.0,2021-01-01,2021-12-01,0.127339,0.965554,198.026084,0.15,20.0,0.5,0.95,227662.632031,234788.669697,345056.96687949996,227712.114257,0.0,0.0,0.0,0.4805,51cf99b073fe,False,835bb093d47f1496,4c02987d0270dd91639cdc410d801fe550710af9,ced97055ae21d929689dbdfc98ccb246bbc40805,7e5738fdbe68,2026-10-10T05:10:34Z
f15,2020-12-01,otimizada,backtest,2021.0,2021-01-01,2021-12-01,0.124571,0.944565,198.026084,0.15,20.0,0.5,0.95,227640.81405,234829.482297,345055.5551985,227712.114257,0.0,0.0,0.0,0.475,51cf99b073fe,False,835bb093d47f1496,4c02987d0270dd91639cdc410d801fe550710af9,ced97055ae21d929689dbdfc98ccb246bbc40805,7e5738fdbe68,2026-10-10T05:10:34Z
f15,2020-12-01,pontual,backtest,2021.0,2021-01-01,2021-12-01,0.131882,1.0,198.026084,0.15,20.0,0.5,0.95,227677.795047,234786.524877,345071.0574855,227712.114257,0.0,0.0,0.0,0.4805,51cf99b073fe,False,835bb093d47f1496,4c02987d0270dd91639cdc410d801fe550710af9,ced97055ae21d929689dbdfc98ccb246bbc40805,7e5738fdbe68,2026-10-10T05:10:34Z
f15,2021-12-01,ingenua,backtest,2022.0,2022-01-01,2022-12-01,0.131268,0.990433,300.497643,0.15,20.0,0.5,0.95,347510.017623,358131.248716,526575.6419810001,350493.94311,0.0,0.0,0.0,0.599,51cf99b073fe,False,835bb093d47f1496,4c02987d0270dd91639cdc410d801fe550710af9,ced97055ae21d929689dbdfc98ccb246bbc40805,7e5738fdbe68,2026-10-10T05:10:34Z
f15,2021-12-01,otimizada,backtest,2022.0,2022-01-01,2022-12-01,0.115249,0.869565,300.497643,0.15,20.0,0.5,0.95,344977.608819,359952.998517,524954.1080775,344185.092869,25.901232,0.0,5.0,0.4255,51cf99b073fe,False,835bb093d47f1496,4c02987d0270dd91639cdc410d801fe550710af9,ced97055ae21d929689dbdfc98ccb246bbc40805,7e5738fdbe68,2026-10-10T05:10:34Z
f15,2021-12-01,pontual,backtest,2022.0,2022-01-01,2022-12-01,0.132536,1.0,300.497643,0.15,20.0,0.5,0.95,347515.46104,358170.072768,526600.4974240001,350493.94311,0.0,0.0,0.0,0.599,51cf99b073fe,False,835bb093d47f1496,4c02987d0270dd91639cdc410d801fe550710af9,ced97055ae21d929689dbdfc98ccb246bbc40805,7e5738fdbe68,2026-10-10T05:10:34Z
f15,2022-12-01,ingenua,backtest,2023.0,2023-01-01,2023-12-01,0.133148,0.996007,79.047039,0.15,20.0,0.5,0.95,92238.052563,95120.389536,139798.247331,96225.220126,0.0,0.0,0.0,0.9975,51cf99b073fe,False,835bb093d47f1496,4c02987d0270dd91639cdc410d801fe550710af9,ced97055ae21d929689dbdfc98ccb246bbc40805,7e5738fdbe68,2026-10-10T05:10:34Z
f15,2022-12-01,otimizada,backtest,2023.0,2023-01-01,2023-12-01,0.157273,1.176471,79.047039,0.15,20.0,0.5,0.95,88658.472219,94703.485281,136010.2148595,96362.946027,0.0,13.762903,4.0,1.0,51cf99b073fe,False,835bb093d47f1496,4c02987d0270dd91639cdc410d801fe550710af9,ced97055ae21d929689dbdfc98ccb246bbc40805,7e5738fdbe68,2026-10-10T05:10:34Z
f15,2022-12-01,pontual,backtest,2023.0,2023-01-01,2023-12-01,0.133682,1.0,79.047039,0.15,20.0,0.5,0.95,92235.209413,95080.973362,139775.696094,96225.220126,0.0,0.0,0.0,0.9975,51cf99b073fe,False,835bb093d47f1496,4c02987d0270dd91639cdc410d801fe550710af9,ced97055ae21d929689dbdfc98ccb246bbc40805,7e5738fdbe68,2026-10-10T05:10:34Z
f15,2023-12-01,ingenua,backtest,2024.0,2024-01-01,2024-12-01,0.138963,0.943362,92.156061,0.15,20.0,0.5,0.95,119025.545206,124102.626281,181076.8583465,117863.934239,0.0,0.0,0.0,0.279,51cf99b073fe,False,835bb093d47f1496,4c02987d0270dd91639cdc410d801fe550710af9,ced97055ae21d929689dbdfc98ccb246bbc40805,7e5738fdbe68,2026-10-10T05:10:34Z
f15,2023-12-01,otimizada,backtest,2024.0,2024-01-01,2024-12-01,0.173301,1.176471,92.156061,0.15,20.0,0.5,0.95,115908.55121,122443.503142,177130.302781,117930.218684,0.0,29.24671,6.0,0.5095,51cf99b073fe,False,835bb093d47f1496,4c02987d0270dd91639cdc410d801fe550710af9,ced97055ae21d929689dbdfc98ccb246bbc40805,7e5738fdbe68,2026-10-10T05:10:34Z
f15,2023-12-01,pontual,backtest,2024.0,2024-01-01,2024-12-01,0.147306,1.0,92.156061,0.15,20.0,0.5,0.95,118876.585107,122700.971945,180227.07107950002,117863.934239,0.0,0.0,0.0,0.2885,51cf99b073fe,False,835bb093d47f1496,4c02987d0270dd91639cdc410d801fe550710af9,ced97055ae21d929689dbdfc98ccb246bbc40805,7e5738fdbe68,2026-10-10T05:10:34Z
f15,2024-12-01,ingenua,backtest,2025.0,2025-01-01,2025-12-01,0.145601,0.997073,148.164976,0.15,20.0,0.5,0.95,190166.600122,203605.884448,291969.542346,188004.983548,0.0,0.0,0.0,0.3045,51cf99b073fe,False,835bb093d47f1496,4c02987d0270dd91639cdc410d801fe550710af9,ced97055ae21d929689dbdfc98ccb246bbc40805,7e5738fdbe68,2026-10-10T05:10:34Z
f15,2024-12-01,otimizada,backtest,2025.0,2025-01-01,2025-12-01,0.171798,1.176471,148.164976,0.15,20.0,0.5,0.95,189321.463008,203427.595675,291035.2608455,184405.198315,0.0,42.311557,8.0,0.173,51cf99b073fe,False,835bb093d47f1496,4c02987d0270dd91639cdc410d801fe550710af9,ced97055ae21d929689dbdfc98ccb246bbc40805,7e5738fdbe68,2026-10-10T05:10:34Z
f15,2024-12-01,pontual,backtest,2025.0,2025-01-01,2025-12-01,0.146029,1.0,148.164976,0.15,20.0,0.5,0.95,190165.420694,203590.009814,291960.42560099997,188004.983548,0.0,0.0,0.0,0.3045,51cf99b073fe,False,835bb093d47f1496,4c02987d0270dd91639cdc410d801fe550710af9,ced97055ae21d929689dbdfc98ccb246bbc40805,7e5738fdbe68,2026-10-10T05:10:34Z
lam00,2020-12-01,ingenua,backtest,2021.0,2021-01-01,2021-12-01,0.127339,0.965554,198.026084,0.1,20.0,0.0,0.95,227591.211677,235044.544808,227591.211677,227692.52234,0.226632,0.0,1.0,0.48,51cf99b073fe,False,8f71a75c6e2f7ce8,4c02987d0270dd91639cdc410d801fe550710af9,ced97055ae21d929689dbdfc98ccb246bbc40805,7e5738fdbe68,2026-10-10T05:10:34Z
lam00,2020-12-01,otimizada,backtest,2021.0,2021-01-01,2021-12-01,0.119893,0.909091,198.026084,0.1,20.0,0.0,0.95,227178.143032,240744.6773,227178.143032,227814.672553,19.702858,0.0,6.0,0.5925,51cf99b073fe,False,8f71a75c6e2f7ce8,4c02987d0270dd91639cdc410d801fe550710af9,ced97055ae21d929689dbdfc98ccb246bbc40805,7e5738fdbe68,2026-10-10T05:10:34Z
lam00,2020-12-01,pontual,backtest,2021.0,2021-01-01,2021-12-01,0.131882,1.0,198.026084,0.1,20.0,0.0,0.95,227676.162688,234811.418718,227676.162688,227712.114257,0.0,0.0,0.0,0.4755,51cf99b073fe,False,8f71a75c6e2f7ce8,4c02987d0270dd91639cdc410d801fe550710af9,ced97055ae21d929689dbdfc98ccb246bbc40805,7e5738fdbe68,2026-10-10T05:10:34Z
lam00,2021-12-01,ingenua,backtest,2022.0,2022-01-01,2022-12-01,0.131268,0.990433,300.497643,0.1,20.0,0.0,0.95,347414.733697,357976.592066,347414.733697,349774.306038,2.939722,0.0,1.0,0.575,51cf99b073fe,False,8f71a75c6e2f7ce8,4c02987d0270dd91639cdc410d801fe550710af9,ced97055ae21d929689dbdfc98ccb246bbc40805,7e5738fdbe68,2026-10-10T05:10:34Z
lam00,2021-12-01,otimizada,backtest,2022.0,2022-01-01,2022-12-01,0.120487,0.909091,300.497643,0.1,20.0,0.0,0.95,344977.608819,359952.998517,344977.608819,344185.092869,25.901232,0.0,5.0,0.4255,51cf99b073fe,False,8f71a75c6e2f7ce8,4c02987d0270dd91639cdc410d801fe550710af9,ced97055ae21d929689dbdfc98ccb246bbc40805,7e5738fdbe68,2026-10-10T05:10:34Z
lam00,2021-12-01,pontual,backtest,2022.0,2022-01-01,2022-12-01,0.132536,1.0,300.497643,0.1,20.0,0.0,0.95,347485.009112,358029.44508,347485.009112,350028.331986,1.902025,0.0,1.0,0.576,51cf99b073fe,False,8f71a75c6e2f7ce8,4c02987d0270dd91639cdc410d801fe550710af9,ced97055ae21d929689dbdfc98ccb246bbc40805,7e5738fdbe68,2026-10-10T05:10:34Z
lam00,2022-12-01,ingenua,backtest,2023.0,2023-01-01,2023-12-01,0.133148,0.996007,79.047039,0.1,20.0,0.0,0.95,92275.313999,96024.755103,92275.313999,96245.219508,7.946927,0.0,3.0,0.9885,51cf99b073fe,False,8f71a75c6e2f7ce8,4c02987d0270dd91639cdc410d801fe550710af9,ced97055ae21d929689dbdfc98ccb246bbc40805,7e5738fdbe68,2026-10-10T05:10:34Z
lam00,2022-12-01,otimizada,backtest,2023.0,2023-01-01,2023-12-01,0.148536,1.111111,79.047039,0.1,20.0,0.0,0.95,88658.472219,94703.485281,88658.472219,96362.946027,0.0,13.762903,4.0,1.0,51cf99b073fe,False,8f71a75c6e2f7ce8,4c02987d0270dd91639cdc410d801fe550710af9,ced97055ae21d929689dbdfc98ccb246bbc40805,7e5738fdbe68,2026-10-10T05:10:34Z
lam00,2022-12-01,pontual,backtest,2023.0,2023-01-01,2023-12-01,0.133682,1.0,79.047039,0.1,20.0,0.0,0.95,92245.790722,95885.841796,92245.790722,96246.805318,6.650387,0.0,3.0,0.9905,51cf99b073fe,False,8f71a75c6e2f7ce8,4c02987d0270dd91639cdc410d801fe550710af9,ced97055ae21d929689dbdfc98ccb246bbc40805,7e5738fdbe68,2026-10-10T05:10:34Z
lam00,2023-12-01,ingenua,backtest,2024.0,2024-01-01,2024-12-01,0.138963,0.943362,92.156061,0.1,20.0,0.0,0.95,119723.116899,128543.363464,119723.116899,117826.08923,1.217427,0.0,1.0,0.2415,51cf99b073fe,False,8f71a75c6e2f7ce8,4c02987d0270dd91639cdc410d801fe550710af9,ced97055ae21d929689dbdfc98ccb246bbc40805,7e5738fdbe68,2026-10-10T05:10:34Z
lam00,2023-12-01,otimizada,backtest,2024.0,2024-01-01,2024-12-01,0.163674,1.111111,92.156061,0.1,20.0,0.0,0.95,115908.55121,122443.503142,115908.55121,117930.218684,0.0,29.24671,6.0,0.5095,51cf99b073fe,False,8f71a75c6e2f7ce8,4c02987d0270dd91639cdc410d801fe550710af9,ced97055ae21d929689dbdfc98ccb246bbc40805,7e5738fdbe68,2026-10-10T05:10:34Z
lam00,2023-12-01,pontual,backtest,2024.0,2024-01-01,2024-12-01,0.147306,1.0,92.156061,0.1,20.0,0.0,0.95,118873.864511,123538.719542,118873.864511,117863.934239,0.0,0.0,0.0,0.2935,51cf99b073fe,False,8f71a75c6e2f7ce8,4c02987d0270dd91639cdc410d801fe550710af9,ced97055ae21d929689dbdfc98ccb246bbc40805,7e5738fdbe68,2026-10-10T05:10:34Z
lam00,2024-12-01,ingenua,backtest,2025.0,2025-01-01,2025-12-01,0.145601,0.997073,148.164976,0.1,20.0,0.0,0.95,190195.901692,204146.321902,190195.901692,187747.531056,4.77187,0.0,1.0,0.2965,51cf99b073fe,False,8f71a75c6e2f7ce8,4c02987d0270dd91639cdc410d801fe550710af9,ced97055ae21d929689dbdfc98ccb246bbc40805,7e5738fdbe68,2026-10-10T05:10:34Z
lam00,2024-12-01,otimizada,backtest,2025.0,2025-01-01,2025-12-01,0.162254,1.111111,148.164976,0.1,20.0,0.0,0.95,189321.463008,203427.595675,189321.463008,184405.198315,0.0,42.311557,8.0,0.173,51cf99b073fe,False,8f71a75c6e2f7ce8,4c02987d0270dd91639cdc410d801fe550710af9,ced97055ae21d929689dbdfc98ccb246bbc40805,7e5738fdbe68,2026-10-10T05:10:34Z
lam00,2024-12-01,pontual,backtest,2025.0,2025-01-01,2025-12-01,0.146029,1.0,148.164976,0.1,20.0,0.0,0.95,190188.302184,204071.769532,190188.302184,187764.578877,4.455889,0.0,1.0,0.2965,51cf99b073fe,False,8f71a75c6e2f7ce8,4c02987d0270dd91639cdc410d801fe550710af9,ced97055ae21d929689dbdfc98ccb246bbc40805,7e5738fdbe68,2026-10-10T05:10:34Z
lam10,2020-12-01,ingenua,backtest,2021.0,2021-01-01,2021-12-01,0.127339,0.965554,198.026084,0.1,20.0,1.0,0.95,227591.211677,235044.544808,462635.756485,227692.52234,0.226632,0.0,1.0,0.48,51cf99b073fe,False,2401460842fc930c,4c02987d0270dd91639cdc410d801fe550710af9,ced97055ae21d929689dbdfc98ccb246bbc40805,7e5738fdbe68,2026-10-10T05:10:34Z
lam10,2020-12-01,otimizada,backtest,2021.0,2021-01-01,2021-12-01,0.130113,0.986591,198.026084,0.1,20.0,1.0,0.95,227647.042591,234831.256153,462478.298744,227712.114257,0.0,0.0,0.0,0.477,51cf99b073fe,False,2401460842fc930c,4c02987d0270dd91639cdc410d801fe550710af9,ced97055ae21d929689dbdfc98ccb246bbc40805,7e5738fdbe68,2026-10-10T05:10:34Z
lam10,2020-12-01,pontual,backtest,2021.0,2021-01-01,2021-12-01,0.131882,1.0,198.026084,0.1,20.0,1.0,0.95,227676.162688,234811.418718,462487.581406,227712.114257,0.0,0.0,0.0,0.4755,51cf99b073fe,False,2401460842fc930c,4c02987d0270dd91639cdc410d801fe550710af9,ced97055ae21d929689dbdfc98ccb246bbc40805,7e5738fdbe68,2026-10-10T05:10:34Z
lam10,2021-12-01,ingenua,backtest,2022.0,2022-01-01,2022-12-01,0.131268,0.990433,300.497643,0.1,20.0,1.0,0.95,347414.733697,357976.592066,705391.325763,349774.306038,2.939722,0.0,1.0,0.575,51cf99b073fe,False,2401460842fc930c,4c02987d0270dd91639cdc410d801fe550710af9,ced97055ae21d929689dbdfc98ccb246bbc40805,7e5738fdbe68,2026-10-10T05:10:34Z
lam10,2021-12-01,otimizada,backtest,2022.0,2022-01-01,2022-12-01,0.123138,0.929091,300.497643,0.1,20.0,1.0,0.95,346132.069847,358422.426444,704554.4962909999,346492.181824,16.402989,0.0,4.0,0.489,51cf99b073fe,False,2401460842fc930c,4c02987d0270dd91639cdc410d801fe550710af9,ced97055ae21d929689dbdfc98ccb246bbc40805,7e5738fdbe68,2026-10-10T05:10:34Z
lam10,2021-12-01,pontual,backtest,2022.0,2022-01-01,2022-12-01,0.132536,1.0,300.497643,0.1,20.0,1.0,0.95,347485.009112,358029.44508,705514.454192,350028.331986,1.902025,0.0,1.0,0.576,51cf99b073fe,False,2401460842fc930c,4c02987d0270dd91639cdc410d801fe550710af9,ced97055ae21d929689dbdfc98ccb246bbc40805,7e5738fdbe68,2026-10-10T05:10:34Z
lam10,2022-12-01,ingenua,backtest,2023.0,2023-01-01,2023-12-01,0.133148,0.996007,79.047039,0.1,20.0,1.0,0.95,92275.313999,96024.755103,188300.069102,96245.219508,7.946927,0.0,3.0,0.9885,51cf99b073fe,False,2401460842fc930c,4c02987d0270dd91639cdc410d801fe550710af9,ced97055ae21d929689dbdfc98ccb246bbc40805,7e5738fdbe68,2026-10-10T05:10:34Z
lam10,2022-12-01,otimizada,backtest,2023.0,2023-01-01,2023-12-01,0.148536,1.111111,79.047039,0.1,20.0,1.0,0.95,88658.472219,94703.485281,183361.95750000002,96362.946027,0.0,13.762903,4.0,1.0,51cf99b073fe,False,2401460842fc930c,4c02987d0270dd91639cdc410d801fe550710af9,ced97055ae21d929689dbdfc98ccb246bbc40805,7e5738fdbe68,2026-10-10T05:10:34Z
lam10,2022-12-01,pontual,backtest,2023.0,2023-01-01,2023-12-01,0.133682,1.0,79.047039,0.1,20.0,1.0,0.95,92245.790722,95885.841796,188131.632518,96246.805318,6.650387,0.0,3.0,0.9905,51cf99b073fe,False,2401460842fc930c,4c02987d0270dd91639cdc410d801fe550710af9,ced97055ae21d929689dbdfc98ccb246bbc40805,7e5738fdbe68,2026-10-10T05:10:34Z
lam10,2023-12-01,ingenua,backtest,2024.0,2024-01-01,2024-12-01,0.138963,0.943362,92.156061,0.1,20.0,1.0,0.95,119723.116899,128543.363464,248266.480363,117826.08923,1.217427,0.0,1.0,0.2415,51cf99b073fe,False,2401460842fc930c,4c02987d0270dd91639cdc410d801fe550710af9,ced97055ae21d929689dbdfc98ccb246bbc40805,7e5738fdbe68,2026-10-10T05:10:34Z
lam10,2023-12-01,otimizada,backtest,2024.0,2024-01-01,2024-12-01,0.163674,1.111111,92.156061,0.1,20.0,1.0,0.95,115908.55121,122443.503142,238352.054352,117930.218684,0.0,29.24671,6.0,0.5095,51cf99b073fe,False,2401460842fc930c,4c02987d0270dd91639cdc410d801fe550710af9,ced97055ae21d929689dbdfc98ccb246bbc40805,7e5738fdbe68,2026-10-10T05:10:34Z
lam10,2023-12-01,pontual,backtest,2024.0,2024-01-01,2024-12-01,0.147306,1.0,92.156061,0.1,20.0,1.0,0.95,118873.864511,123538.719542,242412.58405300003,117863.934239,0.0,0.0,0.0,0.2935,51cf99b073fe,False,2401460842fc930c,4c02987d0270dd91639cdc410d801fe550710af9,ced97055ae21d929689dbdfc98ccb246bbc40805,7e5738fdbe68,2026-10-10T05:10:34Z
lam10,2024-12-01,ingenua,backtest,2025.0,2025-01-01,2025-12-01,0.145601,0.997073,148.164976,0.1,20.0,1.0,0.95,190195.901692,204146.321902,394342.223594,187747.531056,4.77187,0.0,1.0,0.2965,51cf99b073fe,False,2401460842fc930c,4c02987d0270dd91639cdc410d801fe550710af9,ced97055ae21d929689dbdfc98ccb246bbc40805,7e5738fdbe68,2026-10-10T05:10:34Z
lam10,2024-12-01,otimizada,backtest,2025.0,2025-01-01,2025-12-01,0.162254,1.111111,148.164976,0.1,20.0,1.0,0.95,189321.463008,203427.595675,392749.058683,184405.198315,0.0,42.311557,8.0,0.173,51cf99b073fe,False,2401460842fc930c,4c02987d0270dd91639cdc410d801fe550710af9,ced97055ae21d929689dbdfc98ccb246bbc40805,7e5738fdbe68,2026-10-10T05:10:34Z
lam10,2024-12-01,pontual,backtest,2025.0,2025-01-01,2025-12-01,0.146029,1.0,148.164976,0.1,20.0,1.0,0.95,190188.302184,204071.769532,394260.071716,187764.578877,4.455889,0.0,1.0,0.2965,51cf99b073fe,False,2401460842fc930c,4c02987d0270dd91639cdc410d801fe550710af9,ced97055ae21d929689dbdfc98ccb246bbc40805,7e5738fdbe68,2026-10-10T05:10:34Z
pldsimples,2020-12-01,ingenua,backtest,2021.0,2021-01-01,2021-12-01,0.127339,0.965554,198.026084,0.1,20.0,0.5,0.95,227621.284952,235065.526991,345154.0484475,227692.52234,0.226632,0.0,1.0,0.4735,51cf99b073fe,False,091d7cab3e17cc7f,4c02987d0270dd91639cdc410d801fe550710af9,ced97055ae21d929689dbdfc98ccb246bbc40805,7e5738fdbe68,2026-10-10T05:10:34Z
pldsimples,2020-12-01,otimizada,backtest,2021.0,2021-01-01,2021-12-01,0.133081,1.009091,198.026084,0.1,20.0,0.5,0.95,227687.661563,234828.353949,345101.8385375,227712.114257,0.0,0.0,0.0,0.4805,51cf99b073fe,False,091d7cab3e17cc7f,4c02987d0270dd91639cdc410d801fe550710af9,ced97055ae21d929689dbdfc98ccb246bbc40805,7e5738fdbe68,2026-10-10T05:10:34Z
pldsimples,2020-12-01,pontual,backtest,2021.0,2021-01-01,2021-12-01,0.131882,1.0,198.026084,0.1,20.0,0.5,0.95,227676.135237,234859.614823,345105.94264850003,227712.114257,0.0,0.0,0.0,0.479,51cf99b073fe,False,091d7cab3e17cc7f,4c02987d0270dd91639cdc410d801fe550710af9,ced97055ae21d929689dbdfc98ccb246bbc40805,7e5738fdbe68,2026-10-10T05:10:34Z
pldsimples,2021-12-01,ingenua,backtest,2022.0,2022-01-01,2022-12-01,0.131268,0.990433,300.497643,0.1,20.0,0.5,0.95,347427.49122,357918.716269,526386.8493545001,349774.306038,2.939722,0.0,1.0,0.576,51cf99b073fe,False,091d7cab3e17cc7f,4c02987d0270dd91639cdc410d801fe550710af9,ced97055ae21d929689dbdfc98ccb246bbc40805,7e5738fdbe68,2026-10-10T05:10:34Z
pldsimples,2021-12-01,otimizada,backtest,2022.0,2022-01-01,2022-12-01,0.120487,0.909091,300.497643,0.1,20.0,0.5,0.95,345184.024449,356222.501722,523295.27531000006,344185.092869,25.901232,0.0,5.0,0.4035,51cf99b073fe,False,091d7cab3e17cc7f,4c02987d0270dd91639cdc410d801fe550710af9,ced97055ae21d929689dbdfc98ccb246bbc40805,7e5738fdbe68,2026-10-10T05:10:34Z
pldsimples,2021-12-01,pontual,backtest,2022.0,2022-01-01,2022-12-01,0.132536,1.0,300.497643,0.1,20.0,0.5,0.95,347493.849863,357997.645228,526492.6724769999,350028.331986,1.902025,0.0,1.0,0.576,51cf99b073fe,False,091d7cab3e17cc7f,4c02987d0270dd91639cdc410d801fe550710af9,ced97055ae21d929689dbdfc98ccb246bbc40805,7e5738fdbe68,2026-10-10T05:10:34Z
pldsimples,2022-12-01,ingenua,backtest,2023.0,2023-01-01,2023-12-01,0.133148,0.996007,79.047039,0.1,20.0,0.5,0.95,92278.320216,95932.152277,140244.3963545,96245.219508,7.946927,0.0,3.0,0.9875,51cf99b073fe,False,091d7cab3e17cc7f,4c02987d0270dd91639cdc410d801fe550710af9,ced97055ae21d929689dbdfc98ccb246bbc40805,7e5738fdbe68,2026-10-10T05:10:34Z
pldsimples,2022-12-01,otimizada,backtest,2023.0,2023-01-01,2023-12-01,0.148536,1.111111,79.047039,0.1,20.0,0.5,0.95,88808.475111,94371.536691,135994.2434565,96362.946027,0.0,13.762903,4.0,1.0,51cf99b073fe,False,091d7cab3e17cc7f,4c02987d0270dd91639cdc410d801fe550710af9,ced97055ae21d929689dbdfc98ccb246bbc40805,7e5738fdbe68,2026-10-10T05:10:34Z
pldsimples,2022-12-01,pontual,backtest,2023.0,2023-01-01,2023-12-01,0.133682,1.0,79.047039,0.1,20.0,0.5,0.95,92245.878672,95783.653972,140137.70565800002,96246.805318,6.650387,0.0,3.0,0.9895,51cf99b073fe,False,091d7cab3e17cc7f,4c02987d0270dd91639cdc410d801fe550710af9,ced97055ae21d929689dbdfc98ccb246bbc40805,7e5738fdbe68,2026-10-10T05:10:34Z
pldsimples,2023-12-01,ingenua,backtest,2024.0,2024-01-01,2024-12-01,0.138963,0.943362,92.156061,0.1,20.0,0.5,0.95,119777.46392,126882.480908,183218.704374,117826.08923,1.217427,0.0,1.0,0.231,51cf99b073fe,False,091d7cab3e17cc7f,4c02987d0270dd91639cdc410d801fe550710af9,ced97055ae21d929689dbdfc98ccb246bbc40805,7e5738fdbe68,2026-10-10T05:10:34Z
pldsimples,2023-12-01,otimizada,backtest,2024.0,2024-01-01,2024-12-01,0.163674,1.111111,92.156061,0.1,20.0,0.5,0.95,115796.006875,122135.86334,176863.938545,117930.218684,0.0,29.24671,6.0,0.6455,51cf99b073fe,False,091d7cab3e17cc7f,4c02987d0270dd91639cdc410d801fe550710af9,ced97055ae21d929689dbdfc98ccb246bbc40805,7e5738fdbe68,2026-10-10T05:10:34Z
pldsimples,2023-12-01,pontual,backtest,2024.0,2024-01-01,2024-12-01,0.147306,1.0,92.156061,0.1,20.0,0.5,0.95,118860.73378,123545.79312,180633.63034,117863.934239,0.0,0.0,0.0,0.2935,51cf99b073fe,False,091d7cab3e17cc7f,4c02987d0270dd91639cdc410d801fe550710af9,ced97055ae21d929689dbdfc98ccb246bbc40805,7e5738fdbe68,2026-10-10T05:10:34Z
pldsimples,2024-12-01,ingenua,backtest,2025.0,2025-01-01,2025-12-01,0.145601,0.997073,148.164976,0.1,20.0,0.5,0.95,190200.70947,203877.124349,292139.27164449997,187747.531056,4.77187,0.0,1.0,0.296,51cf99b073fe,False,091d7cab3e17cc7f,4c02987d0270dd91639cdc410d801fe550710af9,ced97055ae21d929689dbdfc98ccb246bbc40805,7e5738fdbe68,2026-10-10T05:10:34Z
pldsimples,2024-12-01,otimizada,backtest,2025.0,2025-01-01,2025-12-01,0.162254,1.111111,148.164976,0.1,20.0,0.5,0.95,189107.918487,203385.927943,290800.8824585,184405.198315,0.0,42.311557,8.0,0.186,51cf99b073fe,False,091d7cab3e17cc7f,4c02987d0270dd91639cdc410d801fe550710af9,ced97055ae21d929689dbdfc98ccb246bbc40805,7e5738fdbe68,2026-10-10T05:10:34Z
pldsimples,2024-12-01,pontual,backtest,2025.0,2025-01-01,2025-12-01,0.146029,1.0,148.164976,0.1,20.0,0.5,0.95,190187.774727,203812.927304,292094.238379,187764.578877,4.455889,0.0,1.0,0.2965,51cf99b073fe,False,091d7cab3e17cc7f,4c02987d0270dd91639cdc410d801fe550710af9,ced97055ae21d929689dbdfc98ccb246bbc40805,7e5738fdbe68,2026-10-10T05:10:34Z
rmax120,2020-12-01,ingenua,backtest,2021.0,2021-01-01,2021-12-01,0.127339,0.965554,198.026084,0.1,20.0,0.5,0.95,227591.211677,235044.544808,345113.48408100003,227692.52234,0.226632,0.0,1.0,0.48,51cf99b073fe,False,bbf0d691259035a9,4c02987d0270dd91639cdc410d801fe550710af9,ced97055ae21d929689dbdfc98ccb246bbc40805,7e5738fdbe68,2026-10-10T05:10:34Z
rmax120,2020-12-01,otimizada,backtest,2021.0,2021-01-01,2021-12-01,0.129784,0.984091,198.026084,0.1,20.0,0.5,0.95,227641.268586,234842.737916,345062.637544,227712.114257,0.0,0.0,0.0,0.476,51cf99b073fe,False,bbf0d691259035a9,4c02987d0270dd91639cdc410d801fe550710af9,ced97055ae21d929689dbdfc98ccb246bbc40805,7e5738fdbe68,2026-10-10T05:10:34Z
rmax120,2020-12-01,pontual,backtest,2021.0,2021-01-01,2021-12-01,0.131882,1.0,198.026084,0.1,20.0,0.5,0.95,227676.162688,234811.418718,345081.872047,227712.114257,0.0,0.0,0.0,0.4755,51cf99b073fe,False,bbf0d691259035a9,4c02987d0270dd91639cdc410d801fe550710af9,ced97055ae21d929689dbdfc98ccb246bbc40805,7e5738fdbe68,2026-10-10T05:10:34Z
rmax120,2021-12-01,ingenua,backtest,2022.0,2022-01-01,2022-12-01,0.131268,0.990433,300.497643,0.1,20.0,0.5,0.95,347414.733697,357976.592066,526403.0297300001,349774.306038,2.939722,0.0,1.0,0.575,51cf99b073fe,False,bbf0d691259035a9,4c02987d0270dd91639cdc410d801fe550710af9,ced97055ae21d929689dbdfc98ccb246bbc40805,7e5738fdbe68,2026-10-10T05:10:34Z
rmax120,2021-12-01,otimizada,backtest,2022.0,2022-01-01,2022-12-01,0.120487,0.909091,300.497643,0.1,20.0,0.5,0.95,344977.608819,359952.998517,524954.1080775,344185.092869,25.901232,0.0,5.0,0.4255,51cf99b073fe,False,bbf0d691259035a9,4c02987d0270dd91639cdc410d801fe550710af9,ced97055ae21d929689dbdfc98ccb246bbc40805,7e5738fdbe68,2026-10-10T05:10:34Z
rmax120,2021-12-01,pontual,backtest,2022.0,2022-01-01,2022-12-01,0.132536,1.0,300.497643,0.1,20.0,0.5,0.95,347485.009112,358029.44508,526499.731652,350028.331986,1.902025,0.0,1.0,0.576,51cf99b073fe,False,bbf0d691259035a9,4c02987d0270dd91639cdc410d801fe550710af9,ced97055ae21d929689dbdfc98ccb246bbc40805,7e5738fdbe68,2026-10-10T05:10:34Z
rmax120,2022-12-01,ingenua,backtest,2023.0,2023-01-01,2023-12-01,0.133148,0.996007,79.047039,0.1,20.0,0.5,0.95,92275.313999,96024.755103,140287.6915505,96245.219508,7.946927,0.0,3.0,0.9885,51cf99b073fe,False,bbf0d691259035a9,4c02987d0270dd91639cdc410d801fe550710af9,ced97055ae21d929689dbdfc98ccb246bbc40805,7e5738fdbe68,2026-10-10T05:10:34Z
rmax120,2022-12-01,otimizada,backtest,2023.0,2023-01-01,2023-12-01,0.160418,1.2,79.047039,0.1,20.0,0.5,0.95,79172.998185,94676.118723,126511.0575465,96805.480139,0.0,60.348038,7.0,1.0,51cf99b073fe,False,bbf0d691259035a9,4c02987d0270dd91639cdc410d801fe550710af9,ced97055ae21d929689dbdfc98ccb246bbc40805,7e5738fdbe68,2026-10-10T05:10:34Z
rmax120,2022-12-01,pontual,backtest,2023.0,2023-01-01,2023-12-01,0.133682,1.0,79.047039,0.1,20.0,0.5,0.95,92245.790722,95885.841796,140188.71162000002,96246.805318,6.650387,0.0,3.0,0.9905,51cf99b073fe,False,bbf0d691259035a9,4c02987d0270dd91639cdc410d801fe550710af9,ced97055ae21d929689dbdfc98ccb246bbc40805,7e5738fdbe68,2026-10-10T05:10:34Z
rmax120,2023-12-01,ingenua,backtest,2024.0,2024-01-01,2024-12-01,0.138963,0.943362,92.156061,0.1,20.0,0.5,0.95,119723.116899,128543.363464,183994.79863099998,117826.08923,1.217427,0.0,1.0,0.2415,51cf99b073fe,False,bbf0d691259035a9,4c02987d0270dd91639cdc410d801fe550710af9,ced97055ae21d929689dbdfc98ccb246bbc40805,7e5738fdbe68,2026-10-10T05:10:34Z
rmax120,2023-12-01,otimizada,backtest,2024.0,2024-01-01,2024-12-01,0.176767,1.2,92.156061,0.1,20.0,0.5,0.95,108098.029878,123799.684211,169997.8719835,114379.602928,0.0,118.492369,12.0,0.505,51cf99b073fe,False,bbf0d691259035a9,4c02987d0270dd91639cdc410d801fe550710af9,ced97055ae21d929689dbdfc98ccb246bbc40805,7e5738fdbe68,2026-10-10T05:10:34Z
rmax120,2023-12-01,pontual,backtest,2024.0,2024-01-01,2024-12-01,0.147306,1.0,92.156061,0.1,20.0,0.5,0.95,118873.864511,123538.719542,180643.224282,117863.934239,0.0,0.0,0.0,0.2935,51cf99b073fe,False,bbf0d691259035a9,4c02987d0270dd91639cdc410d801fe550710af9,ced97055ae21d929689dbdfc98ccb246bbc40805,7e5738fdbe68,2026-10-10T05:10:34Z
rmax120,2024-12-01,ingenua,backtest,2025.0,2025-01-01,2025-12-01,0.145601,0.997073,148.164976,0.1,20.0,0.5,0.95,190195.901692,204146.321902,292269.06264300004,187747.531056,4.77187,0.0,1.0,0.2965,51cf99b073fe,False,bbf0d691259035a9,4c02987d0270dd91639cdc410d801fe550710af9,ced97055ae21d929689dbdfc98ccb246bbc40805,7e5738fdbe68,2026-10-10T05:10:34Z
rmax120,2024-12-01,otimizada,backtest,2025.0,2025-01-01,2025-12-01,0.175234,1.2,148.164976,0.1,20.0,0.5,0.95,186720.910181,204498.617794,288970.219078,178073.846273,0.0,120.133367,10.0,0.2205,51cf99b073fe,False,bbf0d691259035a9,4c02987d0270dd91639cdc410d801fe550710af9,ced97055ae21d929689dbdfc98ccb246bbc40805,7e5738fdbe68,2026-10-10T05:10:34Z
rmax120,2024-12-01,pontual,backtest,2025.0,2025-01-01,2025-12-01,0.146029,1.0,148.164976,0.1,20.0,0.5,0.95,190188.302184,204071.769532,292224.18695,187764.578877,4.455889,0.0,1.0,0.2965,51cf99b073fe,False,bbf0d691259035a9,4c02987d0270dd91639cdc410d801fe550710af9,ced97055ae21d929689dbdfc98ccb246bbc40805,7e5738fdbe68,2026-10-10T05:10:34Z
spread00,2020-12-01,ingenua,backtest,2021.0,2021-01-01,2021-12-01,0.127339,0.965554,178.026084,0.1,0.0,0.5,0.95,204652.966794,211554.249625,310430.0916065,204698.861019,0.226632,0.0,1.0,0.4795,51cf99b073fe,False,d4798d06008b82ba,4c02987d0270dd91639cdc410d801fe550710af9,ced97055ae21d929689dbdfc98ccb246bbc40805,7e5738fdbe68,2026-10-10T05:10:34Z
spread00,2020-12-01,otimizada,backtest,2021.0,2021-01-01,2021-12-01,0.13407,1.016591,178.026084,0.1,0.0,0.5,0.95,204697.303728,211092.211088,310243.409272,204713.920292,0.0,0.0,0.0,0.485,51cf99b073fe,False,d4798d06008b82ba,4c02987d0270dd91639cdc410d801fe550710af9,ced97055ae21d929689dbdfc98ccb246bbc40805,7e5738fdbe68,2026-10-10T05:10:34Z
spread00,2020-12-01,pontual,backtest,2021.0,2021-01-01,2021-12-01,0.131882,1.0,178.026084,0.1,0.0,0.5,0.95,204681.142549,211156.316083,310259.3005905,204713.920292,0.0,0.0,0.0,0.475,51cf99b073fe,False,d4798d06008b82ba,4c02987d0270dd91639cdc410d801fe550710af9,ced97055ae21d929689dbdfc98ccb246bbc40805,7e5738fdbe68,2026-10-10T05:10:34Z
spread00,2021-12-01,ingenua,backtest,2022.0,2022-01-01,2022-12-01,0.131268,0.990433,280.497643,0.1,0.0,0.5,0.95,324300.861176,334228.428846,491415.075599,326505.533586,2.939722,0.0,1.0,0.575,51cf99b073fe,False,d4798d06008b82ba,4c02987d0270dd91639cdc410d801fe550710af9,ced97055ae21d929689dbdfc98ccb246bbc40805,7e5738fdbe68,2026-10-10T05:10:34Z
spread00,2021-12-01,otimizada,backtest,2022.0,2022-01-01,2022-12-01,0.121481,0.916591,280.497643,0.1,0.0,0.5,0.95,322687.063068,336163.746279,490768.93620750005,322259.554391,21.938665,0.0,5.0,0.4405,51cf99b073fe,False,d4798d06008b82ba,4c02987d0270dd91639cdc410d801fe550710af9,ced97055ae21d929689dbdfc98ccb246bbc40805,7e5738fdbe68,2026-10-10T05:10:34Z
spread00,2021-12-01,pontual,backtest,2022.0,2022-01-01,2022-12-01,0.132536,1.0,280.497643,0.1,0.0,0.5,0.95,324358.764263,334255.368227,491486.4483765,326738.80558,1.902025,0.0,1.0,0.577,51cf99b073fe,False,d4798d06008b82ba,4c02987d0270dd91639cdc410d801fe550710af9,ced97055ae21d929689dbdfc98ccb246bbc40805,7e5738fdbe68,2026-10-10T05:10:34Z
spread00,2022-12-01,ingenua,backtest,2023.0,2023-01-01,2023-12-01,0.133148,0.996007,59.047039,0.1,0.0,0.5,0.95,68949.283732,72149.693914,105024.130689,72057.839309,7.946927,0.0,3.0,0.9835,51cf99b073fe,False,d4798d06008b82ba,4c02987d0270dd91639cdc410d801fe550710af9,ced97055ae21d929689dbdfc98ccb246bbc40805,7e5738fdbe68,2026-10-10T05:10:34Z
spread00,2022-12-01,otimizada,backtest,2023.0,2023-01-01,2023-12-01,0.148536,1.111111,59.047039,0.1,0.0,0.5,0.95,64775.886091,70505.85515,100028.813666,71741.369232,0.0,13.762903,4.0,1.0,51cf99b073fe,False,d4798d06008b82ba,4c02987d0270dd91639cdc410d801fe550710af9,ced97055ae21d929689dbdfc98ccb246bbc40805,7e5738fdbe68,2026-10-10T05:10:34Z
spread00,2022-12-01,pontual,backtest,2023.0,2023-01-01,2023-12-01,0.133682,1.0,59.047039,0.1,0.0,0.5,0.95,68914.5793,71990.479171,104909.81888549999,72033.494318,6.650387,0.0,3.0,0.985,51cf99b073fe,False,d4798d06008b82ba,4c02987d0270dd91639cdc410d801fe550710af9,ced97055ae21d929689dbdfc98ccb246bbc40805,7e5738fdbe68,2026-10-10T05:10:34Z
spread00,2023-12-01,ingenua,backtest,2024.0,2024-01-01,2024-12-01,0.138963,0.943362,72.156061,0.1,0.0,0.5,0.95,94110.985109,102613.917313,145417.9437655,92271.233625,1.217427,0.0,1.0,0.2205,51cf99b073fe,False,d4798d06008b82ba,4c02987d0270dd91639cdc410d801fe550710af9,ced97055ae21d929689dbdfc98ccb246bbc40805,7e5738fdbe68,2026-10-10T05:10:34Z
spread00,2023-12-01,otimizada,backtest,2024.0,2024-01-01,2024-12-01,0.163674,1.111111,72.156061,0.1,0.0,0.5,0.95,89484.845126,95600.492199,137285.0912255,91766.080344,0.0,29.24671,6.0,0.5335,51cf99b073fe,False,d4798d06008b82ba,4c02987d0270dd91639cdc410d801fe550710af9,ced97055ae21d929689dbdfc98ccb246bbc40805,7e5738fdbe68,2026-10-10T05:10:34Z
spread00,2023-12-01,pontual,backtest,2024.0,2024-01-01,2024-12-01,0.147306,1.0,72.156061,0.1,0.0,0.5,0.95,93077.077082,97098.763376,141626.45877,92284.730094,0.0,0.0,0.0,0.2965,51cf99b073fe,False,d4798d06008b82ba,4c02987d0270dd91639cdc410d801fe550710af9,ced97055ae21d929689dbdfc98ccb246bbc40805,7e5738fdbe68,2026-10-10T05:10:34Z
spread00,2024-12-01,ingenua,backtest,2025.0,2025-01-01,2025-12-01,0.145601,0.997073,128.164976,0.1,0.0,0.5,0.95,164551.064827,176982.395532,253042.262593,162465.178305,4.77187,0.0,1.0,0.2965,51cf99b073fe,False,d4798d06008b82ba,4c02987d0270dd91639cdc410d801fe550710af9,ced97055ae21d929689dbdfc98ccb246bbc40805,7e5738fdbe68,2026-10-10T05:10:34Z
spread00,2024-12-01,otimizada,backtest,2025.0,2025-01-01,2025-12-01,0.162254,1.111111,128.164976,0.1,0.0,0.5,0.95,163106.472376,175923.650977,251068.2978645,158181.177016,0.0,42.311557,8.0,0.169,51cf99b073fe,False,d4798d06008b82ba,4c02987d0270dd91639cdc410d801fe550710af9,ced97055ae21d929689dbdfc98ccb246bbc40805,7e5738fdbe68,2026-10-10T05:10:34Z
spread00,2024-12-01,pontual,backtest,2025.0,2025-01-01,2025-12-01,0.146029,1.0,128.164976,0.1,0.0,0.5,0.95,164537.422561,176874.050189,252974.44765550003,162475.906514,4.455889,0.0,1.0,0.297,51cf99b073fe,False,d4798d06008b82ba,4c02987d0270dd91639cdc410d801fe550710af9,ced97055ae21d929689dbdfc98ccb246bbc40805,7e5738fdbe68,2026-10-10T05:10:34Z
spread40,2020-12-01,ingenua,backtest,2021.0,2021-01-01,2021-12-01,0.127339,0.965554,218.026084,0.1,40.0,0.5,0.95,250529.456561,258557.128761,379808.02094149997,250686.18366,0.226632,0.0,1.0,0.4805,51cf99b073fe,False,66d16fcc1d588567,4c02987d0270dd91639cdc410d801fe550710af9,ced97055ae21d929689dbdfc98ccb246bbc40805,7e5738fdbe68,2026-10-10T05:10:34Z
spread40,2020-12-01,otimizada,backtest,2021.0,2021-01-01,2021-12-01,0.127476,0.966591,218.026084,0.1,40.0,0.5,0.95,250535.517142,258545.195999,379808.1151415,250698.095282,0.114731,0.0,1.0,0.4805,51cf99b073fe,False,66d16fcc1d588567,4c02987d0270dd91639cdc410d801fe550710af9,ced97055ae21d929689dbdfc98ccb246bbc40805,7e5738fdbe68,2026-10-10T05:10:34Z
spread40,2020-12-01,pontual,backtest,2021.0,2021-01-01,2021-12-01,0.131882,1.0,218.026084,0.1,40.0,0.5,0.95,250671.182827,258467.239682,379904.802668,250710.308222,0.0,0.0,0.0,0.4775,51cf99b073fe,False,66d16fcc1d588567,4c02987d0270dd91639cdc410d801fe550710af9,ced97055ae21d929689dbdfc98ccb246bbc40805,7e5738fdbe68,2026-10-10T05:10:34Z
spread40,2021-12-01,ingenua,backtest,2022.0,2022-01-01,2022-12-01,0.131268,0.990433,320.497643,0.1,40.0,0.5,0.95,370528.606219,381727.339562,561392.2760000001,373043.07849,2.939722,0.0,1.0,0.575,51cf99b073fe,False,66d16fcc1d588567,4c02987d0270dd91639cdc410d801fe550710af9,ced97055ae21d929689dbdfc98ccb246bbc40805,7e5738fdbe68,2026-10-10T05:10:34Z
spread40,2021-12-01,otimizada,backtest,2022.0,2022-01-01,2022-12-01,0.120487,0.909091,320.497643,0.1,40.0,0.5,0.95,367664.659947,382889.293033,559109.3064635,366994.63513,25.901232,0.0,5.0,0.4265,51cf99b073fe,False,66d16fcc1d588567,4c02987d0270dd91639cdc410d801fe550710af9,ced97055ae21d929689dbdfc98ccb246bbc40805,7e5738fdbe68,2026-10-10T05:10:34Z
spread40,2021-12-01,pontual,backtest,2022.0,2022-01-01,2022-12-01,0.132536,1.0,320.497643,0.1,40.0,0.5,0.95,370611.253962,381808.628513,561515.5682185,373317.858392,1.902025,0.0,1.0,0.576,51cf99b073fe,False,66d16fcc1d588567,4c02987d0270dd91639cdc410d801fe550710af9,ced97055ae21d929689dbdfc98ccb246bbc40805,7e5738fdbe68,2026-10-10T05:10:34Z
spread40,2022-12-01,ingenua,backtest,2023.0,2023-01-01,2023-12-01,0.133148,0.996007,99.047039,0.1,40.0,0.5,0.95,115601.344267,119929.738344,175566.21343899998,120432.599707,7.946927,0.0,3.0,0.9915,51cf99b073fe,False,66d16fcc1d588567,4c02987d0270dd91639cdc410d801fe550710af9,ced97055ae21d929689dbdfc98ccb246bbc40805,7e5738fdbe68,2026-10-10T05:10:34Z
spread40,2022-12-01,otimizada,backtest,2023.0,2023-01-01,2023-12-01,0.148536,1.111111,99.047039,0.1,40.0,0.5,0.95,112541.058348,118919.56579,172000.841243,120984.522822,0.0,13.762903,4.0,1.0,51cf99b073fe,False,66d16fcc1d588567,4c02987d0270dd91639cdc410d801fe550710af9,ced97055ae21d929689dbdfc98ccb246bbc40805,7e5738fdbe68,2026-10-10T05:10:34Z
spread40,2022-12-01,pontual,backtest,2023.0,2023-01-01,2023-12-01,0.133682,1.0,99.047039,0.1,40.0,0.5,0.95,115577.002144,119814.799936,175484.40211199998,120460.116318,6.650387,0.0,3.0,0.9915,51cf99b073fe,False,66d16fcc1d588567,4c02987d0270dd91639cdc410d801fe550710af9,ced97055ae21d929689dbdfc98ccb246bbc40805,7e5738fdbe68,2026-10-10T05:10:34Z
spread40,2023-12-01,ingenua,backtest,2024.0,2024-01-01,2024-12-01,0.138963,0.943362,112.156061,0.1,40.0,0.5,0.95,145335.248689,154476.284664,222573.391021,143380.944836,1.217427,0.0,1.0,0.2505,51cf99b073fe,False,66d16fcc1d588567,4c02987d0270dd91639cdc410d801fe550710af9,ced97055ae21d929689dbdfc98ccb246bbc40805,7e5738fdbe68,2026-10-10T05:10:34Z
spread40,2023-12-01,otimizada,backtest,2024.0,2024-01-01,2024-12-01,0.163674,1.111111,112.156061,0.1,40.0,0.5,0.95,142332.257294,149290.906686,216977.710637,144094.357023,0.0,29.24671,6.0,0.4875,51cf99b073fe,False,66d16fcc1d588567,4c02987d0270dd91639cdc410d801fe550710af9,ced97055ae21d929689dbdfc98ccb246bbc40805,7e5738fdbe68,2026-10-10T05:10:34Z
spread40,2023-12-01,pontual,backtest,2024.0,2024-01-01,2024-12-01,0.147306,1.0,112.156061,0.1,40.0,0.5,0.95,144670.651939,150002.134417,219671.7191475,143443.138384,0.0,0.0,0.0,0.293,51cf99b073fe,False,66d16fcc1d588567,4c02987d0270dd91639cdc410d801fe550710af9,ced97055ae21d929689dbdfc98ccb246bbc40805,7e5738fdbe68,2026-10-10T05:10:34Z
spread40,2024-12-01,ingenua,backtest,2025.0,2025-01-01,2025-12-01,0.145601,0.997073,168.164976,0.1,40.0,0.5,0.95,215840.738558,231325.801249,331503.6391825,213029.883808,4.77187,0.0,1.0,0.296,51cf99b073fe,False,66d16fcc1d588567,4c02987d0270dd91639cdc410d801fe550710af9,ced97055ae21d929689dbdfc98ccb246bbc40805,7e5738fdbe68,2026-10-10T05:10:34Z
spread40,2024-12-01,otimizada,backtest,2025.0,2025-01-01,2025-12-01,0.162254,1.111111,168.164976,0.1,40.0,0.5,0.95,215536.45364,230931.540373,331002.2238265,210629.219613,0.0,42.311557,8.0,0.1815,51cf99b073fe,False,66d16fcc1d588567,4c02987d0270dd91639cdc410d801fe550710af9,ced97055ae21d929689dbdfc98ccb246bbc40805,7e5738fdbe68,2026-10-10T05:10:34Z
spread40,2024-12-01,pontual,backtest,2025.0,2025-01-01,2025-12-01,0.146029,1.0,168.164976,0.1,40.0,0.5,0.95,215839.181807,231283.817165,331481.09038949996,213053.25124,4.455889,0.0,1.0,0.296,51cf99b073fe,False,66d16fcc1d588567,4c02987d0270dd91639cdc410d801fe550710af9,ced97055ae21d929689dbdfc98ccb246bbc40805,7e5738fdbe68,2026-10-10T05:10:34Z
