run_id,run_type,estado_dag,inicio_utc,duracao_dag_s,task_id,estado_task,tentativas,duracao_task_s
scheduled__2026-10-09T21:00:00+00:00,scheduled,success,2026-10-10T16:38:12Z,114.4,ccee_ha_arquivo_novo,success,1,5.8
scheduled__2026-10-09T21:00:00+00:00,scheduled,success,2026-10-10T16:38:12Z,114.4,parametros_execucao,success,1,5.8
scheduled__2026-10-09T21:00:00+00:00,scheduled,success,2026-10-10T16:38:12Z,114.4,inmet_ha_arquivo_novo,success,1,5.8
scheduled__2026-10-09T21:00:00+00:00,scheduled,success,2026-10-10T16:38:12Z,114.4,ccee_ingestao,skipped,0,
scheduled__2026-10-09T21:00:00+00:00,scheduled,success,2026-10-10T16:38:12Z,114.4,inmet_ingestao,skipped,0,
scheduled__2026-10-09T21:00:00+00:00,scheduled,success,2026-10-10T16:38:12Z,114.4,ccee_registrar_estado,skipped,0,0.0
scheduled__2026-10-09T21:00:00+00:00,scheduled,success,2026-10-10T16:38:12Z,114.4,inmet_registrar_estado,skipped,0,0.0
scheduled__2026-10-09T21:00:00+00:00,scheduled,success,2026-10-10T16:38:12Z,114.4,ons_ingestao,success,1,20.5
scheduled__2026-10-09T21:00:00+00:00,scheduled,success,2026-10-10T16:38:12Z,114.4,selecao_dbt,success,1,0.2
scheduled__2026-10-09T21:00:00+00:00,scheduled,success,2026-10-10T16:38:12Z,114.4,freshness_ons,success,1,8.4
scheduled__2026-10-09T21:00:00+00:00,scheduled,success,2026-10-10T16:38:12Z,114.4,dbt_run,success,1,33.6
scheduled__2026-10-09T21:00:00+00:00,scheduled,success,2026-10-10T16:38:12Z,114.4,dbt_test,success,1,35.7
scheduled__2026-10-09T21:00:00+00:00,scheduled,success,2026-10-10T16:38:12Z,114.4,freshness_manuais,success,1,10.8
scheduled__2026-10-09T21:00:00+00:00,scheduled,success,2026-10-10T16:38:12Z,114.4,previsao_ha_mes_novo,success,1,5.2
scheduled__2026-10-09T21:00:00+00:00,scheduled,success,2026-10-10T16:38:12Z,114.4,previsao_mensal,skipped,0,
scheduled__2026-10-09T21:00:00+00:00,scheduled,success,2026-10-10T16:38:12Z,114.4,pipeline_ok,success,1,0.0
manual__normal_20261008T035743,manual,success,2026-10-08T03:57:47Z,114.4,parametros_execucao,success,1,0.2
manual__normal_20261008T035743,manual,success,2026-10-08T03:57:47Z,114.4,inmet_ha_arquivo_novo,success,1,0.2
manual__normal_20261008T035743,manual,success,2026-10-08T03:57:47Z,114.4,ccee_ha_arquivo_novo,success,1,0.2
manual__normal_20261008T035743,manual,success,2026-10-08T03:57:47Z,114.4,ccee_ingestao,skipped,0,
manual__normal_20261008T035743,manual,success,2026-10-08T03:57:47Z,114.4,inmet_ingestao,skipped,0,
manual__normal_20261008T035743,manual,success,2026-10-08T03:57:47Z,114.4,ccee_registrar_estado,skipped,0,0.0
manual__normal_20261008T035743,manual,success,2026-10-08T03:57:47Z,114.4,inmet_registrar_estado,skipped,0,0.0
manual__normal_20261008T035743,manual,success,2026-10-08T03:57:47Z,114.4,ons_ingestao,success,1,16.8
manual__normal_20261008T035743,manual,success,2026-10-08T03:57:47Z,114.4,selecao_dbt,success,1,0.2
manual__normal_20261008T035743,manual,success,2026-10-08T03:57:47Z,114.4,freshness_ons,success,1,7.6
manual__normal_20261008T035743,manual,success,2026-10-08T03:57:47Z,114.4,dbt_run,success,1,26.8
manual__normal_20261008T035743,manual,success,2026-10-08T03:57:47Z,114.4,dbt_test,success,1,29.4
manual__normal_20261008T035743,manual,success,2026-10-08T03:57:47Z,114.4,freshness_manuais,success,1,10.4
manual__normal_20261008T035743,manual,success,2026-10-08T03:57:47Z,114.4,previsao_ha_mes_novo,success,1,5.7
manual__normal_20261008T035743,manual,success,2026-10-08T03:57:47Z,114.4,previsao_mensal,success,1,22.3
manual__normal_20261008T035743,manual,success,2026-10-08T03:57:47Z,114.4,pipeline_ok,success,1,0.0
manual__normal_20261008T033039,manual,success,2026-10-08T03:30:41Z,126.4,ccee_ha_arquivo_novo,success,1,0.3
manual__normal_20261008T033039,manual,success,2026-10-08T03:30:41Z,126.4,inmet_ha_arquivo_novo,success,1,0.3
manual__normal_20261008T033039,manual,success,2026-10-08T03:30:41Z,126.4,parametros_execucao,success,1,0.2
manual__normal_20261008T033039,manual,success,2026-10-08T03:30:41Z,126.4,inmet_ingestao,skipped,0,
manual__normal_20261008T033039,manual,success,2026-10-08T03:30:41Z,126.4,ccee_ingestao,skipped,0,
manual__normal_20261008T033039,manual,success,2026-10-08T03:30:41Z,126.4,ccee_registrar_estado,skipped,0,0.0
manual__normal_20261008T033039,manual,success,2026-10-08T03:30:41Z,126.4,inmet_registrar_estado,skipped,0,0.0
manual__normal_20261008T033039,manual,success,2026-10-08T03:30:41Z,126.4,ons_ingestao,success,1,20.0
manual__normal_20261008T033039,manual,success,2026-10-08T03:30:41Z,126.4,selecao_dbt,success,1,0.2
manual__normal_20261008T033039,manual,success,2026-10-08T03:30:41Z,126.4,freshness_ons,success,1,7.5
manual__normal_20261008T033039,manual,success,2026-10-08T03:30:41Z,126.4,dbt_run,success,1,32.9
manual__normal_20261008T033039,manual,success,2026-10-08T03:30:41Z,126.4,freshness_manuais,success,1,11.2
manual__normal_20261008T033039,manual,success,2026-10-08T03:30:41Z,126.4,dbt_test,success,1,32.2
manual__normal_20261008T033039,manual,success,2026-10-08T03:30:41Z,126.4,previsao_ha_mes_novo,success,1,4.5
manual__normal_20261008T033039,manual,success,2026-10-08T03:30:41Z,126.4,previsao_mensal,success,1,20.8
manual__normal_20261008T033039,manual,success,2026-10-08T03:30:41Z,126.4,pipeline_ok,success,1,0.0
manual__falha_20261008T032754,manual,failed,2026-10-08T03:27:57Z,88.3,ccee_ha_arquivo_novo,success,1,0.3
manual__falha_20261008T032754,manual,failed,2026-10-08T03:27:57Z,88.3,inmet_ha_arquivo_novo,success,1,0.2
manual__falha_20261008T032754,manual,failed,2026-10-08T03:27:57Z,88.3,parametros_execucao,success,1,0.2
manual__falha_20261008T032754,manual,failed,2026-10-08T03:27:57Z,88.3,inmet_ingestao,skipped,0,
manual__falha_20261008T032754,manual,failed,2026-10-08T03:27:57Z,88.3,ccee_ingestao,skipped,0,
manual__falha_20261008T032754,manual,failed,2026-10-08T03:27:57Z,88.3,ccee_registrar_estado,skipped,0,0.0
manual__falha_20261008T032754,manual,failed,2026-10-08T03:27:57Z,88.3,inmet_registrar_estado,skipped,0,0.0
manual__falha_20261008T032754,manual,failed,2026-10-08T03:27:57Z,88.3,ons_ingestao,success,1,16.4
manual__falha_20261008T032754,manual,failed,2026-10-08T03:27:57Z,88.3,selecao_dbt,success,1,0.2
manual__falha_20261008T032754,manual,failed,2026-10-08T03:27:57Z,88.3,freshness_ons,success,1,7.1
manual__falha_20261008T032754,manual,failed,2026-10-08T03:27:57Z,88.3,dbt_run,success,1,30.5
manual__falha_20261008T032754,manual,failed,2026-10-08T03:27:57Z,88.3,dbt_test,failed,1,28.9
manual__falha_20261008T032754,manual,failed,2026-10-08T03:27:57Z,88.3,freshness_manuais,success,1,10.1
manual__falha_20261008T032754,manual,failed,2026-10-08T03:27:57Z,88.3,pipeline_ok,upstream_failed,0,0.0
manual__falha_20261008T032754,manual,failed,2026-10-08T03:27:57Z,88.3,previsao_ha_mes_novo,upstream_failed,0,0.0
manual__falha_20261008T032754,manual,failed,2026-10-08T03:27:57Z,88.3,previsao_mensal,upstream_failed,0,0.0
manual__normal_20261008T032554,manual,success,2026-10-08T03:25:56Z,102.5,ccee_ha_arquivo_novo,success,1,3.6
manual__normal_20261008T032554,manual,success,2026-10-08T03:25:56Z,102.5,inmet_ha_arquivo_novo,success,1,3.6
manual__normal_20261008T032554,manual,success,2026-10-08T03:25:56Z,102.5,parametros_execucao,success,1,3.6
manual__normal_20261008T032554,manual,success,2026-10-08T03:25:56Z,102.5,inmet_ingestao,skipped,0,
manual__normal_20261008T032554,manual,success,2026-10-08T03:25:56Z,102.5,ccee_ingestao,skipped,0,
manual__normal_20261008T032554,manual,success,2026-10-08T03:25:56Z,102.5,ccee_registrar_estado,skipped,0,0.0
manual__normal_20261008T032554,manual,success,2026-10-08T03:25:56Z,102.5,inmet_registrar_estado,skipped,0,0.0
manual__normal_20261008T032554,manual,success,2026-10-08T03:25:56Z,102.5,ons_ingestao,success,1,20.2
manual__normal_20261008T032554,manual,success,2026-10-08T03:25:56Z,102.5,selecao_dbt,success,1,0.2
manual__normal_20261008T032554,manual,success,2026-10-08T03:25:56Z,102.5,freshness_ons,success,1,9.6
manual__normal_20261008T032554,manual,success,2026-10-08T03:25:56Z,102.5,dbt_run,success,1,31.0
manual__normal_20261008T032554,manual,success,2026-10-08T03:25:56Z,102.5,freshness_manuais,success,1,10.3
manual__normal_20261008T032554,manual,success,2026-10-08T03:25:56Z,102.5,dbt_test,success,1,28.6
manual__normal_20261008T032554,manual,success,2026-10-08T03:25:56Z,102.5,previsao_ha_mes_novo,success,1,4.8
manual__normal_20261008T032554,manual,success,2026-10-08T03:25:56Z,102.5,previsao_mensal,skipped,0,
manual__normal_20261008T032554,manual,success,2026-10-08T03:25:56Z,102.5,pipeline_ok,success,1,0.0
scheduled__2026-10-07T21:00:00+00:00,scheduled,success,2026-10-07T21:00:00Z,131.8,parametros_execucao,success,1,6.7
scheduled__2026-10-07T21:00:00+00:00,scheduled,success,2026-10-07T21:00:00Z,131.8,inmet_ha_arquivo_novo,success,1,6.8
scheduled__2026-10-07T21:00:00+00:00,scheduled,success,2026-10-07T21:00:00Z,131.8,ccee_ha_arquivo_novo,success,1,6.8
scheduled__2026-10-07T21:00:00+00:00,scheduled,success,2026-10-07T21:00:00Z,131.8,inmet_ingestao,skipped,0,
scheduled__2026-10-07T21:00:00+00:00,scheduled,success,2026-10-07T21:00:00Z,131.8,ccee_ingestao,skipped,0,
scheduled__2026-10-07T21:00:00+00:00,scheduled,success,2026-10-07T21:00:00Z,131.8,ccee_registrar_estado,skipped,0,0.0
scheduled__2026-10-07T21:00:00+00:00,scheduled,success,2026-10-07T21:00:00Z,131.8,inmet_registrar_estado,skipped,0,0.0
scheduled__2026-10-07T21:00:00+00:00,scheduled,success,2026-10-07T21:00:00Z,131.8,ons_ingestao,success,1,28.5
scheduled__2026-10-07T21:00:00+00:00,scheduled,success,2026-10-07T21:00:00Z,131.8,selecao_dbt,success,1,0.3
scheduled__2026-10-07T21:00:00+00:00,scheduled,success,2026-10-07T21:00:00Z,131.8,freshness_ons,success,1,14.9
scheduled__2026-10-07T21:00:00+00:00,scheduled,success,2026-10-07T21:00:00Z,131.8,dbt_run,success,1,40.8
scheduled__2026-10-07T21:00:00+00:00,scheduled,success,2026-10-07T21:00:00Z,131.8,freshness_manuais,success,1,13.7
scheduled__2026-10-07T21:00:00+00:00,scheduled,success,2026-10-07T21:00:00Z,131.8,dbt_test,success,1,35.9
scheduled__2026-10-07T21:00:00+00:00,scheduled,success,2026-10-07T21:00:00Z,131.8,pipeline_ok,success,1,0.0
manual__passo8_falha_20261007T045457,manual,failed,2026-10-07T04:55:00Z,82.1,ccee_ha_arquivo_novo,success,1,0.2
manual__passo8_falha_20261007T045457,manual,failed,2026-10-07T04:55:00Z,82.1,parametros_execucao,success,1,0.2
manual__passo8_falha_20261007T045457,manual,failed,2026-10-07T04:55:00Z,82.1,inmet_ha_arquivo_novo,success,1,0.2
manual__passo8_falha_20261007T045457,manual,failed,2026-10-07T04:55:00Z,82.1,ccee_ingestao,skipped,0,
manual__passo8_falha_20261007T045457,manual,failed,2026-10-07T04:55:00Z,82.1,inmet_ingestao,skipped,0,
manual__passo8_falha_20261007T045457,manual,failed,2026-10-07T04:55:00Z,82.1,ccee_registrar_estado,skipped,0,0.0
manual__passo8_falha_20261007T045457,manual,failed,2026-10-07T04:55:00Z,82.1,inmet_registrar_estado,skipped,0,0.0
manual__passo8_falha_20261007T045457,manual,failed,2026-10-07T04:55:00Z,82.1,ons_ingestao,success,1,17.6
manual__passo8_falha_20261007T045457,manual,failed,2026-10-07T04:55:00Z,82.1,selecao_dbt,success,1,0.2
manual__passo8_falha_20261007T045457,manual,failed,2026-10-07T04:55:00Z,82.1,freshness_ons,success,1,7.4
manual__passo8_falha_20261007T045457,manual,failed,2026-10-07T04:55:00Z,82.1,dbt_run,success,1,31.3
manual__passo8_falha_20261007T045457,manual,failed,2026-10-07T04:55:00Z,82.1,freshness_manuais,success,1,9.9
manual__passo8_falha_20261007T045457,manual,failed,2026-10-07T04:55:00Z,82.1,dbt_test,failed,1,20.2
manual__passo8_falha_20261007T045457,manual,failed,2026-10-07T04:55:00Z,82.1,pipeline_ok,upstream_failed,0,0.0
manual__passo8_backfill_20261007T045025,manual,success,2026-10-07T04:50:27Z,75.3,ccee_ha_arquivo_novo,success,1,0.2
manual__passo8_backfill_20261007T045025,manual,success,2026-10-07T04:50:27Z,75.3,inmet_ha_arquivo_novo,success,1,0.2
manual__passo8_backfill_20261007T045025,manual,success,2026-10-07T04:50:27Z,75.3,parametros_execucao,success,1,0.2
manual__passo8_backfill_20261007T045025,manual,success,2026-10-07T04:50:27Z,75.3,ccee_ingestao,skipped,0,
manual__passo8_backfill_20261007T045025,manual,success,2026-10-07T04:50:27Z,75.3,inmet_ingestao,skipped,0,
manual__passo8_backfill_20261007T045025,manual,success,2026-10-07T04:50:27Z,75.3,ccee_registrar_estado,skipped,0,0.0
manual__passo8_backfill_20261007T045025,manual,success,2026-10-07T04:50:27Z,75.3,inmet_registrar_estado,skipped,0,0.0
manual__passo8_backfill_20261007T045025,manual,success,2026-10-07T04:50:27Z,75.3,ons_ingestao,success,1,10.6
manual__passo8_backfill_20261007T045025,manual,success,2026-10-07T04:50:27Z,75.3,selecao_dbt,success,1,0.2
manual__passo8_backfill_20261007T045025,manual,success,2026-10-07T04:50:27Z,75.3,freshness_ons,success,1,7.3
manual__passo8_backfill_20261007T045025,manual,success,2026-10-07T04:50:27Z,75.3,dbt_run,success,1,30.8
manual__passo8_backfill_20261007T045025,manual,success,2026-10-07T04:50:27Z,75.3,dbt_test,success,1,20.7
manual__passo8_backfill_20261007T045025,manual,success,2026-10-07T04:50:27Z,75.3,freshness_manuais,success,1,10.2
manual__passo8_backfill_20261007T045025,manual,success,2026-10-07T04:50:27Z,75.3,pipeline_ok,success,1,0.0
manual__passo8_normal_20261007T044802,manual,success,2026-10-07T04:48:05Z,93.4,ccee_ha_arquivo_novo,success,1,3.5
manual__passo8_normal_20261007T044802,manual,success,2026-10-07T04:48:05Z,93.4,inmet_ha_arquivo_novo,success,1,3.5
manual__passo8_normal_20261007T044802,manual,success,2026-10-07T04:48:05Z,93.4,parametros_execucao,success,1,3.5
manual__passo8_normal_20261007T044802,manual,success,2026-10-07T04:48:05Z,93.4,inmet_ingestao,skipped,0,
manual__passo8_normal_20261007T044802,manual,success,2026-10-07T04:48:05Z,93.4,ccee_ingestao,skipped,0,
manual__passo8_normal_20261007T044802,manual,success,2026-10-07T04:48:05Z,93.4,ccee_registrar_estado,skipped,0,0.0
manual__passo8_normal_20261007T044802,manual,success,2026-10-07T04:48:05Z,93.4,inmet_registrar_estado,skipped,0,0.0
manual__passo8_normal_20261007T044802,manual,success,2026-10-07T04:48:05Z,93.4,ons_ingestao,success,1,19.6
manual__passo8_normal_20261007T044802,manual,success,2026-10-07T04:48:05Z,93.4,selecao_dbt,success,1,0.2
manual__passo8_normal_20261007T044802,manual,success,2026-10-07T04:48:05Z,93.4,freshness_ons,success,1,9.6
manual__passo8_normal_20261007T044802,manual,success,2026-10-07T04:48:05Z,93.4,dbt_run,success,1,35.7
manual__passo8_normal_20261007T044802,manual,success,2026-10-07T04:48:05Z,93.4,freshness_manuais,success,1,10.0
manual__passo8_normal_20261007T044802,manual,success,2026-10-07T04:48:05Z,93.4,dbt_test,success,1,20.1
manual__passo8_normal_20261007T044802,manual,success,2026-10-07T04:48:05Z,93.4,pipeline_ok,success,1,0.0
manual__2026-10-06T22:12:05.158514+00:00,manual,failed,2026-10-06T22:12:05Z,348.3,inmet_ha_arquivo_novo,success,1,0.2
manual__2026-10-06T22:12:05.158514+00:00,manual,failed,2026-10-06T22:12:05Z,348.3,ccee_ha_arquivo_novo,success,1,0.2
manual__2026-10-06T22:12:05.158514+00:00,manual,failed,2026-10-06T22:12:05Z,348.3,ons_ingestao,success,1,232.3
manual__2026-10-06T22:12:05.158514+00:00,manual,failed,2026-10-06T22:12:05Z,348.3,ccee_ingestao,skipped,0,
manual__2026-10-06T22:12:05.158514+00:00,manual,failed,2026-10-06T22:12:05Z,348.3,inmet_ingestao,skipped,0,
manual__2026-10-06T22:12:05.158514+00:00,manual,failed,2026-10-06T22:12:05Z,348.3,ccee_registrar_estado,skipped,0,0.0
manual__2026-10-06T22:12:05.158514+00:00,manual,failed,2026-10-06T22:12:05Z,348.3,inmet_registrar_estado,skipped,0,0.0
manual__2026-10-06T22:12:05.158514+00:00,manual,failed,2026-10-06T22:12:05Z,348.3,freshness_ons,success,1,8.4
manual__2026-10-06T22:12:05.158514+00:00,manual,failed,2026-10-06T22:12:05Z,348.3,dbt_run,success,1,32.7
manual__2026-10-06T22:12:05.158514+00:00,manual,failed,2026-10-06T22:12:05Z,348.3,dbt_test,failed,1,71.7
manual__2026-10-06T22:12:05.158514+00:00,manual,failed,2026-10-06T22:12:05Z,348.3,freshness_manuais,success,1,9.3
manual__2026-10-06T22:12:05.158514+00:00,manual,failed,2026-10-06T22:12:05Z,348.3,pipeline_ok,upstream_failed,0,0.0
scheduled__2026-10-06T21:00:00+00:00,scheduled,success,2026-10-06T21:57:36Z,401.4,ons_ingestao,success,1,262.2
scheduled__2026-10-06T21:00:00+00:00,scheduled,success,2026-10-06T21:57:36Z,401.4,ccee_ha_arquivo_novo,success,1,3.7
scheduled__2026-10-06T21:00:00+00:00,scheduled,success,2026-10-06T21:57:36Z,401.4,inmet_ha_arquivo_novo,success,1,3.7
scheduled__2026-10-06T21:00:00+00:00,scheduled,success,2026-10-06T21:57:36Z,401.4,inmet_ingestao,skipped,0,
scheduled__2026-10-06T21:00:00+00:00,scheduled,success,2026-10-06T21:57:36Z,401.4,ccee_ingestao,skipped,0,
scheduled__2026-10-06T21:00:00+00:00,scheduled,success,2026-10-06T21:57:36Z,401.4,ccee_registrar_estado,skipped,0,0.0
scheduled__2026-10-06T21:00:00+00:00,scheduled,success,2026-10-06T21:57:36Z,401.4,inmet_registrar_estado,skipped,0,0.0
scheduled__2026-10-06T21:00:00+00:00,scheduled,success,2026-10-06T21:57:36Z,401.4,freshness_ons,success,1,10.7
scheduled__2026-10-06T21:00:00+00:00,scheduled,success,2026-10-06T21:57:36Z,401.4,dbt_run,success,1,36.5
scheduled__2026-10-06T21:00:00+00:00,scheduled,success,2026-10-06T21:57:36Z,401.4,freshness_manuais,success,1,7.9
scheduled__2026-10-06T21:00:00+00:00,scheduled,success,2026-10-06T21:57:36Z,401.4,dbt_test,success,1,88.2
scheduled__2026-10-06T21:00:00+00:00,scheduled,success,2026-10-06T21:57:36Z,401.4,pipeline_ok,success,1,0.0
